Sample Event,Sample_date,Arrival_date,Process_date,Region,Farm,Latitude,Longitude,Bag,Bag_Tag_Color,Oyster_age,Oyster_number,Shell_height_mm,Shell_length_mm,Shell_depth_mm,Whole_weight_g,Meat_weight_g,Falcon_Tube Weight (w/Cap)_g,Falcon_Tube_Weight (w/Oyster)_g,Tube_label (EVOS_Farm_Oyster#_Bag#_Date Processed_Age Class),Notes,,,,,,,,,,,,,
1,9/6/2024,9/10/2024,9/16/2024,Kodiak,KIS1,57.76711,-152.41043,519,Yellow,Subadult,154,60,30,17,23.1,4.1,6.5,,EVOS_KIS1_154_519_9/16/24_Subadult,,,,,,,,,,,,,,
1,9/6/2024,9/10/2024,9/16/2024,Kodiak,KIS1,57.76711,-152.41043,519,Yellow,Subadult,155,56,26,19,23.7,6.5,6.5,,EVOS_KIS1_155_519_9/16/24_Subadult,,,,,,,,,,,,,,
1,9/6/2024,9/10/2024,9/16/2024,Kodiak,KIS1,57.76711,-152.41043,519,Yellow,Subadult,156,53,36,19,26.2,6.5,6.5,,EVOS_KIS1_156_519_9/16/24_Subadult,,,,,,,,,,,,,,
1,9/6/2024,9/10/2024,9/16/2024,Kodiak,KIS1,57.76711,-152.41043,519,Yellow,Subadult,157,47,31,16,17.9,4.2,6.5,,EVOS_KIS1_157_519_9/16/24_Subadult,,,,,,,,,,,,,,
1,9/6/2024,9/10/2024,9/16/2024,Kodiak,KIS1,57.76711,-152.41043,519,Yellow,Subadult,158,59,27,20,16,Dead,6.5,,,Assumed to have died in transport. Shell was still closed. ,,,,,,,,,,,,,
1,9/6/2024,9/10/2024,9/16/2024,Kodiak,KIS1,57.76711,-152.41043,519,Yellow,Subadult,159,49,32,19,21.9,4.9,6.5,,,,,,,,,,,,,,,,
1,9/6/2024,9/10/2024,9/16/2024,Kodiak,KIS1,57.76711,-152.41043,519,Yellow,Subadult,160,50,30,13,13.5,3,6.5,,,,,,,,,,,,,,,,
1,9/6/2024,9/10/2024,9/16/2024,Kodiak,KIS1,57.76711,-152.41043,520,Yellow,Subadult,161,60,41,22,28.3,6.7,6.5,,EVOS_KIS1_161_520_9/16/24_Subadult,Bag 520 had heavy barancles ,,,,,,,,,,,,,
1,9/6/2024,9/10/2024,9/16/2024,Kodiak,KIS1,57.76711,-152.41043,520,Yellow,Subadult,162,46,30,20,18.6,3.7,6.5,,EVOS_KIS1_162_520_9/16/24_Subadult,,,,,,,,,,,,,,
1,9/6/2024,9/10/2024,9/16/2024,Kodiak,KIS1,57.76711,-152.41043,520,Yellow,Subadult,163,56,37,18,25.5,5.7,6.5,,EVOS_KIS1_163_520_9/16/24_Subadult,,,,,,,,,,,,,,
1,9/6/2024,9/10/2024,9/16/2024,Kodiak,KIS1,57.76711,-152.41043,520,Yellow,Subadult,164,49,40,18,18.1,5.1,6.5,,EVOS_KIS1_164_520_9/16/24_Subadult,,,,,,,,,,,,,,
1,9/6/2024,9/10/2024,9/16/2024,Kodiak,KIS1,57.76711,-152.41043,520,Yellow,Subadult,165,60,37,21,34.9,8.6,6.5,,,,,,,,,,,,,,,,
1,9/6/2024,9/10/2024,9/16/2024,Kodiak,KIS1,57.76711,-152.41043,520,Yellow,Subadult,166,63,34,23,39.3,9.8,6.5,,,,,,,,,,,,,,,,
1,9/6/2024,9/10/2024,9/16/2024,Kodiak,KIS1,57.76711,-152.41043,520,Yellow,Subadult,167,56,44,23,29.5,7.4,6.5,,,,,,,,,,,,,,,,
1,9/6/2024,9/10/2024,9/16/2024,Kodiak,KIS1,57.76711,-152.41043,521,Yellow,Subadult,168,64,33,15,23.2,6.2,6.5,,EVOS_KIS1_168_521_9/16/24_Subadult,,,,,,,,,,,,,,
1,9/6/2024,9/10/2024,9/16/2024,Kodiak,KIS1,57.76711,-152.41043,521,Yellow,Subadult,169,45,29,13,12.2,3.2,6.5,,EVOS_KIS1_169_521_9/16/24_Subadult,,,,,,,,,,,,,,
1,9/6/2024,9/10/2024,9/16/2024,Kodiak,KIS1,57.76711,-152.41043,521,Yellow,Subadult,170,54,40,19,25.1,6,6.5,,EVOS_KIS1_170_521_9/16/24_Subadult,,,,,,,,,,,,,,
1,9/6/2024,9/10/2024,9/16/2024,Kodiak,KIS1,57.76711,-152.41043,521,Yellow,Subadult,171,42,35,20,18,4.2,6.5,,EVOS_KIS1_171_521_9/16/24_Subadult,,,,,,,,,,,,,,
1,9/6/2024,9/10/2024,9/16/2024,Kodiak,KIS1,57.76711,-152.41043,521,Yellow,Subadult,172,41,29,15,12.6,3.5,6.5,,,,,,,,,,,,,,,,
1,9/6/2024,9/10/2024,9/16/2024,Kodiak,KIS1,57.76711,-152.41043,521,Yellow,Subadult,173,46,36,25,27.3,6.7,6.5,,,,,,,,,,,,,,,,
1,9/6/2024,9/10/2024,9/16/2024,Kodiak,KIS1,57.76711,-152.41043,521,Yellow,Subadult,174,50,32,22,24.1,6.6,6.5,,,,,,,,,,,,,,,,
1,9/6/2024,9/10/2024,9/16/2024,Kodiak,KIS1,57.76711,-152.41043,219,Orange,Juvenile,175,34,28,11,5.7,0.9,6.5,,EVOS_KIS1_175-179_219_9/16/24_Juvenile,Oysters appear full and ripe. (1mm was added to all calpar measurements due to calipar error),,,,,,,,,,,,,
1,9/6/2024,9/10/2024,9/16/2024,Kodiak,KIS1,57.76711,-152.41043,219,Orange,Juvenile,176,39,26,12,7.1,1.3,6.5,,EVOS_KIS1_175-179_219_9/16/24_Juvenile,"1mm was added to all calipar measurements due to calipar error (height, weight, and depth)",,,,,,,,,,,,,
1,9/6/2024,9/10/2024,9/16/2024,Kodiak,KIS1,57.76711,-152.41043,219,Orange,Juvenile,177,31,27,11,4.8,0.8,6.5,,EVOS_KIS1_175-179_219_9/16/24_Juvenile,"1mm was added to all calipar measurements due to calipar error (height, weight, and depth)",,,,,,,,,,,,,
1,9/6/2024,9/10/2024,9/16/2024,Kodiak,KIS1,57.76711,-152.41043,219,Orange,Juvenile,178,37,28,11,6.3,1.1,6.5,,EVOS_KIS1_175-179_219_9/16/24_Juvenile,"1mm was added to all calipar measurements due to calipar error (height, weight, and depth)",,,,,,,,,,,,,
1,9/6/2024,9/10/2024,9/16/2024,Kodiak,KIS1,57.76711,-152.41043,219,Orange,Juvenile,179,38,30,14,9.2,1.8,6.5,,EVOS_KIS1_175-179_219_9/16/24_Juvenile,"1mm was added to all calipar measurements due to calipar error (height, weight, and depth)",,,,,,,,,,,,,
1,9/6/2024,9/10/2024,9/16/2024,Kodiak,KIS1,57.76711,-152.41043,219,Orange,Juvenile,180,40,26,12,7.1,1.2,6.5,,EVOS_KIS1_180-184_219_9/16/24_Juvenile,"1mm was added to all calipar measurements due to calipar error (height, weight, and depth)",,,,,,,,,,,,,
1,9/6/2024,9/10/2024,9/16/2024,Kodiak,KIS1,57.76711,-152.41043,219,Orange,Juvenile,181,41,28,14,7,1.4,6.5,,EVOS_KIS1_180-184_219_9/16/24_Juvenile,"1mm was added to all calipar measurements due to calipar error (height, weight, and depth)",,,,,,,,,,,,,
1,9/6/2024,9/10/2024,9/16/2024,Kodiak,KIS1,57.76711,-152.41043,219,Orange,Juvenile,182,34,23,11,4.8,0.8,6.5,,EVOS_KIS1_180-184_219_9/16/24_Juvenile,"1mm was added to all calipar measurements due to calipar error (height, weight, and depth)",,,,,,,,,,,,,
1,9/6/2024,9/10/2024,9/16/2024,Kodiak,KIS1,57.76711,-152.41043,219,Orange,Juvenile,183,40,24,12,7.4,1.5,6.5,,EVOS_KIS1_180-184_219_9/16/24_Juvenile,"1mm was added to all calipar measurements due to calipar error (height, weight, and depth)",,,,,,,,,,,,,
1,9/6/2024,9/10/2024,9/16/2024,Kodiak,KIS1,57.76711,-152.41043,219,Orange,Juvenile,184,39,23,11,6,1.3,6.5,,EVOS_KIS1_180-184_219_9/16/24_Juvenile,"1mm was added to all calipar measurements due to calipar error (height, weight, and depth)",,,,,,,,,,,,,
1,9/6/2024,9/10/2024,9/16/2024,Kodiak,KIS1,57.76711,-152.41043,219,Orange,Juvenile,185,30,26,10,4.6,0.8,6.5,,EVOS_KIS1_185-189_219_9/16/24_Juvenile,"1mm was added to all calipar measurements due to calipar error (height, weight, and depth)",,,,,,,,,,,,,
1,9/6/2024,9/10/2024,9/16/2024,Kodiak,KIS1,57.76711,-152.41043,219,Orange,Juvenile,186,34,27,13,6.4,1.3,6.5,,EVOS_KIS1_185-189_219_9/16/24_Juvenile,"1mm was added to all calipar measurements due to calipar error (height, weight, and depth)",,,,,,,,,,,,,
1,9/6/2024,9/10/2024,9/16/2024,Kodiak,KIS1,57.76711,-152.41043,219,Orange,Juvenile,187,33,30,9,5.7,1,6.5,,EVOS_KIS1_185-189_219_9/16/24_Juvenile,"1mm was added to all calipar measurements due to calipar error (height, weight, and depth)",,,,,,,,,,,,,
1,9/6/2024,9/10/2024,9/16/2024,Kodiak,KIS1,57.76711,-152.41043,219,Orange,Juvenile,188,30,27,10,5.4,0.9,6.5,,EVOS_KIS1_185-189_219_9/16/24_Juvenile,"1mm was added to all calipar measurements due to calipar error (height, weight, and depth)",,,,,,,,,,,,,
1,9/6/2024,9/10/2024,9/16/2024,Kodiak,KIS1,57.76711,-152.41043,219,Orange,Juvenile,189,35,30,9,5.4,1.1,6.5,,EVOS_KIS1_185-189_219_9/16/24_Juvenile,"1mm was added to all calipar measurements due to calipar error (height, weight, and depth)",,,,,,,,,,,,,
1,9/6/2024,9/10/2024,9/16/2024,Kodiak,KIS1,57.76711,-152.41043,219,Orange,Juvenile,190,31,20,11,4.5,0.9,6.5,,EVOS_KIS1_190-194_219_9/16/24_Juvenile,"1mm was added to all calipar measurements due to calipar error (height, weight, and depth)",,,,,,,,,,,,,
1,9/6/2024,9/10/2024,9/16/2024,Kodiak,KIS1,57.76711,-152.41043,219,Orange,Juvenile,191,36,29,12,8,1.7,6.5,,EVOS_KIS1_190-194_219_9/16/24_Juvenile,"1mm was added to all calipar measurements due to calipar error (height, weight, and depth)",,,,,,,,,,,,,
1,9/6/2024,9/10/2024,9/16/2024,Kodiak,KIS1,57.76711,-152.41043,219,Orange,Juvenile,192,28,22,12,4.4,1.2,6.5,,EVOS_KIS1_190-194_219_9/16/24_Juvenile,"1mm was added to all calipar measurements due to calipar error (height, weight, and depth)",,,,,,,,,,,,,
1,9/6/2024,9/10/2024,9/16/2024,Kodiak,KIS1,57.76711,-152.41043,219,Orange,Juvenile,193,36,26,12,6.2,0.9,6.5,,EVOS_KIS1_190-194_219_9/16/24_Juvenile,"1mm was added to all calipar measurements due to calipar error (height, weight, and depth)",,,,,,,,,,,,,
1,9/6/2024,9/10/2024,9/16/2024,Kodiak,KIS1,57.76711,-152.41043,219,Orange,Juvenile,194,39,25,12,7.6,1.6,6.5,,EVOS_KIS1_190-194_219_9/16/24_Juvenile,"1mm was added to all calipar measurements due to calipar error (height, weight, and depth)",,,,,,,,,,,,,
1,9/6/2024,9/10/2024,9/16/2024,Kodiak,KIS1,57.76711,-152.41043,220,Orange,Juvenile,195,47,35,10,9.7,1.7,6.5,,EVOS_KIS1_195-199_220_9/16/24_Juvenile,"1mm was added to all calipar measurements due to calipar error (height, weight, and depth)",,,,,,,,,,,,,
1,9/6/2024,9/10/2024,9/16/2024,Kodiak,KIS1,57.76711,-152.41043,220,Orange,Juvenile,196,41,24,13,7.8,1.3,6.5,,EVOS_KIS1_195-199_220_9/16/24_Juvenile,"1mm was added to all calipar measurements due to calipar error (height, weight, and depth)",,,,,,,,,,,,,
1,9/6/2024,9/10/2024,9/16/2024,Kodiak,KIS1,57.76711,-152.41043,220,Orange,Juvenile,197,40,30,15,7.9,1.2,6.5,,EVOS_KIS1_195-199_220_9/16/24_Juvenile,"1mm was added to all calipar measurements due to calipar error (height, weight, and depth)",,,,,,,,,,,,,
1,9/6/2024,9/10/2024,9/16/2024,Kodiak,KIS1,57.76711,-152.41043,220,Orange,Juvenile,198,47,28,12,7.5,1.2,6.5,,EVOS_KIS1_195-199_220_9/16/24_Juvenile,"1mm was added to all calipar measurements due to calipar error (height, weight, and depth)",,,,,,,,,,,,,
1,9/6/2024,9/10/2024,9/16/2024,Kodiak,KIS1,57.76711,-152.41043,220,Orange,Juvenile,199,40,27,15,8,1.8,6.5,,EVOS_KIS1_195-199_220_9/16/24_Juvenile,"1mm was added to all calipar measurements due to calipar error (height, weight, and depth)",,,,,,,,,,,,,
1,9/6/2024,9/10/2024,9/16/2024,Kodiak,KIS1,57.76711,-152.41043,220,Orange,Juvenile,200,37,31,10,4.2,0.6,6.5,,EVOS_KIS1_200-204_220_9/16/24_Juvenile,"1mm was added to all calipar measurements due to calipar error (height, weight, and depth)",,,,,,,,,,,,,
1,9/6/2024,9/10/2024,9/16/2024,Kodiak,KIS1,57.76711,-152.41043,220,Orange,Juvenile,201,47,36,9,9.5,1.6,6.5,,EVOS_KIS1_200-204_220_9/16/24_Juvenile,"1mm was added to all calipar measurements due to calipar error (height, weight, and depth)",,,,,,,,,,,,,
1,9/6/2024,9/10/2024,9/16/2024,Kodiak,KIS1,57.76711,-152.41043,220,Orange,Juvenile,202,48,36,10,10.7,2.3,6.5,,EVOS_KIS1_200-204_220_9/16/24_Juvenile,"1mm was added to all calipar measurements due to calipar error (height, weight, and depth)",,,,,,,,,,,,,
1,9/6/2024,9/10/2024,9/16/2024,Kodiak,KIS1,57.76711,-152.41043,220,Orange,Juvenile,203,31,36,12,5.3,0.8,6.5,,EVOS_KIS1_200-204_220_9/16/24_Juvenile,"1mm was added to all calipar measurements due to calipar error (height, weight, and depth)",,,,,,,,,,,,,
1,9/6/2024,9/10/2024,9/16/2024,Kodiak,KIS1,57.76711,-152.41043,220,Orange,Juvenile,204,40,31,13,6.5,0.9,6.5,,EVOS_KIS1_200-204_220_9/16/24_Juvenile,"1mm was added to all calipar measurements due to calipar error (height, weight, and depth)",,,,,,,,,,,,,
1,9/6/2024,9/10/2024,9/16/2024,Kodiak,KIS1,57.76711,-152.41043,220,Orange,Juvenile,205,41,26,13,6.1,1.2,6.5,,EVOS_KIS1_205-209_220_9/16/24_Juvenile,"1mm was added to all calipar measurements due to calipar error (height, weight, and depth)",,,,,,,,,,,,,
1,9/6/2024,9/10/2024,9/16/2024,Kodiak,KIS1,57.76711,-152.41043,220,Orange,Juvenile,206,44,33,12,8.1,1.2,6.5,,EVOS_KIS1_205-209_220_9/16/24_Juvenile,"1mm was added to all calipar measurements due to calipar error (height, weight, and depth)",,,,,,,,,,,,,
1,9/6/2024,9/10/2024,9/16/2024,Kodiak,KIS1,57.76711,-152.41043,220,Orange,Juvenile,207,33,25,13,5.3,0.9,6.5,,EVOS_KIS1_205-209_220_9/16/24_Juvenile,"1mm was added to all calipar measurements due to calipar error (height, weight, and depth)",,,,,,,,,,,,,
1,9/6/2024,9/10/2024,9/16/2024,Kodiak,KIS1,57.76711,-152.41043,220,Orange,Juvenile,208,50,35,13,9.2,1.6,6.5,,EVOS_KIS1_205-209_220_9/16/24_Juvenile,"1mm was added to all calipar measurements due to calipar error (height, weight, and depth)",,,,,,,,,,,,,
1,9/6/2024,9/10/2024,9/16/2024,Kodiak,KIS1,57.76711,-152.41043,220,Orange,Juvenile,209,37,24,13,5.5,0.9,6.5,,EVOS_KIS1_205-209_220_9/16/24_Juvenile,"1mm was added to all calipar measurements due to calipar error (height, weight, and depth)",,,,,,,,,,,,,
1,9/6/2024,9/10/2024,9/16/2024,Kodiak,KIS1,57.76711,-152.41043,220,Orange,Juvenile,210,49,33,14,9.1,1.9,6.5,,EVOS_KIS1_210-214_220_9/16/24_Juvenile,"1mm was added to all calipar measurements due to calipar error (height, weight, and depth)",,,,,,,,,,,,,
1,9/6/2024,9/10/2024,9/16/2024,Kodiak,KIS1,57.76711,-152.41043,220,Orange,Juvenile,211,36,27,11,5.1,1,6.5,,EVOS_KIS1_210-214_220_9/16/24_Juvenile,"1mm was added to all calipar measurements due to calipar error (height, weight, and depth)",,,,,,,,,,,,,
1,9/6/2024,9/10/2024,9/16/2024,Kodiak,KIS1,57.76711,-152.41043,220,Orange,Juvenile,212,37,30,12,6.4,1,6.5,,EVOS_KIS1_210-214_220_9/16/24_Juvenile,"1mm was added to all calipar measurements due to calipar error (height, weight, and depth)",,,,,,,,,,,,,
1,9/6/2024,9/10/2024,9/16/2024,Kodiak,KIS1,57.76711,-152.41043,220,Orange,Juvenile,213,45,34,14,9.5,1.7,6.5,,EVOS_KIS1_210-214_220_9/16/24_Juvenile,"1mm was added to all calipar measurements due to calipar error (height, weight, and depth)",,,,,,,,,,,,,
1,9/6/2024,9/10/2024,9/16/2024,Kodiak,KIS1,57.76711,-152.41043,220,Orange,Juvenile,214,36,35,11,5.5,0.7,6.5,,EVOS_KIS1_210-214_220_9/16/24_Juvenile,"1mm was added to all calipar measurements due to calipar error (height, weight, and depth)",,,,,,,,,,,,,
1,9/6/2024,9/10/2024,9/16/2024,Kodiak,KIS1,57.76711,-152.41043,221,Orange,Juvenile,215,31,23,9,4.3,0.6,6.5,,EVOS_KIS1_215-219_221_9/16/24_Juvenile,,,,,,,,,,,,,,
1,9/6/2024,9/10/2024,9/16/2024,Kodiak,KIS1,57.76711,-152.41043,221,Orange,Juvenile,216,28,25,10,4.6,0.8,6.5,,EVOS_KIS1_215-219_221_9/16/24_Juvenile,,,,,,,,,,,,,,
1,9/6/2024,9/10/2024,9/16/2024,Kodiak,KIS1,57.76711,-152.41043,221,Orange,Juvenile,217,33,24,10,4.6,0.8,6.5,,EVOS_KIS1_215-219_221_9/16/24_Juvenile,,,,,,,,,,,,,,
1,9/6/2024,9/10/2024,9/16/2024,Kodiak,KIS1,57.76711,-152.41043,221,Orange,Juvenile,218,23,24,10,3.1,0.6,6.5,,EVOS_KIS1_215-219_221_9/16/24_Juvenile,,,,,,,,,,,,,,
1,9/6/2024,9/10/2024,9/16/2024,Kodiak,KIS1,57.76711,-152.41043,221,Orange,Juvenile,219,35,28,12,6.6,1.1,6.5,,EVOS_KIS1_215-219_221_9/16/24_Juvenile,,,,,,,,,,,,,,
1,9/6/2024,9/10/2024,9/16/2024,Kodiak,KIS1,57.76711,-152.41043,221,Orange,Juvenile,220,37,25,13,8.2,1.4,6.5,,EVOS_KIS1_220-224_221_9/16/24_Juvenile,,,,,,,,,,,,,,
1,9/6/2024,9/10/2024,9/16/2024,Kodiak,KIS1,57.76711,-152.41043,221,Orange,Juvenile,221,35,22,11,5.3,0.9,6.5,,EVOS_KIS1_220-224_221_9/16/24_Juvenile,,,,,,,,,,,,,,
1,9/6/2024,9/10/2024,9/16/2024,Kodiak,KIS1,57.76711,-152.41043,221,Orange,Juvenile,222,33,24,10,5,0.9,6.5,,EVOS_KIS1_220-224_221_9/16/24_Juvenile,,,,,,,,,,,,,,
1,9/6/2024,9/10/2024,9/16/2024,Kodiak,KIS1,57.76711,-152.41043,221,Orange,Juvenile,223,32,23,12,5.1,1,6.5,,EVOS_KIS1_220-224_221_9/16/24_Juvenile,,,,,,,,,,,,,,
1,9/6/2024,9/10/2024,9/16/2024,Kodiak,KIS1,57.76711,-152.41043,221,Orange,Juvenile,224,33,28,12,5.8,1.2,6.5,,EVOS_KIS1_220-224_221_9/16/24_Juvenile,,,,,,,,,,,,,,
1,9/6/2024,9/10/2024,9/16/2024,Kodiak,KIS1,57.76711,-152.41043,221,Orange,Juvenile,225,37,27,9,5.3,0.8,6.5,,EVOS_KIS1_225-229_221_9/16/24_Juvenile,,,,,,,,,,,,,,
1,9/6/2024,9/10/2024,9/16/2024,Kodiak,KIS1,57.76711,-152.41043,221,Orange,Juvenile,226,39,26,13,6.9,1,6.5,,EVOS_KIS1_225-229_221_9/16/24_Juvenile,,,,,,,,,,,,,,
1,9/6/2024,9/10/2024,9/16/2024,Kodiak,KIS1,57.76711,-152.41043,221,Orange,Juvenile,227,41,23,14,8,1.6,6.5,,EVOS_KIS1_225-229_221_9/16/24_Juvenile,,,,,,,,,,,,,,
1,9/6/2024,9/10/2024,9/16/2024,Kodiak,KIS1,57.76711,-152.41043,221,Orange,Juvenile,228,37,25,10,5.4,0.9,6.5,,EVOS_KIS1_225-229_221_9/16/24_Juvenile,,,,,,,,,,,,,,
1,9/6/2024,9/10/2024,9/16/2024,Kodiak,KIS1,57.76711,-152.41043,221,Orange,Juvenile,229,36,27,11,5.8,1,6.5,,EVOS_KIS1_225-229_221_9/16/24_Juvenile,,,,,,,,,,,,,,
1,9/6/2024,9/10/2024,9/16/2024,Kodiak,KIS1,57.76711,-152.41043,221,Orange,Juvenile,230,27,27,12,4.7,1.1,6.5,,EVOS_KIS1_230-234_221_9/16/24_Juvenile,,,,,,,,,,,,,,
1,9/6/2024,9/10/2024,9/16/2024,Kodiak,KIS1,57.76711,-152.41043,221,Orange,Juvenile,231,31,22,10,4.3,0.6,6.5,,EVOS_KIS1_230-234_221_9/16/24_Juvenile,,,,,,,,,,,,,,
1,9/6/2024,9/10/2024,9/16/2024,Kodiak,KIS1,57.76711,-152.41043,221,Orange,Juvenile,232,33,22,13,5.5,1.1,6.5,,EVOS_KIS1_230-234_221_9/16/24_Juvenile,,,,,,,,,,,,,,
1,9/6/2024,9/10/2024,9/16/2024,Kodiak,KIS1,57.76711,-152.41043,221,Orange,Juvenile,233,38,31,13,8.8,1.6,6.5,,EVOS_KIS1_230-234_221_9/16/24_Juvenile,,,,,,,,,,,,,,
1,9/6/2024,9/10/2024,9/16/2024,Kodiak,KIS1,57.76711,-152.41043,221,Orange,Juvenile,234,29,21,10,3.9,0.7,6.5,,EVOS_KIS1_230-234_221_9/16/24_Juvenile,,,,,,,,,,,,,,
1,9/17/2024,9/18/2024,9/19/2024,PWS,SBO1,60.65705,-145.89151,507,Yellow,Subadult,235,61,36,23,28.2,5.5,6.5,11.8,EVOS_SBO1_235_507_9/19/2024_Subadult,,,,,,,,,,,,,,
1,9/17/2024,9/18/2024,9/19/2024,PWS,SBO1,60.65705,-145.89151,507,Yellow,Subadult,236,75,32,17,26.1,3.8,6.5,10.5,EVOS_SBO1_236_507_9/19/2024_Subadult,,,,,,,,,,,,,,
1,9/17/2024,9/18/2024,9/19/2024,PWS,SBO1,60.65705,-145.89151,507,Yellow,Subadult,237,57,43,16,18.5,3.6,6.5,10.1,EVOS_SBO1_237_507_9/19/2024_Subadult,,,,,,,,,,,,,,
1,9/17/2024,9/18/2024,9/19/2024,PWS,SBO1,60.65705,-145.89151,507,Yellow,Subadult,238,60,42,20,28,5.7,6.5,12,EVOS_SBO1_238_507_9/19/2024_Subadult,,,,,,,,,,,,,,
1,9/17/2024,9/18/2024,9/19/2024,PWS,SBO1,60.65705,-145.89151,507,Yellow,Subadult,239,68,34,21,30.7,5.5,,,,,,,,,,,,,,,,,
1,9/17/2024,9/18/2024,9/19/2024,PWS,SBO1,60.65705,-145.89151,507,Yellow,Subadult,240,65,34,18,26,4.7,,,,,,,,,,,,,,,,,
1,9/17/2024,9/18/2024,9/19/2024,PWS,SBO1,60.65705,-145.89151,507,Yellow,Subadult,241,50,34,17,17.6,3.3,,,,,,,,,,,,,,,,,
1,9/17/2024,9/18/2024,9/19/2024,PWS,SBO1,60.65705,-145.89151,508,Yellow,Subadult,242,76,38,17,28.6,5.3,6.5,11.7,EVOS_SBO1_242_508_9/19/2024_Subadult,,,,,,,,,,,,,,
1,9/17/2024,9/18/2024,9/19/2024,PWS,SBO1,60.65705,-145.89151,508,Yellow,Subadult,243,57,31,19,18.6,3,6.5,9.4,EVOS_SBO1_243_508_9/19/2024_Subadult,,,,,,,,,,,,,,
1,9/17/2024,9/18/2024,9/19/2024,PWS,SBO1,60.65705,-145.89151,508,Yellow,Subadult,244,62,34,19,20.1,3.6,6.5,10,EVOS_SBO1_244_508_9/19/2024_Subadult,,,,,,,,,,,,,,
1,9/17/2024,9/18/2024,9/19/2024,PWS,SBO1,60.65705,-145.89151,508,Yellow,Subadult,245,66,39,16,21.8,3.7,6.5,10,EVOS_SBO1_245_508_9/19/2024_Subadult,,,,,,,,,,,,,,
1,9/17/2024,9/18/2024,9/19/2024,PWS,SBO1,60.65705,-145.89151,508,Yellow,Subadult,246,56,39,21,26.1,4.2,,,,,,,,,,,,,,,,,
1,9/17/2024,9/18/2024,9/19/2024,PWS,SBO1,60.65705,-145.89151,508,Yellow,Subadult,247,51,43,20,21.2,5.3,,,,,,,,,,,,,,,,,
1,9/17/2024,9/18/2024,9/19/2024,PWS,SBO1,60.65705,-145.89151,508,Yellow,Subadult,248,55,39,18,20.1,3.7,,,,,,,,,,,,,,,,,
1,9/17/2024,9/18/2024,9/19/2024,PWS,SBO1,60.65705,-145.89151,509,Yellow,Subadult,249,69,44,19,26.1,5.7,6.5,12,EVOS_SBO1_249_509_9/19/2024_Subadult,,,,,,,,,,,,,,
1,9/17/2024,9/18/2024,9/19/2024,PWS,SBO1,60.65705,-145.89151,509,Yellow,Subadult,250,56,44,20,20.8,4.3,6.5,10.6,EVOS_SBO1_250_509_9/19/2024_Subadult,,,,,,,,,,,,,,
1,9/17/2024,9/18/2024,9/19/2024,PWS,SBO1,60.65705,-145.89151,509,Yellow,Subadult,251,76,40,19,28.5,5.3,6.5,11.7,EVOS_SBO1_251_509_9/19/2024_Subadult,,,,,,,,,,,,,,
1,9/17/2024,9/18/2024,9/19/2024,PWS,SBO1,60.65705,-145.89151,509,Yellow,Subadult,252,58,36,22,25.3,4.4,6.5,10.6,EVOS_SBO1_252_509_9/19/2024_Subadult,,,,,,,,,,,,,,
1,9/17/2024,9/18/2024,9/19/2024,PWS,SBO1,60.65705,-145.89151,509,Yellow,Subadult,253,50,41,23,20.3,3.3,,,,,,,,,,,,,,,,,
1,9/17/2024,9/18/2024,9/19/2024,PWS,SBO1,60.65705,-145.89151,509,Yellow,Subadult,254,57,36,19,21.7,3.3,,,,,,,,,,,,,,,,,
1,9/17/2024,9/18/2024,9/19/2024,PWS,SBO1,60.65705,-145.89151,509,Yellow,Subadult,255,65,29,30,30.6,7.6,,,,,,,,,,,,,,,,,
1,9/17/2024,9/18/2024,9/19/2024,PWS,SBO1,60.65705,-145.89151,207,Orange,Juvenile,256,35,26,11,4.9,0.9,6.5,10.6,EVOS_SBO1_256-260_207_9/19/2024_Juvenile,,,,,,,,,,,,,,
1,9/17/2024,9/18/2024,9/19/2024,PWS,SBO1,60.65705,-145.89151,207,Orange,Juvenile,257,38,27,14,6.4,1.1,6.5,10.6,EVOS_SBO1_256-260_207_9/19/2024_Juvenile,,,,,,,,,,,,,,
1,9/17/2024,9/18/2024,9/19/2024,PWS,SBO1,60.65705,-145.89151,207,Orange,Juvenile,258,40,29,10,5.1,1,6.5,10.6,EVOS_SBO1_256-260_207_9/19/2024_Juvenile,,,,,,,,,,,,,,
1,9/17/2024,9/18/2024,9/19/2024,PWS,SBO1,60.65705,-145.89151,207,Orange,Juvenile,259,42,25,12,5,0.9,6.5,10.6,EVOS_SBO1_256-260_207_9/19/2024_Juvenile,,,,,,,,,,,,,,
1,9/17/2024,9/18/2024,9/19/2024,PWS,SBO1,60.65705,-145.89151,207,Orange,Juvenile,260,29,27,9,2.8,0.4,6.5,10.6,EVOS_SBO1_256-260_207_9/19/2024_Juvenile,,,,,,,,,,,,,,
1,9/17/2024,9/18/2024,9/19/2024,PWS,SBO1,60.65705,-145.89151,207,Orange,Juvenile,261,34,24,10,3.7,0.5,6.5,9.5,EVOS_SBO1_261-265_207_9/19/2024_Juvenile,,,,,,,,,,,,,,
1,9/17/2024,9/18/2024,9/19/2024,PWS,SBO1,60.65705,-145.89151,207,Orange,Juvenile,262,37,28,10,4.8,0.7,6.5,9.5,EVOS_SBO1_261-265_207_9/19/2024_Juvenile,,,,,,,,,,,,,,
1,9/17/2024,9/18/2024,9/19/2024,PWS,SBO1,60.65705,-145.89151,207,Orange,Juvenile,263,31,28,8,3.2,0.6,6.5,9.5,EVOS_SBO1_261-265_207_9/19/2024_Juvenile,,,,,,,,,,,,,,
1,9/17/2024,9/18/2024,9/19/2024,PWS,SBO1,60.65705,-145.89151,207,Orange,Juvenile,264,30,25,10,3.6,0.6,6.5,9.5,EVOS_SBO1_261-265_207_9/19/2024_Juvenile,,,,,,,,,,,,,,
1,9/17/2024,9/18/2024,9/19/2024,PWS,SBO1,60.65705,-145.89151,207,Orange,Juvenile,265,36,23,11,4.1,0.7,6.5,9.5,EVOS_SBO1_261-265_207_9/19/2024_Juvenile,,,,,,,,,,,,,,
1,9/17/2024,9/18/2024,9/19/2024,PWS,SBO1,60.65705,-145.89151,207,Orange,Juvenile,266,33,28,8,3.4,0.6,6.5,9.9,EVOS_SBO1_266-270_207_9/19/2024_Juvenile,,,,,,,,,,,,,,
1,9/17/2024,9/18/2024,9/19/2024,PWS,SBO1,60.65705,-145.89151,207,Orange,Juvenile,267,38,27,10,5.7,1.2,6.5,9.9,EVOS_SBO1_266-270_207_9/19/2024_Juvenile,,,,,,,,,,,,,,
1,9/17/2024,9/18/2024,9/19/2024,PWS,SBO1,60.65705,-145.89151,207,Orange,Juvenile,268,31,20,8,3.2,0.5,6.5,9.9,EVOS_SBO1_266-270_207_9/19/2024_Juvenile,,,,,,,,,,,,,,
1,9/17/2024,9/18/2024,9/19/2024,PWS,SBO1,60.65705,-145.89151,207,Orange,Juvenile,269,33,25,8,3.6,0.7,6.5,9.9,EVOS_SBO1_266-270_207_9/19/2024_Juvenile,,,,,,,,,,,,,,
1,9/17/2024,9/18/2024,9/19/2024,PWS,SBO1,60.65705,-145.89151,207,Orange,Juvenile,270,32,25,10,2.8,0.6,6.5,9.9,EVOS_SBO1_266-270_207_9/19/2024_Juvenile,,,,,,,,,,,,,,
1,9/17/2024,9/18/2024,9/19/2024,PWS,SBO1,60.65705,-145.89151,207,Orange,Juvenile,271,32,27,12,3.8,0.7,6.5,9.8,EVOS_SBO1_271-275_207_9/19/2024_Juvenile,,,,,,,,,,,,,,
1,9/17/2024,9/18/2024,9/19/2024,PWS,SBO1,60.65705,-145.89151,207,Orange,Juvenile,272,28,20,9,2.6,0.4,6.5,9.8,EVOS_SBO1_271-275_207_9/19/2024_Juvenile,,,,,,,,,,,,,,
1,9/17/2024,9/18/2024,9/19/2024,PWS,SBO1,60.65705,-145.89151,207,Orange,Juvenile,273,40,29,10,5,1,6.5,9.8,EVOS_SBO1_271-275_207_9/19/2024_Juvenile,,,,,,,,,,,,,,
1,9/17/2024,9/18/2024,9/19/2024,PWS,SBO1,60.65705,-145.89151,207,Orange,Juvenile,274,30,18,9,3.2,0.6,6.5,9.8,EVOS_SBO1_271-275_207_9/19/2024_Juvenile,,,,,,,,,,,,,,
1,9/17/2024,9/18/2024,9/19/2024,PWS,SBO1,60.65705,-145.89151,207,Orange,Juvenile,275,40,25,10,4.8,0.8,6.5,9.8,EVOS_SBO1_271-275_207_9/19/2024_Juvenile,,,,,,,,,,,,,,
1,9/17/2024,9/18/2024,9/19/2024,PWS,SBO1,60.65705,-145.89151,208,Orange,Juvenile,276,35,27,11,4.2,0.8,6.5,9.1,EVOS_SBO1_276-280_208_9/19/2024_Juvenile,,,,,,,,,,,,,,
1,9/17/2024,9/18/2024,9/19/2024,PWS,SBO1,60.65705,-145.89151,208,Orange,Juvenile,277,31,20,9,3,0.5,6.5,9.1,EVOS_SBO1_276-280_208_9/19/2024_Juvenile,,,,,,,,,,,,,,
1,9/17/2024,9/18/2024,9/19/2024,PWS,SBO1,60.65705,-145.89151,208,Orange,Juvenile,278,30,28,8,3.3,0.6,6.5,9.1,EVOS_SBO1_276-280_208_9/19/2024_Juvenile,,,,,,,,,,,,,,
1,9/17/2024,9/18/2024,9/19/2024,PWS,SBO1,60.65705,-145.89151,208,Orange,Juvenile,279,30,26,8,2.8,0.5,6.5,9.1,EVOS_SBO1_276-280_208_9/19/2024_Juvenile,,,,,,,,,,,,,,
1,9/17/2024,9/18/2024,9/19/2024,PWS,SBO1,60.65705,-145.89151,208,Orange,Juvenile,280,27,20,9,2.4,0.4,6.5,9.1,EVOS_SBO1_276-280_208_9/19/2024_Juvenile,,,,,,,,,,,,,,
1,9/17/2024,9/18/2024,9/19/2024,PWS,SBO1,60.65705,-145.89151,208,Orange,Juvenile,281,30,24,10,2.8,0.5,6.5,9.6,EVOS_SBO1_281-285_208_9/19/2024_Juvenile,,,,,,,,,,,,,,
1,9/17/2024,9/18/2024,9/19/2024,PWS,SBO1,60.65705,-145.89151,208,Orange,Juvenile,282,38,24,10,3.8,0.6,6.5,9.6,EVOS_SBO1_281-285_208_9/19/2024_Juvenile,,,,,,,,,,,,,,
1,9/17/2024,9/18/2024,9/19/2024,PWS,SBO1,60.65705,-145.89151,208,Orange,Juvenile,283,35,26,10,3.4,0.6,6.5,9.6,EVOS_SBO1_281-285_208_9/19/2024_Juvenile,,,,,,,,,,,,,,
1,9/17/2024,9/18/2024,9/19/2024,PWS,SBO1,60.65705,-145.89151,208,Orange,Juvenile,284,33,19,12,4.5,0.8,6.5,9.6,EVOS_SBO1_281-285_208_9/19/2024_Juvenile,,,,,,,,,,,,,,
1,9/17/2024,9/18/2024,9/19/2024,PWS,SBO1,60.65705,-145.89151,208,Orange,Juvenile,285,35,23,11,4.5,0.8,6.5,9.6,EVOS_SBO1_281-285_208_9/19/2024_Juvenile,,,,,,,,,,,,,,
1,9/17/2024,9/18/2024,9/19/2024,PWS,SBO1,60.65705,-145.89151,208,Orange,Juvenile,286,50,30,9,6.5,1,6.5,10.3,EVOS_SBO1_286-290_208_9/19/2024_Juvenile,,,,,,,,,,,,,,
1,9/17/2024,9/18/2024,9/19/2024,PWS,SBO1,60.65705,-145.89151,208,Orange,Juvenile,287,42,24,12,5.6,1,6.5,10.3,EVOS_SBO1_286-290_208_9/19/2024_Juvenile,,,,,,,,,,,,,,
1,9/17/2024,9/18/2024,9/19/2024,PWS,SBO1,60.65705,-145.89151,208,Orange,Juvenile,288,35,23,8,3.5,0.6,6.5,10.3,EVOS_SBO1_286-290_208_9/19/2024_Juvenile,,,,,,,,,,,,,,
1,9/17/2024,9/18/2024,9/19/2024,PWS,SBO1,60.65705,-145.89151,208,Orange,Juvenile,289,34,26,10,4.1,0.7,6.5,10.3,EVOS_SBO1_286-290_208_9/19/2024_Juvenile,,,,,,,,,,,,,,
1,9/17/2024,9/18/2024,9/19/2024,PWS,SBO1,60.65705,-145.89151,208,Orange,Juvenile,290,35,22,10,4.1,0.7,6.5,10.3,EVOS_SBO1_286-290_208_9/19/2024_Juvenile,,,,,,,,,,,,,,
1,9/17/2024,9/18/2024,9/19/2024,PWS,SBO1,60.65705,-145.89151,208,Orange,Juvenile,291,35,22,11,4.4,0.7,6.5,9.5,EVOS_SBO1_291-295_208_9/19/2024_Juvenile,,,,,,,,,,,,,,
1,9/17/2024,9/18/2024,9/19/2024,PWS,SBO1,60.65705,-145.89151,208,Orange,Juvenile,292,31,29,7,2.9,0.6,6.5,9.5,EVOS_SBO1_291-295_208_9/19/2024_Juvenile,,,,,,,,,,,,,,
1,9/17/2024,9/18/2024,9/19/2024,PWS,SBO1,60.65705,-145.89151,208,Orange,Juvenile,293,38,24,10,4.8,0.7,6.5,9.5,EVOS_SBO1_291-295_208_9/19/2024_Juvenile,,,,,,,,,,,,,,
1,9/17/2024,9/18/2024,9/19/2024,PWS,SBO1,60.65705,-145.89151,208,Orange,Juvenile,294,28,24,8,2.8,0.4,6.5,9.5,EVOS_SBO1_291-295_208_9/19/2024_Juvenile,,,,,,,,,,,,,,
1,9/17/2024,9/18/2024,9/19/2024,PWS,SBO1,60.65705,-145.89151,208,Orange,Juvenile,295,31,25,13,4.1,0.8,6.5,9.5,EVOS_SBO1_291-295_208_9/19/2024_Juvenile,,,,,,,,,,,,,,
1,9/17/2024,9/18/2024,9/19/2024,PWS,SBO1,60.65705,-145.89151,209,Orange,Juvenile,296,32,31,11,4.7,0.7,6.5,9.6,EVOS_SBO1_296-300_209_9/19/2024_Juvenile,,,,,,,,,,,,,,
1,9/17/2024,9/18/2024,9/19/2024,PWS,SBO1,60.65705,-145.89151,209,Orange,Juvenile,297,33,25,8,4,0.8,6.5,9.6,EVOS_SBO1_296-300_209_9/19/2024_Juvenile,,,,,,,,,,,,,,
1,9/17/2024,9/18/2024,9/19/2024,PWS,SBO1,60.65705,-145.89151,209,Orange,Juvenile,298,29,23,10,2.9,0.6,6.5,9.6,EVOS_SBO1_296-300_209_9/19/2024_Juvenile,,,,,,,,,,,,,,
1,9/17/2024,9/18/2024,9/19/2024,PWS,SBO1,60.65705,-145.89151,209,Orange,Juvenile,299,29,21,8,2.4,0.4,6.5,9.6,EVOS_SBO1_296-300_209_9/19/2024_Juvenile,,,,,,,,,,,,,,
1,9/17/2024,9/18/2024,9/19/2024,PWS,SBO1,60.65705,-145.89151,209,Orange,Juvenile,300,34,23,11,3.8,0.7,6.5,9.6,EVOS_SBO1_296-300_209_9/19/2024_Juvenile,,,,,,,,,,,,,,
1,9/17/2024,9/18/2024,9/19/2024,PWS,SBO1,60.65705,-145.89151,209,Orange,Juvenile,301,36,28,10,3.3,0.8,6.5,9.2,EVOS_SBO1_301-305_209_9/19/2024_Juvenile,,,,,,,,,,,,,,
1,9/17/2024,9/18/2024,9/19/2024,PWS,SBO1,60.65705,-145.89151,209,Orange,Juvenile,302,25,23,7,2.1,0.4,6.5,9.2,EVOS_SBO1_301-305_209_9/19/2024_Juvenile,,,,,,,,,,,,,,
1,9/17/2024,9/18/2024,9/19/2024,PWS,SBO1,60.65705,-145.89151,209,Orange,Juvenile,303,31,27,9,2.9,0.4,6.5,9.2,EVOS_SBO1_301-305_209_9/19/2024_Juvenile,,,,,,,,,,,,,,
1,9/17/2024,9/18/2024,9/19/2024,PWS,SBO1,60.65705,-145.89151,209,Orange,Juvenile,304,30,26,9,3.3,0.6,6.5,9.2,EVOS_SBO1_301-305_209_9/19/2024_Juvenile,,,,,,,,,,,,,,
1,9/17/2024,9/18/2024,9/19/2024,PWS,SBO1,60.65705,-145.89151,209,Orange,Juvenile,305,33,24,11,4.3,0.6,6.5,9.2,EVOS_SBO1_301-305_209_9/19/2024_Juvenile,,,,,,,,,,,,,,
1,9/17/2024,9/18/2024,9/19/2024,PWS,SBO1,60.65705,-145.89151,209,Orange,Juvenile,306,30,23,13,3,0.6,6.5,9.6,EVOS_SBO1_306-310_209_9/19/2024_Juvenile,,,,,,,,,,,,,,
1,9/17/2024,9/18/2024,9/19/2024,PWS,SBO1,60.65705,-145.89151,209,Orange,Juvenile,307,30,25,11,3.3,0.7,6.5,9.6,EVOS_SBO1_306-310_209_9/19/2024_Juvenile,,,,,,,,,,,,,,
1,9/17/2024,9/18/2024,9/19/2024,PWS,SBO1,60.65705,-145.89151,209,Orange,Juvenile,308,33,25,9,2.8,0.6,6.5,9.6,EVOS_SBO1_306-310_209_9/19/2024_Juvenile,,,,,,,,,,,,,,
1,9/17/2024,9/18/2024,9/19/2024,PWS,SBO1,60.65705,-145.89151,209,Orange,Juvenile,309,41,34,13,5.7,0.9,6.5,9.6,EVOS_SBO1_306-310_209_9/19/2024_Juvenile,,,,,,,,,,,,,,
1,9/17/2024,9/18/2024,9/19/2024,PWS,SBO1,60.65705,-145.89151,209,Orange,Juvenile,310,37,26,11,4.2,0.6,6.5,9.6,EVOS_SBO1_306-310_209_9/19/2024_Juvenile,,,,,,,,,,,,,,
1,9/17/2024,9/18/2024,9/19/2024,PWS,SBO1,60.65705,-145.89151,209,Orange,Juvenile,311,33,25,9,3.1,0.6,6.5,9.2,EVOS_SBO1_311-315_209_9/19/2024_Juvenile,,,,,,,,,,,,,,
1,9/17/2024,9/18/2024,9/19/2024,PWS,SBO1,60.65705,-145.89151,209,Orange,Juvenile,312,28,20,7,2.5,0.4,6.5,9.2,EVOS_SBO1_311-315_209_9/19/2024_Juvenile,,,,,,,,,,,,,,
1,9/17/2024,9/18/2024,9/19/2024,PWS,SBO1,60.65705,-145.89151,209,Orange,Juvenile,313,35,25,15,4.1,0.9,6.5,9.2,EVOS_SBO1_311-315_209_9/19/2024_Juvenile,,,,,,,,,,,,,,
1,9/17/2024,9/18/2024,9/19/2024,PWS,SBO1,60.65705,-145.89151,209,Orange,Juvenile,314,27,19,9,2.5,0.4,6.5,9.2,EVOS_SBO1_311-315_209_9/19/2024_Juvenile,,,,,,,,,,,,,,
1,9/17/2024,9/18/2024,9/19/2024,PWS,SBO1,60.65705,-145.89151,209,Orange,Juvenile,315,35,26,10,3.7,0.6,6.5,9.2,EVOS_SBO1_311-315_209_9/19/2024_Juvenile,,,,,,,,,,,,,,
1,9/17/2024,9/18/2024,9/20/2024,PWS,ROK1,60.5629,-145.96046,204,Orange,Juvenile,316,47,38,16,15.2,2,6.5,18.5,EVOS_ROK1_316-320_204_9/20/2024_Juvenile,,,,,,,,,,,,,,
1,9/17/2024,9/18/2024,9/20/2024,PWS,ROK1,60.5629,-145.96046,204,Orange,Juvenile,317,60,42,18,19,3,6.5,18.5,EVOS_ROK1_316-320_204_9/20/2024_Juvenile,,,,,,,,,,,,,,
1,9/17/2024,9/18/2024,9/20/2024,PWS,ROK1,60.5629,-145.96046,204,Orange,Juvenile,318,53,35,15,14.6,2,6.5,18.5,EVOS_ROK1_316-320_204_9/20/2024_Juvenile,,,,,,,,,,,,,,
1,9/17/2024,9/18/2024,9/20/2024,PWS,ROK1,60.5629,-145.96046,204,Orange,Juvenile,319,75,39,18,23,2.9,6.5,18.5,EVOS_ROK1_316-320_204_9/20/2024_Juvenile,,,,,,,,,,,,,,
1,9/17/2024,9/18/2024,9/20/2024,PWS,ROK1,60.5629,-145.96046,204,Orange,Juvenile,320,64,45,16,18.1,2.2,6.5,18.5,EVOS_ROK1_316-320_204_9/20/2024_Juvenile,,,,,,,,,,,,,,
1,9/17/2024,9/18/2024,9/20/2024,PWS,ROK1,60.5629,-145.96046,204,Orange,Juvenile,321,53,36,12,12.7,1.5,6.5,14.7,EVOS_ROK1_321-325_204_9/20/2024_Juvenile,,,,,,,,,,,,,,
1,9/17/2024,9/18/2024,9/20/2024,PWS,ROK1,60.5629,-145.96046,204,Orange,Juvenile,322,59,35,17,14.6,2,6.5,14.7,EVOS_ROK1_321-325_204_9/20/2024_Juvenile,,,,,,,,,,,,,,
1,9/17/2024,9/18/2024,9/20/2024,PWS,ROK1,60.5629,-145.96046,204,Orange,Juvenile,323,49,35,15,13.2,1.7,6.5,14.7,EVOS_ROK1_321-325_204_9/20/2024_Juvenile,,,,,,,,,,,,,,
1,9/17/2024,9/18/2024,9/20/2024,PWS,ROK1,60.5629,-145.96046,204,Orange,Juvenile,324,57,38,20,17.8,2,6.5,14.7,EVOS_ROK1_321-325_204_9/20/2024_Juvenile,,,,,,,,,,,,,,
1,9/17/2024,9/18/2024,9/20/2024,PWS,ROK1,60.5629,-145.96046,204,Orange,Juvenile,325,51,35,15,11.9,1.5,6.5,14.7,EVOS_ROK1_321-325_204_9/20/2024_Juvenile,,,,,,,,,,,,,,
1,9/17/2024,9/18/2024,9/20/2024,PWS,ROK1,60.5629,-145.96046,204,Orange,Juvenile,326,57,38,14,12.8,1.6,6.5,13.7,EVOS_ROK1_326-330_204_9/20/2024_Juvenile,,,,,,,,,,,,,,
1,9/17/2024,9/18/2024,9/20/2024,PWS,ROK1,60.5629,-145.96046,204,Orange,Juvenile,327,52,35,15,12.3,1.5,6.5,13.7,EVOS_ROK1_326-330_204_9/20/2024_Juvenile,,,,,,,,,,,,,,
1,9/17/2024,9/18/2024,9/20/2024,PWS,ROK1,60.5629,-145.96046,204,Orange,Juvenile,328,43,35,15,9.5,1.5,6.5,13.7,EVOS_ROK1_326-330_204_9/20/2024_Juvenile,,,,,,,,,,,,,,
1,9/17/2024,9/18/2024,9/20/2024,PWS,ROK1,60.5629,-145.96046,204,Orange,Juvenile,329,39,32,12,8,1.4,6.5,13.7,EVOS_ROK1_326-330_204_9/20/2024_Juvenile,,,,,,,,,,,,,,
1,9/17/2024,9/18/2024,9/20/2024,PWS,ROK1,60.5629,-145.96046,204,Orange,Juvenile,330,56,33,16,14.7,1.5,6.5,13.7,EVOS_ROK1_326-330_204_9/20/2024_Juvenile,,,,,,,,,,,,,,
1,9/17/2024,9/18/2024,9/20/2024,PWS,ROK1,60.5629,-145.96046,204,Orange,Juvenile,331,36,29,15,7,0.8,6.5,12.5,EVOS_ROK1_331-335_204_9/20/2024_Juvenile,,,,,,,,,,,,,,
1,9/17/2024,9/18/2024,9/20/2024,PWS,ROK1,60.5629,-145.96046,204,Orange,Juvenile,332,53,30,16,13,1.8,6.5,12.5,EVOS_ROK1_331-335_204_9/20/2024_Juvenile,,,,,,,,,,,,,,
1,9/17/2024,9/18/2024,9/20/2024,PWS,ROK1,60.5629,-145.96046,204,Orange,Juvenile,333,45,28,13,7.1,0.8,6.5,12.5,EVOS_ROK1_331-335_204_9/20/2024_Juvenile,,,,,,,,,,,,,,
1,9/17/2024,9/18/2024,9/20/2024,PWS,ROK1,60.5629,-145.96046,204,Orange,Juvenile,334,43,35,15,12.5,1.4,6.5,12.5,EVOS_ROK1_331-335_204_9/20/2024_Juvenile,,,,,,,,,,,,,,
1,9/17/2024,9/18/2024,9/20/2024,PWS,ROK1,60.5629,-145.96046,204,Orange,Juvenile,335,54,35,19,12.9,1.7,6.5,12.5,EVOS_ROK1_331-335_204_9/20/2024_Juvenile,,,,,,,,,,,,,,
1,9/17/2024,9/18/2024,9/20/2024,PWS,ROK1,60.5629,-145.96046,205,Orange,Juvenile,336,42,31,13,9,1.6,6.5,11.8,EVOS_ROK1_336-340_205_9/20/2024_Juvenile,,,,,,,,,,,,,,
1,9/17/2024,9/18/2024,9/20/2024,PWS,ROK1,60.5629,-145.96046,205,Orange,Juvenile,337,51,35,15,11.5,1.2,6.5,11.8,EVOS_ROK1_336-340_205_9/20/2024_Juvenile,,,,,,,,,,,,,,
1,9/17/2024,9/18/2024,9/20/2024,PWS,ROK1,60.5629,-145.96046,205,Orange,Juvenile,338,54,31,12,9.1,1,6.5,11.8,EVOS_ROK1_336-340_205_9/20/2024_Juvenile,,,,,,,,,,,,,,
1,9/17/2024,9/18/2024,9/20/2024,PWS,ROK1,60.5629,-145.96046,205,Orange,Juvenile,339,57,29,11,10.7,1.3,6.5,11.8,EVOS_ROK1_336-340_205_9/20/2024_Juvenile,,,,,,,,,,,,,,
1,9/17/2024,9/18/2024,9/20/2024,PWS,ROK1,60.5629,-145.96046,205,Orange,Juvenile,340,40,22,12,3.2,0.5,6.5,11.8,EVOS_ROK1_336-340_205_9/20/2024_Juvenile,,,,,,,,,,,,,,
1,9/17/2024,9/18/2024,9/20/2024,PWS,ROK1,60.5629,-145.96046,205,Orange,Juvenile,341,64,40,18,19.2,2.8,6.5,15.6,EVOS_ROK1_341-345_205_9/20/2024_Juvenile,,,,,,,,,,,,,,
1,9/17/2024,9/18/2024,9/20/2024,PWS,ROK1,60.5629,-145.96046,205,Orange,Juvenile,342,60,36,18,13,2.1,6.5,15.6,EVOS_ROK1_341-345_205_9/20/2024_Juvenile,,,,,,,,,,,,,,
1,9/17/2024,9/18/2024,9/20/2024,PWS,ROK1,60.5629,-145.96046,205,Orange,Juvenile,343,39,34,14,7.6,1.3,6.5,15.6,EVOS_ROK1_341-345_205_9/20/2024_Juvenile,,,,,,,,,,,,,,
1,9/17/2024,9/18/2024,9/20/2024,PWS,ROK1,60.5629,-145.96046,205,Orange,Juvenile,344,52,25,16,10.3,1.7,6.5,15.6,EVOS_ROK1_341-345_205_9/20/2024_Juvenile,,,,,,,,,,,,,,
1,9/17/2024,9/18/2024,9/20/2024,PWS,ROK1,60.5629,-145.96046,205,Orange,Juvenile,345,49,36,14,9.3,1.6,6.5,15.6,EVOS_ROK1_341-345_205_9/20/2024_Juvenile,,,,,,,,,,,,,,
1,9/17/2024,9/18/2024,9/20/2024,PWS,ROK1,60.5629,-145.96046,205,Orange,Juvenile,346,42,32,12,7.9,0.9,6.5,14.3,EVOS_ROK1_346-350_205_9/20/2024_Juvenile,,,,,,,,,,,,,,
1,9/17/2024,9/18/2024,9/20/2024,PWS,ROK1,60.5629,-145.96046,205,Orange,Juvenile,347,38,35,15,9.7,1.4,6.5,14.3,EVOS_ROK1_346-350_205_9/20/2024_Juvenile,,,,,,,,,,,,,,
1,9/17/2024,9/18/2024,9/20/2024,PWS,ROK1,60.5629,-145.96046,205,Orange,Juvenile,348,62,38,15,15.5,2.2,6.5,14.3,EVOS_ROK1_346-350_205_9/20/2024_Juvenile,,,,,,,,,,,,,,
1,9/17/2024,9/18/2024,9/20/2024,PWS,ROK1,60.5629,-145.96046,205,Orange,Juvenile,349,55,32,14,13.7,1.5,6.5,14.3,EVOS_ROK1_346-350_205_9/20/2024_Juvenile,,,,,,,,,,,,,,
1,9/17/2024,9/18/2024,9/20/2024,PWS,ROK1,60.5629,-145.96046,205,Orange,Juvenile,350,61,40,17,16.6,2.2,6.5,14.3,EVOS_ROK1_346-350_205_9/20/2024_Juvenile,,,,,,,,,,,,,,
1,9/17/2024,9/18/2024,9/20/2024,PWS,ROK1,60.5629,-145.96046,205,Orange,Juvenile,351,55,30,18,9.5,1.2,6.5,14.4,EVOS_ROK1_351-355_205_9/20/2024_Juvenile,,,,,,,,,,,,,,
1,9/17/2024,9/18/2024,9/20/2024,PWS,ROK1,60.5629,-145.96046,205,Orange,Juvenile,352,54,31,18,13,1.2,6.5,14.4,EVOS_ROK1_351-355_205_9/20/2024_Juvenile,,,,,,,,,,,,,,
1,9/17/2024,9/18/2024,9/20/2024,PWS,ROK1,60.5629,-145.96046,205,Orange,Juvenile,353,46,29,13,9.7,1.2,6.5,14.4,EVOS_ROK1_351-355_205_9/20/2024_Juvenile,,,,,,,,,,,,,,
1,9/17/2024,9/18/2024,9/20/2024,PWS,ROK1,60.5629,-145.96046,205,Orange,Juvenile,354,46,36,16,14.9,2,6.5,14.4,EVOS_ROK1_351-355_205_9/20/2024_Juvenile,,,,,,,,,,,,,,
1,9/17/2024,9/18/2024,9/20/2024,PWS,ROK1,60.5629,-145.96046,205,Orange,Juvenile,355,60,38,23,21.1,2.9,6.5,14.4,EVOS_ROK1_351-355_205_9/20/2024_Juvenile,,,,,,,,,,,,,,
1,9/17/2024,9/18/2024,9/20/2024,PWS,ROK1,60.5629,-145.96046,206,Orange,Juvenile,356,57,38,20,18.2,2.1,6.5,16.3,EVOS_ROK1_356-360_206_9/20/2024_Juvenile,,,,,,,,,,,,,,
1,9/17/2024,9/18/2024,9/20/2024,PWS,ROK1,60.5629,-145.96046,206,Orange,Juvenile,357,50,28,12,9.4,1.2,6.5,16.3,EVOS_ROK1_356-360_206_9/20/2024_Juvenile,,,,,,,,,,,,,,
1,9/17/2024,9/18/2024,9/20/2024,PWS,ROK1,60.5629,-145.96046,206,Orange,Juvenile,358,61,39,17,19.4,2.1,6.5,16.3,EVOS_ROK1_356-360_206_9/20/2024_Juvenile,,,,,,,,,,,,,,
1,9/17/2024,9/18/2024,9/20/2024,PWS,ROK1,60.5629,-145.96046,206,Orange,Juvenile,359,67,32,15,14.9,1.9,6.5,16.3,EVOS_ROK1_356-360_206_9/20/2024_Juvenile,,,,,,,,,,,,,,
1,9/17/2024,9/18/2024,9/20/2024,PWS,ROK1,60.5629,-145.96046,206,Orange,Juvenile,360,57,47,17,22.2,2.6,6.5,16.3,EVOS_ROK1_356-360_206_9/20/2024_Juvenile,,,,,,,,,,,,,,
1,9/17/2024,9/18/2024,9/20/2024,PWS,ROK1,60.5629,-145.96046,206,Orange,Juvenile,361,51,33,15,10.1,1.3,6.5,15.3,EVOS_ROK1_361-365_206_9/20/2024_Juvenile,,,,,,,,,,,,,,
1,9/17/2024,9/18/2024,9/20/2024,PWS,ROK1,60.5629,-145.96046,206,Orange,Juvenile,362,62,37,15,15,2.6,6.5,15.3,EVOS_ROK1_361-365_206_9/20/2024_Juvenile,,,,,,,,,,,,,,
1,9/17/2024,9/18/2024,9/20/2024,PWS,ROK1,60.5629,-145.96046,206,Orange,Juvenile,363,46,40,16,12.6,1.5,6.5,15.3,EVOS_ROK1_361-365_206_9/20/2024_Juvenile,,,,,,,,,,,,,,
1,9/17/2024,9/18/2024,9/20/2024,PWS,ROK1,60.5629,-145.96046,206,Orange,Juvenile,364,72,47,16,24.2,2.3,6.5,15.3,EVOS_ROK1_361-365_206_9/20/2024_Juvenile,,,,,,,,,,,,,,
1,9/17/2024,9/18/2024,9/20/2024,PWS,ROK1,60.5629,-145.96046,206,Orange,Juvenile,365,49,36,15,13.7,1.8,6.5,15.3,EVOS_ROK1_361-365_206_9/20/2024_Juvenile,,,,,,,,,,,,,,
1,9/17/2024,9/18/2024,9/20/2024,PWS,ROK1,60.5629,-145.96046,206,Orange,Juvenile,366,50,38,16,13.4,2.1,6.5,14.4,EVOS_ROK1_366-370_206_9/20/2024_Juvenile,,,,,,,,,,,,,,
1,9/17/2024,9/18/2024,9/20/2024,PWS,ROK1,60.5629,-145.96046,206,Orange,Juvenile,367,44,28,15,10.7,1.2,6.5,14.4,EVOS_ROK1_366-370_206_9/20/2024_Juvenile,,,,,,,,,,,,,,
1,9/17/2024,9/18/2024,9/20/2024,PWS,ROK1,60.5629,-145.96046,206,Orange,Juvenile,368,52,35,15,13,1.6,6.5,14.4,EVOS_ROK1_366-370_206_9/20/2024_Juvenile,,,,,,,,,,,,,,
1,9/17/2024,9/18/2024,9/20/2024,PWS,ROK1,60.5629,-145.96046,206,Orange,Juvenile,369,60,41,16,16.4,2.3,6.5,14.4,EVOS_ROK1_366-370_206_9/20/2024_Juvenile,,,,,,,,,,,,,,
1,9/17/2024,9/18/2024,9/20/2024,PWS,ROK1,60.5629,-145.96046,206,Orange,Juvenile,370,45,35,13,9.9,1.1,6.5,14.4,EVOS_ROK1_366-370_206_9/20/2024_Juvenile,,,,,,,,,,,,,,
1,9/17/2024,9/18/2024,9/20/2024,PWS,ROK1,60.5629,-145.96046,206,Orange,Juvenile,371,57,39,16,16.9,1.7,6.5,14,EVOS_ROK1_371-375_206_9/20/2024_Juvenile,,,,,,,,,,,,,,
1,9/17/2024,9/18/2024,9/20/2024,PWS,ROK1,60.5629,-145.96046,206,Orange,Juvenile,372,46,32,18,12.7,1.5,6.5,14,EVOS_ROK1_371-375_206_9/20/2024_Juvenile,,,,,,,,,,,,,,
1,9/17/2024,9/18/2024,9/20/2024,PWS,ROK1,60.5629,-145.96046,206,Orange,Juvenile,373,47,45,16,14.4,2.1,6.5,14,EVOS_ROK1_371-375_206_9/20/2024_Juvenile,,,,,,,,,,,,,,
1,9/17/2024,9/18/2024,9/20/2024,PWS,ROK1,60.5629,-145.96046,206,Orange,Juvenile,374,54,38,15,11.4,1.4,6.5,14,EVOS_ROK1_371-375_206_9/20/2024_Juvenile,,,,,,,,,,,,,,
1,9/17/2024,9/18/2024,9/20/2024,PWS,ROK1,60.5629,-145.96046,206,Orange,Juvenile,375,50,31,15,12.7,1.2,6.5,14,EVOS_ROK1_371-375_206_9/20/2024_Juvenile,,,,,,,,,,,,,,
1,9/17/2024,9/18/2024,9/20/2024,PWS,ROK1,60.5629,-145.96046,504,Yellow,Subadult,376,84,48,30,48.8,9.8,9.7,22.4,EVOS_ROK1_376_504_9/20/2024_Subadult,,,,,,,,,,,,,,
1,9/17/2024,9/18/2024,9/20/2024,PWS,ROK1,60.5629,-145.96046,504,Yellow,Subadult,377,65,42,24,29.6,5.2,9.7,19.4,EVOS_ROK1_377_504_9/20/2024_Subadult,,,,,,,,,,,,,,
1,9/17/2024,9/18/2024,9/20/2024,PWS,ROK1,60.5629,-145.96046,504,Yellow,Subadult,378,72,33,20,28.1,5.5,9.7,19.7,EVOS_ROK1_378_504_9/20/2024_Subadult,,,,,,,,,,,,,,
1,9/17/2024,9/18/2024,9/20/2024,PWS,ROK1,60.5629,-145.96046,504,Yellow,Subadult,379,67,51,20,33.6,5.9,9.7,20,EVOS_ROK1_379_504_9/20/2024_Subadult,,,,,,,,,,,,,,
1,9/17/2024,9/18/2024,9/20/2024,PWS,ROK1,60.5629,-145.96046,504,Yellow,Subadult,380,70,63,24,43.6,6.5,,,,,,,,,,,,,,,,,
1,9/17/2024,9/18/2024,9/20/2024,PWS,ROK1,60.5629,-145.96046,504,Yellow,Subadult,381,76,48,23,45.7,9.7,,,,,,,,,,,,,,,,,
1,9/17/2024,9/18/2024,9/20/2024,PWS,ROK1,60.5629,-145.96046,504,Yellow,Subadult,382,70,40,20,28.5,5.9,,,,,,,,,,,,,,,,,
1,9/17/2024,9/18/2024,9/20/2024,PWS,ROK1,60.5629,-145.96046,505,Yellow,Subadult,383,65,57,25,35.1,5.5,9.7,19.5,EVOS_ROK1_383_505_9/20/2024_Subadult,,,,,,,,,,,,,,
1,9/17/2024,9/18/2024,9/20/2024,PWS,ROK1,60.5629,-145.96046,505,Yellow,Subadult,384,75,50,27,50.2,9.2,9.7,22.7,EVOS_ROK1_384_505_9/20/2024_Subadult,,,,,,,,,,,,,,
1,9/17/2024,9/18/2024,9/20/2024,PWS,ROK1,60.5629,-145.96046,505,Yellow,Subadult,385,70,52,24,46.4,9.2,9.7,23.3,EVOS_ROK1_385_505_9/20/2024_Subadult,,,,,,,,,,,,,,
1,9/17/2024,9/18/2024,9/20/2024,PWS,ROK1,60.5629,-145.96046,505,Yellow,Subadult,386,77,55,27,58.4,9.1,9.7,22.9,EVOS_ROK1_386_505_9/20/2024_Subadult,,,,,,,,,,,,,,
1,9/17/2024,9/18/2024,9/20/2024,PWS,ROK1,60.5629,-145.96046,505,Yellow,Subadult,387,80,44,25,43.8,5.5,,,,,,,,,,,,,,,,,
1,9/17/2024,9/18/2024,9/20/2024,PWS,ROK1,60.5629,-145.96046,505,Yellow,Subadult,388,84,73,33,72.5,12.3,,,,,,,,,,,,,,,,,
1,9/17/2024,9/18/2024,9/20/2024,PWS,ROK1,60.5629,-145.96046,505,Yellow,Subadult,389,61,49,25,42,8.4,,,,,,,,,,,,,,,,,
1,9/17/2024,9/18/2024,9/20/2024,PWS,ROK1,60.5629,-145.96046,506,Yellow,Subadult,390,75,50,30,47.7,9.1,9.7,23.2,EVOS_ROK1_390_506_9/20/2024_Subadult,,,,,,,,,,,,,,
1,9/17/2024,9/18/2024,9/20/2024,PWS,ROK1,60.5629,-145.96046,506,Yellow,Subadult,391,69,44,23,35.7,6,9.7,20.6,EVOS_ROK1_391_506_9/20/2024_Subadult,,,,,,,,,,,,,,
1,9/17/2024,9/18/2024,9/20/2024,PWS,ROK1,60.5629,-145.96046,506,Yellow,Subadult,392,75,53,21,34.4,5.4,9.7,20.3,EVOS_ROK1_392_506_9/20/2024_Subadult,,,,,,,,,,,,,,
1,9/17/2024,9/18/2024,9/20/2024,PWS,ROK1,60.5629,-145.96046,506,Yellow,Subadult,393,60,40,20,24.9,4.6,9.7,19,EVOS_ROK1_393_506_9/20/2024_Subadult,,,,,,,,,,,,,,
1,9/17/2024,9/18/2024,9/20/2024,PWS,ROK1,60.5629,-145.96046,506,Yellow,Subadult,394,80,47,26,49.8,6,,,,,,,,,,,,,,,,,
1,9/17/2024,9/18/2024,9/20/2024,PWS,ROK1,60.5629,-145.96046,506,Yellow,Subadult,395,71,39,29,41.5,8.3,,,,,,,,,,,,,,,,,
1,9/17/2024,9/18/2024,9/20/2024,PWS,ROK1,60.5629,-145.96046,506,Yellow,Subadult,396,81,47,25,47.9,11.5,,,,,,,,,,,,,,,,,
1,9/17/2024,9/18/2024,9/20/2024,PWS,SBR1,60.63698,-146.00447,501,Yellow,Subadult,397,80,59,23,45.5,10.2,9.7,24.2,EVOS_SBR1_397_501_9/20/2024_Subadult,,,,,,,,,,,,,,
1,9/17/2024,9/18/2024,9/20/2024,PWS,SBR1,60.63698,-146.00447,501,Yellow,Subadult,398,62,48,28,37.1,8.5,9.7,22.6,EVOS_SBR1_398_501_9/20/2024_Subadult,,,,,,,,,,,,,,
1,9/17/2024,9/18/2024,9/20/2024,PWS,SBR1,60.63698,-146.00447,501,Yellow,Subadult,399,69,51,21,37,7.7,9.7,21.8,EVOS_SBR1_399_501_9/20/2024_Subadult,,,,,,,,,,,,,,
1,9/17/2024,9/18/2024,9/20/2024,PWS,SBR1,60.63698,-146.00447,501,Yellow,Subadult,400,67,40,24,38.3,7.1,9.7,21.2,EVOS_SBR1_400_501_9/20/2024_Subadult,,,,,,,,,,,,,,
1,9/17/2024,9/18/2024,9/20/2024,PWS,SBR1,60.63698,-146.00447,501,Yellow,Subadult,401,71,49,25,40.4,8.1,,,,,,,,,,,,,,,,,
1,9/17/2024,9/18/2024,9/20/2024,PWS,SBR1,60.63698,-146.00447,501,Yellow,Subadult,402,63,47,26,36.6,7.2,,,,,,,,,,,,,,,,,
1,9/17/2024,9/18/2024,9/20/2024,PWS,SBR1,60.63698,-146.00447,501,Yellow,Subadult,403,67,39,25,34.1,7.3,,,,,,,,,,,,,,,,,
1,9/17/2024,9/18/2024,9/20/2024,PWS,SBR1,60.63698,-146.00447,502,Yellow,Subadult,404,80,67,23,42,6.7,9.7,20.6,EVOS_SBR1_404_502_9/20/2024_Subadult,,,,,,,,,,,,,,
1,9/17/2024,9/18/2024,9/20/2024,PWS,SBR1,60.63698,-146.00447,502,Yellow,Subadult,405,69,60,24,41.8,6.9,9.7,20.9,EVOS_SBR1_405_502_9/20/2024_Subadult,,,,,,,,,,,,,,
1,9/17/2024,9/18/2024,9/20/2024,PWS,SBR1,60.63698,-146.00447,502,Yellow,Subadult,406,67,51,26,41.1,6.8,9.7,20.6,EVOS_SBR1_406_502_9/20/2024_Subadult,,,,,,,,,,,,,,
1,9/17/2024,9/18/2024,9/20/2024,PWS,SBR1,60.63698,-146.00447,502,Yellow,Subadult,407,80,62,29,46,7.2,9.7,20.8,EVOS_SBR1_407_502_9/20/2024_Subadult,,,,,,,,,,,,,,
1,9/17/2024,9/18/2024,9/20/2024,PWS,SBR1,60.63698,-146.00447,502,Yellow,Subadult,408,85,53,26,55.5,8.6,,,,,,,,,,,,,,,,,
1,9/17/2024,9/18/2024,9/20/2024,PWS,SBR1,60.63698,-146.00447,502,Yellow,Subadult,409,80,36,26,39.6,7.4,,,,,,,,,,,,,,,,,
1,9/17/2024,9/18/2024,9/20/2024,PWS,SBR1,60.63698,-146.00447,502,Yellow,Subadult,410,74,51,25,31.7,6.4,,,,,,,,,,,,,,,,,
1,9/17/2024,9/18/2024,9/20/2024,PWS,SBR1,60.63698,-146.00447,503,Yellow,Subadult,411,78,48,21,42.6,6.6,9.7,20.6,EVOS_SBR1_411_503_9/20/2024_Subadult,,,,,,,,,,,,,,
1,9/17/2024,9/18/2024,9/20/2024,PWS,SBR1,60.63698,-146.00447,503,Yellow,Subadult,412,85,50,26,59.6,12.1,9.7,26.3,EVOS_SBR1_412_503_9/20/2024_Subadult,,,,,,,,,,,,,,
1,9/17/2024,9/18/2024,9/20/2024,PWS,SBR1,60.63698,-146.00447,503,Yellow,Subadult,413,73,50,22,34.1,7.5,9.7,21.5,EVOS_SBR1_413_503_9/20/2024_Subadult,,,,,,,,,,,,,,
1,9/17/2024,9/18/2024,9/20/2024,PWS,SBR1,60.63698,-146.00447,503,Yellow,Subadult,414,70,46,25,35,6.1,9.7,20.2,EVOS_SBR1_414_503_9/20/2024_Subadult,,,,,,,,,,,,,,
1,9/17/2024,9/18/2024,9/20/2024,PWS,SBR1,60.63698,-146.00447,503,Yellow,Subadult,415,52,50,27,56.1,10.7,,,,,,,,,,,,,,,,,
1,9/17/2024,9/18/2024,9/20/2024,PWS,SBR1,60.63698,-146.00447,503,Yellow,Subadult,416,53,45,17,20,3.2,,,,,,,,,,,,,,,,,
1,9/17/2024,9/18/2024,9/20/2024,PWS,SBR1,60.63698,-146.00447,503,Yellow,Subadult,417,60,53,19,21.5,4.5,,,,,,,,,,,,,,,,,
1,9/17/2024,9/18/2024,9/23/2024,PWS,SBR1,60.63698,-146.00447,201,Orange,Juvenile,418,62,47,18,21.4,2.1,6.5,14.1,EVOS_SBR1_418-422_201_9/23/2024_Juvenile,"Small mussels were found on the oysters in bags 201,202, and 203",,,,,,,,,,,,,
1,9/17/2024,9/18/2024,9/23/2024,PWS,SBR1,60.63698,-146.00447,201,Orange,Juvenile,419,60,43,16,14.4,1.4,6.5,14.1,EVOS_SBR1_418-422_201_9/23/2024_Juvenile,,,,,,,,,,,,,,
1,9/17/2024,9/18/2024,9/23/2024,PWS,SBR1,60.63698,-146.00447,201,Orange,Juvenile,420,56,39,14,12.7,1.3,6.5,14.1,EVOS_SBR1_418-422_201_9/23/2024_Juvenile,,,,,,,,,,,,,,
1,9/17/2024,9/18/2024,9/23/2024,PWS,SBR1,60.63698,-146.00447,201,Orange,Juvenile,421,58,42,18,16.8,1.8,6.5,14.1,EVOS_SBR1_418-422_201_9/23/2024_Juvenile,,,,,,,,,,,,,,
1,9/17/2024,9/18/2024,9/23/2024,PWS,SBR1,60.63698,-146.00447,201,Orange,Juvenile,422,49,33,16,13.1,1.3,6.5,14.1,EVOS_SBR1_418-422_201_9/23/2024_Juvenile,,,,,,,,,,,,,,
1,9/17/2024,9/18/2024,9/23/2024,PWS,SBR1,60.63698,-146.00447,201,Orange,Juvenile,423,59,36,18,14.7,1.6,6.5,14.4,EVOS_SBR1_423-427_201_9/23/2024_Juvenile,,,,,,,,,,,,,,
1,9/17/2024,9/18/2024,9/23/2024,PWS,SBR1,60.63698,-146.00447,201,Orange,Juvenile,424,55,42,18,12.3,1.2,6.5,14.4,EVOS_SBR1_423-427_201_9/23/2024_Juvenile,,,,,,,,,,,,,,
1,9/17/2024,9/18/2024,9/23/2024,PWS,SBR1,60.63698,-146.00447,201,Orange,Juvenile,425,54,44,15,15,1.6,6.5,14.4,EVOS_SBR1_423-427_201_9/23/2024_Juvenile,,,,,,,,,,,,,,
1,9/17/2024,9/18/2024,9/23/2024,PWS,SBR1,60.63698,-146.00447,201,Orange,Juvenile,426,52,33,19,16.3,2,6.5,14.4,EVOS_SBR1_423-427_201_9/23/2024_Juvenile,,,,,,,,,,,,,,
1,9/17/2024,9/18/2024,9/23/2024,PWS,SBR1,60.63698,-146.00447,201,Orange,Juvenile,427,59,38,15,14.6,1.7,6.5,14.4,EVOS_SBR1_423-427_201_9/23/2024_Juvenile,,,,,,,,,,,,,,
1,9/17/2024,9/18/2024,9/23/2024,PWS,SBR1,60.63698,-146.00447,201,Orange,Juvenile,428,51,35,18,12.2,1.7,6.5,13.1,EVOS_SBR1_428-432_201_9/23/2024_Juvenile,"Falcon tube was blank. Could be either oyster numbers ""428-432"" or ""433-437""",,,,,,,,,,,,,
1,9/17/2024,9/18/2024,9/23/2024,PWS,SBR1,60.63698,-146.00447,201,Orange,Juvenile,429,55,40,16,13.8,1.8,6.5,13.1,EVOS_SBR1_428-432_201_9/23/2024_Juvenile,"Falcon tube was blank. Could be either oyster numbers ""428-432"" or ""433-437""",,,,,,,,,,,,,
1,9/17/2024,9/18/2024,9/23/2024,PWS,SBR1,60.63698,-146.00447,201,Orange,Juvenile,430,40,31,16,8.1,0.9,6.5,13.1,EVOS_SBR1_428-432_201_9/23/2024_Juvenile,"Falcon tube was blank. Could be either oyster numbers ""428-432"" or ""433-437""",,,,,,,,,,,,,
1,9/17/2024,9/18/2024,9/23/2024,PWS,SBR1,60.63698,-146.00447,201,Orange,Juvenile,431,42,28,14,8.4,1.1,6.5,13.1,EVOS_SBR1_428-432_201_9/23/2024_Juvenile,"Falcon tube was blank. Could be either oyster numbers ""428-432"" or ""433-437""",,,,,,,,,,,,,
1,9/17/2024,9/18/2024,9/23/2024,PWS,SBR1,60.63698,-146.00447,201,Orange,Juvenile,432,53,36,15,13.6,1.5,6.5,13.1,EVOS_SBR1_428-432_201_9/23/2024_Juvenile,"Falcon tube was blank. Could be either oyster numbers ""428-432"" or ""433-437""",,,,,,,,,,,,,
1,9/17/2024,9/18/2024,9/23/2024,PWS,SBR1,60.63698,-146.00447,201,Orange,Juvenile,433,61,40,15,16,1.4,6.5,12.7,EVOS_SBR1_433-437_201_9/23/2024_Juvenile,"Falcon tube was blank. Could be either oyster numbers ""428-432"" or ""433-437""",,,,,,,,,,,,,
1,9/17/2024,9/18/2024,9/23/2024,PWS,SBR1,60.63698,-146.00447,201,Orange,Juvenile,434,53,42,15,13.1,1.5,6.5,12.7,EVOS_SBR1_433-437_201_9/23/2024_Juvenile,"Falcon tube was blank. Could be either oyster numbers ""428-432"" or ""433-437""",,,,,,,,,,,,,
1,9/17/2024,9/18/2024,9/23/2024,PWS,SBR1,60.63698,-146.00447,201,Orange,Juvenile,435,41,29,14,8.3,1.2,6.5,12.7,EVOS_SBR1_433-437_201_9/23/2024_Juvenile,"Falcon tube was blank. Could be either oyster numbers ""428-432"" or ""433-437""",,,,,,,,,,,,,
1,9/17/2024,9/18/2024,9/23/2024,PWS,SBR1,60.63698,-146.00447,201,Orange,Juvenile,436,45,28,20,10.3,1.2,6.5,12.7,EVOS_SBR1_433-437_201_9/23/2024_Juvenile,"Falcon tube was blank. Could be either oyster numbers ""428-432"" or ""433-437""",,,,,,,,,,,,,
1,9/17/2024,9/18/2024,9/23/2024,PWS,SBR1,60.63698,-146.00447,201,Orange,Juvenile,437,43,31,13,9.7,1.1,6.5,12.7,EVOS_SBR1_433-437_201_9/23/2024_Juvenile,"Falcon tube was blank. Could be either oyster numbers ""428-432"" or ""433-437""",,,,,,,,,,,,,
1,9/17/2024,9/18/2024,9/23/2024,PWS,SBR1,60.63698,-146.00447,202,Orange,Juvenile,438,49,52,15,15,1.7,6.5,14.7,EVOS_SBR1_438-442_202_9/23/2024_Juvenile,,,,,,,,,,,,,,
1,9/17/2024,9/18/2024,9/23/2024,PWS,SBR1,60.63698,-146.00447,202,Orange,Juvenile,439,48,44,13,10,1.1,6.5,14.7,EVOS_SBR1_438-442_202_9/23/2024_Juvenile,,,,,,,,,,,,,,
1,9/17/2024,9/18/2024,9/23/2024,PWS,SBR1,60.63698,-146.00447,202,Orange,Juvenile,440,55,46,12,14.6,1.6,6.5,14.7,EVOS_SBR1_438-442_202_9/23/2024_Juvenile,,,,,,,,,,,,,,
1,9/17/2024,9/18/2024,9/23/2024,PWS,SBR1,60.63698,-146.00447,202,Orange,Juvenile,441,59,38,14,18.7,2.3,6.5,14.7,EVOS_SBR1_438-442_202_9/23/2024_Juvenile,,,,,,,,,,,,,,
1,9/17/2024,9/18/2024,9/23/2024,PWS,SBR1,60.63698,-146.00447,202,Orange,Juvenile,442,57,47,14,16.1,1.9,6.5,14.7,EVOS_SBR1_438-442_202_9/23/2024_Juvenile,,,,,,,,,,,,,,
1,9/17/2024,9/18/2024,9/23/2024,PWS,SBR1,60.63698,-146.00447,202,Orange,Juvenile,443,63,33,16,18.3,2.3,6.5,17.3,EVOS_SBR1_443-447_202_9/23/2024_Juvenile,,,,,,,,,,,,,,
1,9/17/2024,9/18/2024,9/23/2024,PWS,SBR1,60.63698,-146.00447,202,Orange,Juvenile,444,77,43,16,24.9,2.6,6.5,17.3,EVOS_SBR1_443-447_202_9/23/2024_Juvenile,,,,,,,,,,,,,,
1,9/17/2024,9/18/2024,9/23/2024,PWS,SBR1,60.63698,-146.00447,202,Orange,Juvenile,445,55,44,15,16.9,2.2,6.5,17.3,EVOS_SBR1_443-447_202_9/23/2024_Juvenile,,,,,,,,,,,,,,
1,9/17/2024,9/18/2024,9/23/2024,PWS,SBR1,60.63698,-146.00447,202,Orange,Juvenile,446,53,42,14,16.4,1.5,6.5,17.3,EVOS_SBR1_443-447_202_9/23/2024_Juvenile,,,,,,,,,,,,,,
1,9/17/2024,9/18/2024,9/23/2024,PWS,SBR1,60.63698,-146.00447,202,Orange,Juvenile,447,64,41,16,24.8,2.7,6.5,17.3,EVOS_SBR1_443-447_202_9/23/2024_Juvenile,,,,,,,,,,,,,,
1,9/17/2024,9/18/2024,9/23/2024,PWS,SBR1,60.63698,-146.00447,202,Orange,Juvenile,448,54,34,12,10.8,0.9,6.5,11,EVOS_SBR1_448-452_202_9/23/2024_Juvenile,,,,,,,,,,,,,,
1,9/17/2024,9/18/2024,9/23/2024,PWS,SBR1,60.63698,-146.00447,202,Orange,Juvenile,449,33,49,12,7.8,0.8,6.5,11,EVOS_SBR1_448-452_202_9/23/2024_Juvenile,,,,,,,,,,,,,,
1,9/17/2024,9/18/2024,9/23/2024,PWS,SBR1,60.63698,-146.00447,202,Orange,Juvenile,450,52,32,13,10.5,1.1,6.5,11,EVOS_SBR1_448-452_202_9/23/2024_Juvenile,,,,,,,,,,,,,,
1,9/17/2024,9/18/2024,9/23/2024,PWS,SBR1,60.63698,-146.00447,202,Orange,Juvenile,451,46,28,11,7,0.6,6.5,11,EVOS_SBR1_448-452_202_9/23/2024_Juvenile,,,,,,,,,,,,,,
1,9/17/2024,9/18/2024,9/23/2024,PWS,SBR1,60.63698,-146.00447,202,Orange,Juvenile,452,61,36,13,14.3,1.3,6.5,11,EVOS_SBR1_448-452_202_9/23/2024_Juvenile,,,,,,,,,,,,,,
1,9/17/2024,9/18/2024,9/23/2024,PWS,SBR1,60.63698,-146.00447,202,Orange,Juvenile,453,67,43,16,24.9,1.9,6.5,12.7,EVOS_SBR1_453-457_202_9/23/2024_Juvenile,,,,,,,,,,,,,,
1,9/17/2024,9/18/2024,9/23/2024,PWS,SBR1,60.63698,-146.00447,202,Orange,Juvenile,454,40,39,13,8.9,0.8,6.5,12.7,EVOS_SBR1_453-457_202_9/23/2024_Juvenile,,,,,,,,,,,,,,
1,9/17/2024,9/18/2024,9/23/2024,PWS,SBR1,60.63698,-146.00447,202,Orange,Juvenile,455,66,41,13,14,1.6,6.5,12.7,EVOS_SBR1_453-457_202_9/23/2024_Juvenile,,,,,,,,,,,,,,
1,9/17/2024,9/18/2024,9/23/2024,PWS,SBR1,60.63698,-146.00447,202,Orange,Juvenile,456,50,29,16,8.2,1,6.5,12.7,EVOS_SBR1_453-457_202_9/23/2024_Juvenile,,,,,,,,,,,,,,
1,9/17/2024,9/18/2024,9/23/2024,PWS,SBR1,60.63698,-146.00447,202,Orange,Juvenile,457,57,35,15,13.3,1.3,6.5,12.7,EVOS_SBR1_453-457_202_9/23/2024_Juvenile,,,,,,,,,,,,,,
1,9/17/2024,9/18/2024,9/23/2024,PWS,SBR1,60.63698,-146.00447,203,Orange,Juvenile,458,60,44,16,18.6,1.7,6.5,15.7,EVOS_SBR1_458-462_203_9/23/2024_Juvenile,,,,,,,,,,,,,,
1,9/17/2024,9/18/2024,9/23/2024,PWS,SBR1,60.63698,-146.00447,203,Orange,Juvenile,459,57,39,20,15.4,2,6.5,15.7,EVOS_SBR1_458-462_203_9/23/2024_Juvenile,,,,,,,,,,,,,,
1,9/17/2024,9/18/2024,9/23/2024,PWS,SBR1,60.63698,-146.00447,203,Orange,Juvenile,460,57,41,17,15.5,1.6,6.5,15.7,EVOS_SBR1_458-462_203_9/23/2024_Juvenile,,,,,,,,,,,,,,
1,9/17/2024,9/18/2024,9/23/2024,PWS,SBR1,60.63698,-146.00447,203,Orange,Juvenile,461,59,40,17,14.2,2.1,6.5,15.7,EVOS_SBR1_458-462_203_9/23/2024_Juvenile,,,,,,,,,,,,,,
1,9/17/2024,9/18/2024,9/23/2024,PWS,SBR1,60.63698,-146.00447,203,Orange,Juvenile,462,66,42,15,17.4,2.1,6.5,15.7,EVOS_SBR1_458-462_203_9/23/2024_Juvenile,,,,,,,,,,,,,,
1,9/17/2024,9/18/2024,9/23/2024,PWS,SBR1,60.63698,-146.00447,203,Orange,Juvenile,463,66,48,18,20.6,3.5,6.5,16.3,EVOS_SBR1_463-467_203_9/23/2024_Juvenile,,,,,,,,,,,,,,
1,9/17/2024,9/18/2024,9/23/2024,PWS,SBR1,60.63698,-146.00447,203,Orange,Juvenile,464,55,36,18,12.6,1.5,6.5,16.3,EVOS_SBR1_463-467_203_9/23/2024_Juvenile,,,,,,,,,,,,,,
1,9/17/2024,9/18/2024,9/23/2024,PWS,SBR1,60.63698,-146.00447,203,Orange,Juvenile,465,52,40,16,14.7,1.8,6.5,16.3,EVOS_SBR1_463-467_203_9/23/2024_Juvenile,,,,,,,,,,,,,,
1,9/17/2024,9/18/2024,9/23/2024,PWS,SBR1,60.63698,-146.00447,203,Orange,Juvenile,466,58,40,14,16.4,1.6,6.5,16.3,EVOS_SBR1_463-467_203_9/23/2024_Juvenile,,,,,,,,,,,,,,
1,9/17/2024,9/18/2024,9/23/2024,PWS,SBR1,60.63698,-146.00447,203,Orange,Juvenile,467,49,40,16,12.3,1.9,6.5,16.3,EVOS_SBR1_463-467_203_9/23/2024_Juvenile,,,,,,,,,,,,,,
1,9/17/2024,9/18/2024,9/23/2024,PWS,SBR1,60.63698,-146.00447,203,Orange,Juvenile,468,56,41,16,15.8,2.4,6.5,14.6,EVOS_SBR1_468-472_203_9/23/2024_Juvenile,,,,,,,,,,,,,,
1,9/17/2024,9/18/2024,9/23/2024,PWS,SBR1,60.63698,-146.00447,203,Orange,Juvenile,469,44,40,16,10.9,1.5,6.5,14.6,EVOS_SBR1_468-472_203_9/23/2024_Juvenile,,,,,,,,,,,,,,
1,9/17/2024,9/18/2024,9/23/2024,PWS,SBR1,60.63698,-146.00447,203,Orange,Juvenile,470,50,30,14,11.5,1.4,6.5,14.6,EVOS_SBR1_468-472_203_9/23/2024_Juvenile,,,,,,,,,,,,,,
1,9/17/2024,9/18/2024,9/23/2024,PWS,SBR1,60.63698,-146.00447,203,Orange,Juvenile,471,57,39,18,17.2,2,6.5,14.6,EVOS_SBR1_468-472_203_9/23/2024_Juvenile,,,,,,,,,,,,,,
1,9/17/2024,9/18/2024,9/23/2024,PWS,SBR1,60.63698,-146.00447,203,Orange,Juvenile,472,46,37,13,10.7,1.2,6.5,14.6,EVOS_SBR1_468-472_203_9/23/2024_Juvenile,,,,,,,,,,,,,,
1,9/17/2024,9/18/2024,9/23/2024,PWS,SBR1,60.63698,-146.00447,203,Orange,Juvenile,473,70,43,14,17.4,2.1,6.5,14.5,EVOS_SBR1_473-477_203_9/23/2024_Juvenile,,,,,,,,,,,,,,
1,9/17/2024,9/18/2024,9/23/2024,PWS,SBR1,60.63698,-146.00447,203,Orange,Juvenile,474,58,43,16,17.9,2.2,6.5,14.5,EVOS_SBR1_473-477_203_9/23/2024_Juvenile,,,,,,,,,,,,,,
1,9/17/2024,9/18/2024,9/23/2024,PWS,SBR1,60.63698,-146.00447,203,Orange,Juvenile,475,48,39,15,13.7,1.4,6.5,14.5,EVOS_SBR1_473-477_203_9/23/2024_Juvenile,,,,,,,,,,,,,,
1,9/17/2024,9/18/2024,9/23/2024,PWS,SBR1,60.63698,-146.00447,203,Orange,Juvenile,476,50,31,16,13.8,1.4,6.5,14.5,EVOS_SBR1_473-477_203_9/23/2024_Juvenile,,,,,,,,,,,,,,
1,9/17/2024,9/18/2024,9/23/2024,PWS,SBR1,60.63698,-146.00447,203,Orange,Juvenile,477,42,29,18,9.6,1.3,6.5,14.5,EVOS_SBR1_473-477_203_9/23/2024_Juvenile,,,,,,,,,,,,,,
1,9/19/2024,9/22/2024,9/23/2024,KBY,SSF1,59.46033,-151.51878,210,Orange,Juvenile,478,46,39,17,Dead,Dead,N/A,N/A,N/A,"Juveniles in bags 210, 211, and 212 were dead",,,,,,,,,,,,,
1,9/19/2024,9/22/2024,9/23/2024,KBY,SSF1,59.46033,-151.51878,210,Orange,Juvenile,479,42,30,11,Dead,Dead,N/A,N/A,N/A,"Juveniles in bags 210, 211, and 212 were dead",,,,,,,,,,,,,
1,9/19/2024,9/22/2024,9/23/2024,KBY,SSF1,59.46033,-151.51878,210,Orange,Juvenile,480,52,35,8,Dead,Dead,N/A,N/A,N/A,"Juveniles in bags 210, 211, and 212 were dead",,,,,,,,,,,,,
1,9/19/2024,9/22/2024,9/23/2024,KBY,SSF1,59.46033,-151.51878,210,Orange,Juvenile,481,48,35,10,Dead,Dead,N/A,N/A,N/A,"Juveniles in bags 210, 211, and 212 were dead",,,,,,,,,,,,,
1,9/19/2024,9/22/2024,9/23/2024,KBY,SSF1,59.46033,-151.51878,210,Orange,Juvenile,482,46,30,9,Dead,Dead,N/A,N/A,N/A,"Juveniles in bags 210, 211, and 212 were dead",,,,,,,,,,,,,
1,9/19/2024,9/22/2024,9/23/2024,KBY,SSF1,59.46033,-151.51878,210,Orange,Juvenile,483,46,32,10,Dead,Dead,N/A,N/A,N/A,"Juveniles in bags 210, 211, and 212 were dead",,,,,,,,,,,,,
1,9/19/2024,9/22/2024,9/23/2024,KBY,SSF1,59.46033,-151.51878,210,Orange,Juvenile,484,42,28,10,Dead,Dead,N/A,N/A,N/A,"Juveniles in bags 210, 211, and 212 were dead",,,,,,,,,,,,,
1,9/19/2024,9/22/2024,9/23/2024,KBY,SSF1,59.46033,-151.51878,210,Orange,Juvenile,485,45,38,12,Dead,Dead,N/A,N/A,N/A,"Juveniles in bags 210, 211, and 212 were dead",,,,,,,,,,,,,
1,9/19/2024,9/22/2024,9/23/2024,KBY,SSF1,59.46033,-151.51878,210,Orange,Juvenile,486,35,27,12,Dead,Dead,N/A,N/A,N/A,"Juveniles in bags 210, 211, and 212 were dead",,,,,,,,,,,,,
1,9/19/2024,9/22/2024,9/23/2024,KBY,SSF1,59.46033,-151.51878,210,Orange,Juvenile,487,59,38,13,Dead,Dead,N/A,N/A,N/A,"Juveniles in bags 210, 211, and 212 were dead",,,,,,,,,,,,,
1,9/19/2024,9/22/2024,9/23/2024,KBY,SSF1,59.46033,-151.51878,210,Orange,Juvenile,488,44,29,13,Dead,Dead,N/A,N/A,N/A,"Juveniles in bags 210, 211, and 212 were dead",,,,,,,,,,,,,
1,9/19/2024,9/22/2024,9/23/2024,KBY,SSF1,59.46033,-151.51878,210,Orange,Juvenile,489,42,31,12,Dead,Dead,N/A,N/A,N/A,"Juveniles in bags 210, 211, and 212 were dead",,,,,,,,,,,,,
1,9/19/2024,9/22/2024,9/23/2024,KBY,SSF1,59.46033,-151.51878,210,Orange,Juvenile,490,44,30,11,Dead,Dead,N/A,N/A,N/A,"Juveniles in bags 210, 211, and 212 were dead",,,,,,,,,,,,,
1,9/19/2024,9/22/2024,9/23/2024,KBY,SSF1,59.46033,-151.51878,210,Orange,Juvenile,491,41,40,13,Dead,Dead,N/A,N/A,N/A,"Juveniles in bags 210, 211, and 212 were dead",,,,,,,,,,,,,
1,9/19/2024,9/22/2024,9/23/2024,KBY,SSF1,59.46033,-151.51878,210,Orange,Juvenile,492,34,34,10,Dead,Dead,N/A,N/A,N/A,"Juveniles in bags 210, 211, and 212 were dead",,,,,,,,,,,,,
1,9/19/2024,9/22/2024,9/23/2024,KBY,SSF1,59.46033,-151.51878,210,Orange,Juvenile,493,56,28,12,Dead,Dead,N/A,N/A,N/A,"Juveniles in bags 210, 211, and 212 were dead",,,,,,,,,,,,,
1,9/19/2024,9/22/2024,9/23/2024,KBY,SSF1,59.46033,-151.51878,210,Orange,Juvenile,494,53,40,15,Dead,Dead,N/A,N/A,N/A,"Juveniles in bags 210, 211, and 212 were dead",,,,,,,,,,,,,
1,9/19/2024,9/22/2024,9/23/2024,KBY,SSF1,59.46033,-151.51878,210,Orange,Juvenile,495,55,36,15,Dead,Dead,N/A,N/A,N/A,"Juveniles in bags 210, 211, and 212 were dead",,,,,,,,,,,,,
1,9/19/2024,9/22/2024,9/23/2024,KBY,SSF1,59.46033,-151.51878,210,Orange,Juvenile,496,38,40,12,Dead,Dead,N/A,N/A,N/A,"Juveniles in bags 210, 211, and 212 were dead",,,,,,,,,,,,,
1,9/19/2024,9/22/2024,9/23/2024,KBY,SSF1,59.46033,-151.51878,210,Orange,Juvenile,497,37,29,13,Dead,Dead,N/A,N/A,N/A,"Juveniles in bags 210, 211, and 212 were dead",,,,,,,,,,,,,
1,9/19/2024,9/22/2024,9/23/2024,KBY,SSF1,59.46033,-151.51878,211,Orange,Juvenile,498,50,33,15,Dead,Dead,N/A,N/A,N/A,"Juveniles in bags 210, 211, and 212 were dead",,,,,,,,,,,,,
1,9/19/2024,9/22/2024,9/23/2024,KBY,SSF1,59.46033,-151.51878,211,Orange,Juvenile,499,49,30,13,Dead,Dead,N/A,N/A,N/A,"Juveniles in bags 210, 211, and 212 were dead",,,,,,,,,,,,,
1,9/19/2024,9/22/2024,9/23/2024,KBY,SSF1,59.46033,-151.51878,211,Orange,Juvenile,500,57,50,14,Dead,Dead,N/A,N/A,N/A,"Juveniles in bags 210, 211, and 212 were dead",,,,,,,,,,,,,
1,9/19/2024,9/22/2024,9/23/2024,KBY,SSF1,59.46033,-151.51878,211,Orange,Juvenile,501,48,31,12,Dead,Dead,N/A,N/A,N/A,"Juveniles in bags 210, 211, and 212 were dead",,,,,,,,,,,,,
1,9/19/2024,9/22/2024,9/23/2024,KBY,SSF1,59.46033,-151.51878,211,Orange,Juvenile,502,45,27,12,Dead,Dead,N/A,N/A,N/A,"Juveniles in bags 210, 211, and 212 were dead",,,,,,,,,,,,,
1,9/19/2024,9/22/2024,9/23/2024,KBY,SSF1,59.46033,-151.51878,211,Orange,Juvenile,503,48,37,13,Dead,Dead,N/A,N/A,N/A,"Juveniles in bags 210, 211, and 212 were dead",,,,,,,,,,,,,
1,9/19/2024,9/22/2024,9/23/2024,KBY,SSF1,59.46033,-151.51878,211,Orange,Juvenile,504,42,22,16,Dead,Dead,N/A,N/A,N/A,"Juveniles in bags 210, 211, and 212 were dead",,,,,,,,,,,,,
1,9/19/2024,9/22/2024,9/23/2024,KBY,SSF1,59.46033,-151.51878,211,Orange,Juvenile,505,48,31,13,Dead,Dead,N/A,N/A,N/A,"Juveniles in bags 210, 211, and 212 were dead",,,,,,,,,,,,,
1,9/19/2024,9/22/2024,9/23/2024,KBY,SSF1,59.46033,-151.51878,211,Orange,Juvenile,506,48,35,13,Dead,Dead,N/A,N/A,N/A,"Juveniles in bags 210, 211, and 212 were dead",,,,,,,,,,,,,
1,9/19/2024,9/22/2024,9/23/2024,KBY,SSF1,59.46033,-151.51878,211,Orange,Juvenile,507,43,28,12,Dead,Dead,N/A,N/A,N/A,"Juveniles in bags 210, 211, and 212 were dead",,,,,,,,,,,,,
1,9/19/2024,9/22/2024,9/23/2024,KBY,SSF1,59.46033,-151.51878,211,Orange,Juvenile,508,48,39,12,Dead,Dead,N/A,N/A,N/A,"Juveniles in bags 210, 211, and 212 were dead",,,,,,,,,,,,,
1,9/19/2024,9/22/2024,9/23/2024,KBY,SSF1,59.46033,-151.51878,211,Orange,Juvenile,509,41,30,15,Dead,Dead,N/A,N/A,N/A,"Juveniles in bags 210, 211, and 212 were dead",,,,,,,,,,,,,
1,9/19/2024,9/22/2024,9/23/2024,KBY,SSF1,59.46033,-151.51878,211,Orange,Juvenile,510,42,31,11,Dead,Dead,N/A,N/A,N/A,"Juveniles in bags 210, 211, and 212 were dead",,,,,,,,,,,,,
1,9/19/2024,9/22/2024,9/23/2024,KBY,SSF1,59.46033,-151.51878,211,Orange,Juvenile,511,41,32,13,Dead,Dead,N/A,N/A,N/A,"Juveniles in bags 210, 211, and 212 were dead",,,,,,,,,,,,,
1,9/19/2024,9/22/2024,9/23/2024,KBY,SSF1,59.46033,-151.51878,211,Orange,Juvenile,512,45,33,14,Dead,Dead,N/A,N/A,N/A,"Juveniles in bags 210, 211, and 212 were dead",,,,,,,,,,,,,
1,9/19/2024,9/22/2024,9/23/2024,KBY,SSF1,59.46033,-151.51878,211,Orange,Juvenile,513,55,33,13,Dead,Dead,N/A,N/A,N/A,"Juveniles in bags 210, 211, and 212 were dead",,,,,,,,,,,,,
1,9/19/2024,9/22/2024,9/23/2024,KBY,SSF1,59.46033,-151.51878,211,Orange,Juvenile,514,44,28,13,Dead,Dead,N/A,N/A,N/A,"Juveniles in bags 210, 211, and 212 were dead",,,,,,,,,,,,,
1,9/19/2024,9/22/2024,9/23/2024,KBY,SSF1,59.46033,-151.51878,211,Orange,Juvenile,515,49,32,17,Dead,Dead,N/A,N/A,N/A,"Juveniles in bags 210, 211, and 212 were dead",,,,,,,,,,,,,
1,9/19/2024,9/22/2024,9/23/2024,KBY,SSF1,59.46033,-151.51878,211,Orange,Juvenile,516,44,30,11,Dead,Dead,N/A,N/A,N/A,"Juveniles in bags 210, 211, and 212 were dead",,,,,,,,,,,,,
1,9/19/2024,9/22/2024,9/23/2024,KBY,SSF1,59.46033,-151.51878,211,Orange,Juvenile,517,40,27,16,Dead,Dead,N/A,N/A,N/A,"Juveniles in bags 210, 211, and 212 were dead",,,,,,,,,,,,,
1,9/19/2024,9/22/2024,9/23/2024,KBY,SSF1,59.46033,-151.51878,212,Orange,Juvenile,518,51,26,11,Dead,Dead,N/A,N/A,N/A,"Juveniles in bags 210, 211, and 212 were dead",,,,,,,,,,,,,
1,9/19/2024,9/22/2024,9/23/2024,KBY,SSF1,59.46033,-151.51878,212,Orange,Juvenile,519,46,35,13,Dead,Dead,N/A,N/A,N/A,"Juveniles in bags 210, 211, and 212 were dead",,,,,,,,,,,,,
1,9/19/2024,9/22/2024,9/23/2024,KBY,SSF1,59.46033,-151.51878,212,Orange,Juvenile,520,42,30,14,Dead,Dead,N/A,N/A,N/A,"Juveniles in bags 210, 211, and 212 were dead",,,,,,,,,,,,,
1,9/19/2024,9/22/2024,9/23/2024,KBY,SSF1,59.46033,-151.51878,212,Orange,Juvenile,521,42,36,14,Dead,Dead,N/A,N/A,N/A,"Juveniles in bags 210, 211, and 212 were dead",,,,,,,,,,,,,
1,9/19/2024,9/22/2024,9/23/2024,KBY,SSF1,59.46033,-151.51878,212,Orange,Juvenile,522,42,29,15,Dead,Dead,N/A,N/A,N/A,"Juveniles in bags 210, 211, and 212 were dead",,,,,,,,,,,,,
1,9/19/2024,9/22/2024,9/23/2024,KBY,SSF1,59.46033,-151.51878,212,Orange,Juvenile,523,28,24,8,Dead,Dead,N/A,N/A,N/A,"Juveniles in bags 210, 211, and 212 were dead",,,,,,,,,,,,,
1,9/19/2024,9/22/2024,9/23/2024,KBY,SSF1,59.46033,-151.51878,212,Orange,Juvenile,524,46,30,13,Dead,Dead,N/A,N/A,N/A,"Juveniles in bags 210, 211, and 212 were dead",,,,,,,,,,,,,
1,9/19/2024,9/22/2024,9/23/2024,KBY,SSF1,59.46033,-151.51878,212,Orange,Juvenile,525,43,30,11,Dead,Dead,N/A,N/A,N/A,"Juveniles in bags 210, 211, and 212 were dead",,,,,,,,,,,,,
1,9/19/2024,9/22/2024,9/23/2024,KBY,SSF1,59.46033,-151.51878,212,Orange,Juvenile,526,39,35,11,Dead,Dead,N/A,N/A,N/A,"Juveniles in bags 210, 211, and 212 were dead",,,,,,,,,,,,,
1,9/19/2024,9/22/2024,9/23/2024,KBY,SSF1,59.46033,-151.51878,212,Orange,Juvenile,527,50,31,13,Dead,Dead,N/A,N/A,N/A,"Juveniles in bags 210, 211, and 212 were dead",,,,,,,,,,,,,
1,9/19/2024,9/22/2024,9/23/2024,KBY,SSF1,59.46033,-151.51878,212,Orange,Juvenile,528,45,32,12,Dead,Dead,N/A,N/A,N/A,"Juveniles in bags 210, 211, and 212 were dead",,,,,,,,,,,,,
1,9/19/2024,9/22/2024,9/23/2024,KBY,SSF1,59.46033,-151.51878,212,Orange,Juvenile,529,51,40,13,Dead,Dead,N/A,N/A,N/A,"Juveniles in bags 210, 211, and 212 were dead",,,,,,,,,,,,,
1,9/19/2024,9/22/2024,9/23/2024,KBY,SSF1,59.46033,-151.51878,212,Orange,Juvenile,530,44,32,12,Dead,Dead,N/A,N/A,N/A,"Juveniles in bags 210, 211, and 212 were dead",,,,,,,,,,,,,
1,9/19/2024,9/22/2024,9/23/2024,KBY,SSF1,59.46033,-151.51878,212,Orange,Juvenile,531,50,32,11,Dead,Dead,N/A,N/A,N/A,"Juveniles in bags 210, 211, and 212 were dead",,,,,,,,,,,,,
1,9/19/2024,9/22/2024,9/23/2024,KBY,SSF1,59.46033,-151.51878,212,Orange,Juvenile,532,55,35,13,Dead,Dead,N/A,N/A,N/A,"Juveniles in bags 210, 211, and 212 were dead",,,,,,,,,,,,,
1,9/19/2024,9/22/2024,9/23/2024,KBY,SSF1,59.46033,-151.51878,212,Orange,Juvenile,533,40,27,13,Dead,Dead,N/A,N/A,N/A,"Juveniles in bags 210, 211, and 212 were dead",,,,,,,,,,,,,
1,9/19/2024,9/22/2024,9/23/2024,KBY,SSF1,59.46033,-151.51878,212,Orange,Juvenile,534,50,31,13,Dead,Dead,N/A,N/A,N/A,"Juveniles in bags 210, 211, and 212 were dead",,,,,,,,,,,,,
1,9/19/2024,9/22/2024,9/23/2024,KBY,SSF1,59.46033,-151.51878,212,Orange,Juvenile,535,53,36,12,Dead,Dead,N/A,N/A,N/A,"Juveniles in bags 210, 211, and 212 were dead",,,,,,,,,,,,,
1,9/19/2024,9/22/2024,9/23/2024,KBY,SSF1,59.46033,-151.51878,212,Orange,Juvenile,536,44,32,14,Dead,Dead,N/A,N/A,N/A,"Juveniles in bags 210, 211, and 212 were dead",,,,,,,,,,,,,
1,9/19/2024,9/22/2024,9/23/2024,KBY,SSF1,59.46033,-151.51878,212,Orange,Juvenile,537,35,28,12,Dead,Dead,N/A,N/A,N/A,"Juveniles in bags 210, 211, and 212 were dead",,,,,,,,,,,,,
1,9/19/2024,9/22/2024,9/23/2024,KBY,SSF1,59.46033,-151.51878,510,Yellow,Subadult,538,73,40,23,35.2,6.9,14.3,21,EVOS_SSF1_538_510_9/23/2024_Subadult,,,,,,,,,,,,,,
1,9/19/2024,9/22/2024,9/23/2024,KBY,SSF1,59.46033,-151.51878,510,Yellow,Subadult,539,53,39,21,23.2,4.6,14.3,18.7,EVOS_SSF1_539_510_9/23/2024_Subadult,,,,,,,,,,,,,,
1,9/19/2024,9/22/2024,9/23/2024,KBY,SSF1,59.46033,-151.51878,510,Yellow,Subadult,540,66,34,20,25.3,4.2,14.3,18.2,EVOS_SSF1_540_510_9/23/2024_Subadult,,,,,,,,,,,,,,
1,9/19/2024,9/22/2024,9/23/2024,KBY,SSF1,59.46033,-151.51878,510,Yellow,Subadult,541,54,38,22,21.6,4.1,14.3,18.2,EVOS_SSF1_541_510_9/23/2024_Subadult,,,,,,,,,,,,,,
1,9/19/2024,9/22/2024,9/23/2024,KBY,SSF1,59.46033,-151.51878,510,Yellow,Subadult,542,72,37,23,40,7.3,,,,,,,,,,,,,,,,,
1,9/19/2024,9/22/2024,9/23/2024,KBY,SSF1,59.46033,-151.51878,510,Yellow,Subadult,543,62,40,24,30.4,4.2,,,,,,,,,,,,,,,,,
1,9/19/2024,9/22/2024,9/23/2024,KBY,SSF1,59.46033,-151.51878,510,Yellow,Subadult,544,80,42,20,37.8,7,,,,,,,,,,,,,,,,,
1,9/19/2024,9/22/2024,9/23/2024,KBY,SSF1,59.46033,-151.51878,511,Yellow,Subadult,545,66,36,20,26.4,3.2,14.3,17.3,EVOS_SSF1_545_511_9/23/2024_Subadult,,,,,,,,,,,,,,
1,9/19/2024,9/22/2024,9/23/2024,KBY,SSF1,59.46033,-151.51878,511,Yellow,Subadult,546,64,44,20,27.5,5.7,14.3,18.8,EVOS_SSF1_546_511_9/23/2024_Subadult,,,,,,,,,,,,,,
1,9/19/2024,9/22/2024,9/23/2024,KBY,SSF1,59.46033,-151.51878,511,Yellow,Subadult,547,61,33,23,20.4,2.8,14.3,19.8,EVOS_SSF1_547_511_9/23/2024_Subadult,,,,,,,,,,,,,,
1,9/19/2024,9/22/2024,9/23/2024,KBY,SSF1,59.46033,-151.51878,511,Yellow,Subadult,548,58,45,23,32.2,4.7,14.3,17,EVOS_SSF1_548_511_9/23/2024_Subadult,,,,,,,,,,,,,,
1,9/19/2024,9/22/2024,9/23/2024,KBY,SSF1,59.46033,-151.51878,511,Yellow,Subadult,549,62,42,25,27.8,3.8,,,,,,,,,,,,,,,,,
1,9/19/2024,9/22/2024,9/23/2024,KBY,SSF1,59.46033,-151.51878,511,Yellow,Subadult,550,74,44,23,38.7,5.7,,,,,,,,,,,,,,,,,
1,9/19/2024,9/22/2024,9/23/2024,KBY,SSF1,59.46033,-151.51878,511,Yellow,Subadult,551,59,35,20,24.5,4.2,,,,,,,,,,,,,,,,,
1,9/19/2024,9/22/2024,9/23/2024,KBY,SSF1,59.46033,-151.51878,512,Yellow,Subadult,552,68,33,18,23.7,4.8,14.3,18.9,EVOS_SSF1_552_512_9/23/2024_Subadult,,,,,,,,,,,,,,
1,9/19/2024,9/22/2024,9/23/2024,KBY,SSF1,59.46033,-151.51878,512,Yellow,Subadult,553,83,41,25,53.7,10.2,14.3,24.1,EVOS_SSF1_553_512_9/23/2024_Subadult,,,,,,,,,,,,,,
1,9/19/2024,9/22/2024,9/23/2024,KBY,SSF1,59.46033,-151.51878,512,Yellow,Subadult,554,50,38,24,20.4,3,14.3,17.2,EVOS_SSF1_554_512_9/23/2024_Subadult,,,,,,,,,,,,,,
1,9/19/2024,9/22/2024,9/23/2024,KBY,SSF1,59.46033,-151.51878,512,Yellow,Subadult,555,75,50,29,46.9,8.8,14.3,22.9,EVOS_SSF1_555_512_9/23/2024_Subadult,,,,,,,,,,,,,,
1,9/19/2024,9/22/2024,9/23/2024,KBY,SSF1,59.46033,-151.51878,512,Yellow,Subadult,556,81,40,26,48.4,9.1,,,,,,,,,,,,,,,,,
1,9/19/2024,9/22/2024,9/23/2024,KBY,SSF1,59.46033,-151.51878,512,Yellow,Subadult,557,57,40,24,27.4,4.1,,,,,,,,,,,,,,,,,
1,9/19/2024,9/22/2024,9/23/2024,KBY,SSF1,59.46033,-151.51878,512,Yellow,Subadult,558,60,40,21,24.2,3.2,,,,,,,,,,,,,,,,,
1,9/19/2024,9/22/2024,9/24/2024,Kodiak,AOF1,57.65784,-152.42018,523,Yellow,Subadult,559,73,34,21,31.9,8.8,6.5,14.7,EVOS_AOF1_559_523_9/24/2024_Subadult,"Shells in bags 523, 522, and 524 are strong/thick",,,,,,,,,,,,,
1,9/19/2024,9/22/2024,9/24/2024,Kodiak,AOF1,57.65784,-152.42018,523,Yellow,Subadult,560,55,36,28,36,8.2,14.3,22.1,EVOS_AOF1_560_523_9/24/2024_Subadult,"Shells in bags 523, 522, and 524 are strong/thick",,,,,,,,,,,,,
1,9/19/2024,9/22/2024,9/24/2024,Kodiak,AOF1,57.65784,-152.42018,523,Yellow,Subadult,561,61,39,21,36.8,8.2,14.3,22.3,EVOS_AOF1_561_523_9/24/2024_Subadult,"Shells in bags 523, 522, and 524 are strong/thick",,,,,,,,,,,,,
1,9/19/2024,9/22/2024,9/24/2024,Kodiak,AOF1,57.65784,-152.42018,523,Yellow,Subadult,562,59,41,20,27.5,6,14.3,20.1,EVOS_AOF1_562_523_9/24/2024_Subadult,"Shells in bags 523, 522, and 524 are strong/thick",,,,,,,,,,,,,
1,9/19/2024,9/22/2024,9/24/2024,Kodiak,AOF1,57.65784,-152.42018,523,Yellow,Subadult,563,65,35,23,31.1,7.2,,,,"Shells in bags 523, 522, and 524 are strong/thick",,,,,,,,,,,,,
1,9/19/2024,9/22/2024,9/24/2024,Kodiak,AOF1,57.65784,-152.42018,523,Yellow,Subadult,564,62,38,22,30,8.4,,,,"Shells in bags 523, 522, and 524 are strong/thick",,,,,,,,,,,,,
1,9/19/2024,9/22/2024,9/24/2024,Kodiak,AOF1,57.65784,-152.42018,523,Yellow,Subadult,565,52,37,22,27.5,6.2,,,,"Shells in bags 523, 522, and 524 are strong/thick",,,,,,,,,,,,,
1,9/19/2024,9/22/2024,9/24/2024,Kodiak,AOF1,57.65784,-152.42018,522,Yellow,Subadult,566,54,30,23,23.6,5.3,14.3,19.2,EVOS_AOF1_566_522_9/24/2024_Subadult,"Shells in bags 523, 522, and 524 are strong/thick",,,,,,,,,,,,,
1,9/19/2024,9/22/2024,9/24/2024,Kodiak,AOF1,57.65784,-152.42018,522,Yellow,Subadult,567,45,28,19,17.1,4.6,14.3,18.7,EVOS_AOF1_567_522_9/24/2024_Subadult,"Shells in bags 523, 522, and 524 are strong/thick",,,,,,,,,,,,,
1,9/19/2024,9/22/2024,9/24/2024,Kodiak,AOF1,57.65784,-152.42018,522,Yellow,Subadult,568,58,31,20,31.7,7.6,14.3,21.8,EVOS_AOF1_568_522_9/24/2024_Subadult,"Shells in bags 523, 522, and 524 are strong/thick",,,,,,,,,,,,,
1,9/19/2024,9/22/2024,9/24/2024,Kodiak,AOF1,57.65784,-152.42018,522,Yellow,Subadult,569,55,33,18,27.7,6.1,14.3,20.1,EVOS_AOF1_569_522_9/24/2024_Subadult,"Shells in bags 523, 522, and 524 are strong/thick",,,,,,,,,,,,,
1,9/19/2024,9/22/2024,9/24/2024,Kodiak,AOF1,57.65784,-152.42018,522,Yellow,Subadult,570,48,34,19,21.4,5.4,,,,"Shells in bags 523, 522, and 524 are strong/thick",,,,,,,,,,,,,
1,9/19/2024,9/22/2024,9/24/2024,Kodiak,AOF1,57.65784,-152.42018,522,Yellow,Subadult,571,71,36,25,41.8,10.2,,,,"Shells in bags 523, 522, and 524 are strong/thick",,,,,,,,,,,,,
1,9/19/2024,9/22/2024,9/24/2024,Kodiak,AOF1,57.65784,-152.42018,522,Yellow,Subadult,572,45,37,17,21.6,6.2,,,,"Shells in bags 523, 522, and 524 are strong/thick",,,,,,,,,,,,,
1,9/19/2024,9/22/2024,9/24/2024,Kodiak,AOF1,57.65784,-152.42018,524,Yellow,Subadult,573,71,39,21,38.2,8.1,14.3,21.9,EVOS_AOF1_573_524_9/24/2024_Subadult,"Shells in bags 523, 522, and 524 are strong/thick",,,,,,,,,,,,,
1,9/19/2024,9/22/2024,9/24/2024,Kodiak,AOF1,57.65784,-152.42018,524,Yellow,Subadult,574,61,39,24,37.4,9,14.3,22.7,EVOS_AOF1_574_524_9/24/2024_Subadult,"Shells in bags 523, 522, and 524 are strong/thick",,,,,,,,,,,,,
1,9/19/2024,9/22/2024,9/24/2024,Kodiak,AOF1,57.65784,-152.42018,524,Yellow,Subadult,575,67,35,17,30.1,8,14.3,22.2,EVOS_AOF1_575_524_9/24/2024_Subadult,"Shells in bags 523, 522, and 524 are strong/thick",,,,,,,,,,,,,
1,9/19/2024,9/22/2024,9/24/2024,Kodiak,AOF1,57.65784,-152.42018,524,Yellow,Subadult,576,55,38,21,24.3,5.5,14.3,19.5,EVOS_AOF1_576_524_9/24/2024_Subadult,"Shells in bags 523, 522, and 524 are strong/thick",,,,,,,,,,,,,
1,9/19/2024,9/22/2024,9/24/2024,Kodiak,AOF1,57.65784,-152.42018,524,Yellow,Subadult,577,67,41,21,39.7,9.4,,,,,,,,,,,,,,,,,
1,9/19/2024,9/22/2024,9/24/2024,Kodiak,AOF1,57.65784,-152.42018,524,Yellow,Subadult,578,62,35,21,38.2,10.1,,,,,,,,,,,,,,,,,
1,9/19/2024,9/22/2024,9/24/2024,Kodiak,AOF1,57.65784,-152.42018,524,Yellow,Subadult,579,70,37,25,38,9.1,,,,,,,,,,,,,,,,,
1,9/19/2024,9/22/2024,9/24/2024,Kodiak,AOF1,57.65784,-152.42018,222,Orange,Juvenile,580,34,23,10,7.7,1.4,6.5,12.6,EVOS_AOF1_580-584_222_9/24/2024_Juvenile,,,,,,,,,,,,,,
1,9/19/2024,9/22/2024,9/24/2024,Kodiak,AOF1,57.65784,-152.42018,222,Orange,Juvenile,581,35,24,11,7,1.4,6.5,12.6,EVOS_AOF1_580-584_222_9/24/2024_Juvenile,,,,,,,,,,,,,,
1,9/19/2024,9/22/2024,9/24/2024,Kodiak,AOF1,57.65784,-152.42018,222,Orange,Juvenile,582,32,25,11,5.8,1.2,6.5,12.6,EVOS_AOF1_580-584_222_9/24/2024_Juvenile,,,,,,,,,,,,,,
1,9/19/2024,9/22/2024,9/24/2024,Kodiak,AOF1,57.65784,-152.42018,222,Orange,Juvenile,583,28,28,9,4.3,0.8,6.5,12.6,EVOS_AOF1_580-584_222_9/24/2024_Juvenile,,,,,,,,,,,,,,
1,9/19/2024,9/22/2024,9/24/2024,Kodiak,AOF1,57.65784,-152.42018,222,Orange,Juvenile,584,42,18,11,8.7,1.6,6.5,12.6,EVOS_AOF1_580-584_222_9/24/2024_Juvenile,,,,,,,,,,,,,,
1,9/19/2024,9/22/2024,9/24/2024,Kodiak,AOF1,57.65784,-152.42018,222,Orange,Juvenile,585,34,26,11,7.1,1.4,6.5,12.9,EVOS_AOF1_585-589_222_9/24/2024_Juvenile,,,,,,,,,,,,,,
1,9/19/2024,9/22/2024,9/24/2024,Kodiak,AOF1,57.65784,-152.42018,222,Orange,Juvenile,586,36,25,12,7.9,1.8,6.5,12.9,EVOS_AOF1_585-589_222_9/24/2024_Juvenile,,,,,,,,,,,,,,
1,9/19/2024,9/22/2024,9/24/2024,Kodiak,AOF1,57.65784,-152.42018,222,Orange,Juvenile,587,39,21,11,9.4,1.8,6.5,12.9,EVOS_AOF1_585-589_222_9/24/2024_Juvenile,,,,,,,,,,,,,,
1,9/19/2024,9/22/2024,9/24/2024,Kodiak,AOF1,57.65784,-152.42018,222,Orange,Juvenile,588,34,21,10,6.2,1,6.5,12.9,EVOS_AOF1_585-589_222_9/24/2024_Juvenile,,,,,,,,,,,,,,
1,9/19/2024,9/22/2024,9/24/2024,Kodiak,AOF1,57.65784,-152.42018,222,Orange,Juvenile,589,26,18,9,4.2,0.7,6.5,12.9,EVOS_AOF1_585-589_222_9/24/2024_Juvenile,,,,,,,,,,,,,,
1,9/19/2024,9/22/2024,9/24/2024,Kodiak,AOF1,57.65784,-152.42018,222,Orange,Juvenile,590,40,21,11,8.9,1.6,6.5,13.1,EVOS_AOF1_590-594_222_9/24/2024_Juvenile,,,,,,,,,,,,,,
1,9/19/2024,9/22/2024,9/24/2024,Kodiak,AOF1,57.65784,-152.42018,222,Orange,Juvenile,591,35,20,9,5.5,1.2,6.5,13.1,EVOS_AOF1_590-594_222_9/24/2024_Juvenile,,,,,,,,,,,,,,
1,9/19/2024,9/22/2024,9/24/2024,Kodiak,AOF1,57.65784,-152.42018,222,Orange,Juvenile,592,28,24,10,6.2,1,6.5,13.1,EVOS_AOF1_590-594_222_9/24/2024_Juvenile,,,,,,,,,,,,,,
1,9/19/2024,9/22/2024,9/24/2024,Kodiak,AOF1,57.65784,-152.42018,222,Orange,Juvenile,593,44,38,13,10.7,2,6.5,13.1,EVOS_AOF1_590-594_222_9/24/2024_Juvenile,,,,,,,,,,,,,,
1,9/19/2024,9/22/2024,9/24/2024,Kodiak,AOF1,57.65784,-152.42018,222,Orange,Juvenile,594,32,21,11,5.5,1.1,6.5,13.1,EVOS_AOF1_590-594_222_9/24/2024_Juvenile,,,,,,,,,,,,,,
1,9/19/2024,9/22/2024,9/24/2024,Kodiak,AOF1,57.65784,-152.42018,222,Orange,Juvenile,595,32,21,10,4.6,0.9,6.5,11.8,EVOS_AOF1_595-599_222_9/24/2024_Juvenile,,,,,,,,,,,,,,
1,9/19/2024,9/22/2024,9/24/2024,Kodiak,AOF1,57.65784,-152.42018,222,Orange,Juvenile,596,30,20,11,5.5,1,6.5,11.8,EVOS_AOF1_595-599_222_9/24/2024_Juvenile,,,,,,,,,,,,,,
1,9/19/2024,9/22/2024,9/24/2024,Kodiak,AOF1,57.65784,-152.42018,222,Orange,Juvenile,597,28,19,11,4.3,0.9,6.5,11.8,EVOS_AOF1_595-599_222_9/24/2024_Juvenile,,,,,,,,,,,,,,
1,9/19/2024,9/22/2024,9/24/2024,Kodiak,AOF1,57.65784,-152.42018,222,Orange,Juvenile,598,37,17,9,5.6,1.1,6.5,11.8,EVOS_AOF1_595-599_222_9/24/2024_Juvenile,,,,,,,,,,,,,,
1,9/19/2024,9/22/2024,9/24/2024,Kodiak,AOF1,57.65784,-152.42018,222,Orange,Juvenile,599,34,22,13,6.7,1.4,6.5,11.8,EVOS_AOF1_595-599_222_9/24/2024_Juvenile,,,,,,,,,,,,,,
1,9/19/2024,9/22/2024,9/24/2024,Kodiak,AOF1,57.65784,-152.42018,223,Orange,Juvenile,600,43,33,14,9.3,1.8,6.5,14.9,EVOS_AOF1_600-604_223_9/24/2024_Juvenile,,,,,,,,,,,,,,
1,9/19/2024,9/22/2024,9/24/2024,Kodiak,AOF1,57.65784,-152.42018,223,Orange,Juvenile,601,50,31,16,12,2.1,6.5,14.9,EVOS_AOF1_600-604_223_9/24/2024_Juvenile,,,,,,,,,,,,,,
1,9/19/2024,9/22/2024,9/24/2024,Kodiak,AOF1,57.65784,-152.42018,223,Orange,Juvenile,602,46,27,14,10.7,2.2,6.5,14.9,EVOS_AOF1_600-604_223_9/24/2024_Juvenile,,,,,,,,,,,,,,
1,9/19/2024,9/22/2024,9/24/2024,Kodiak,AOF1,57.65784,-152.42018,223,Orange,Juvenile,603,35,24,15,7.4,1.4,6.5,14.9,EVOS_AOF1_600-604_223_9/24/2024_Juvenile,,,,,,,,,,,,,,
1,9/19/2024,9/22/2024,9/24/2024,Kodiak,AOF1,57.65784,-152.42018,223,Orange,Juvenile,604,40,26,11,7.4,1.1,6.5,14.9,EVOS_AOF1_600-604_223_9/24/2024_Juvenile,,,,,,,,,,,,,,
1,9/19/2024,9/22/2024,9/24/2024,Kodiak,AOF1,57.65784,-152.42018,223,Orange,Juvenile,605,43,27,11,7.8,1.4,6.5,14.3,EVOS_AOF1_605-609_223_9/24/2024_Juvenile,,,,,,,,,,,,,,
1,9/19/2024,9/22/2024,9/24/2024,Kodiak,AOF1,57.65784,-152.42018,223,Orange,Juvenile,606,45,28,11,10.5,1.9,6.5,14.3,EVOS_AOF1_605-609_223_9/24/2024_Juvenile,,,,,,,,,,,,,,
1,9/19/2024,9/22/2024,9/24/2024,Kodiak,AOF1,57.65784,-152.42018,223,Orange,Juvenile,607,45,26,12,8.7,1.5,6.5,14.3,EVOS_AOF1_605-609_223_9/24/2024_Juvenile,,,,,,,,,,,,,,
1,9/19/2024,9/22/2024,9/24/2024,Kodiak,AOF1,57.65784,-152.42018,223,Orange,Juvenile,608,40,28,12,8.6,1.7,6.5,14.3,EVOS_AOF1_605-609_223_9/24/2024_Juvenile,,,,,,,,,,,,,,
1,9/19/2024,9/22/2024,9/24/2024,Kodiak,AOF1,57.65784,-152.42018,223,Orange,Juvenile,609,44,25,12,9,1.7,6.5,14.3,EVOS_AOF1_605-609_223_9/24/2024_Juvenile,,,,,,,,,,,,,,
1,9/19/2024,9/22/2024,9/24/2024,Kodiak,AOF1,57.65784,-152.42018,223,Orange,Juvenile,610,54,29,16,12.8,2.4,6.5,15.1,EVOS_AOF1_610-614_223_9/24/2024_Juvenile,,,,,,,,,,,,,,
1,9/19/2024,9/22/2024,9/24/2024,Kodiak,AOF1,57.65784,-152.42018,223,Orange,Juvenile,611,36,28,12,9.2,1.3,6.5,15.1,EVOS_AOF1_610-614_223_9/24/2024_Juvenile,,,,,,,,,,,,,,
1,9/19/2024,9/22/2024,9/24/2024,Kodiak,AOF1,57.65784,-152.42018,223,Orange,Juvenile,612,43,26,13,9.7,1.7,6.5,15.1,EVOS_AOF1_610-614_223_9/24/2024_Juvenile,,,,,,,,,,,,,,
1,9/19/2024,9/22/2024,9/24/2024,Kodiak,AOF1,57.65784,-152.42018,223,Orange,Juvenile,613,43,28,15,11,2.1,6.5,15.1,EVOS_AOF1_610-614_223_9/24/2024_Juvenile,,,,,,,,,,,,,,
1,9/19/2024,9/22/2024,9/24/2024,Kodiak,AOF1,57.65784,-152.42018,223,Orange,Juvenile,614,36,24,14,7.2,1.2,6.5,15.1,EVOS_AOF1_610-614_223_9/24/2024_Juvenile,,,,,,,,,,,,,,
1,9/19/2024,9/22/2024,9/24/2024,Kodiak,AOF1,57.65784,-152.42018,223,Orange,Juvenile,615,36,25,10,6.8,1.3,6.5,14.2,EVOS_AOF1_615-619_223_9/24/2024_Juvenile,,,,,,,,,,,,,,
1,9/19/2024,9/22/2024,9/24/2024,Kodiak,AOF1,57.65784,-152.42018,223,Orange,Juvenile,616,49,27,15,10.6,2.3,6.5,14.2,EVOS_AOF1_615-619_223_9/24/2024_Juvenile,,,,,,,,,,,,,,
1,9/19/2024,9/22/2024,9/24/2024,Kodiak,AOF1,57.65784,-152.42018,223,Orange,Juvenile,617,31,25,11,6.8,1.3,6.5,14.2,EVOS_AOF1_615-619_223_9/24/2024_Juvenile,,,,,,,,,,,,,,
1,9/19/2024,9/22/2024,9/24/2024,Kodiak,AOF1,57.65784,-152.42018,223,Orange,Juvenile,618,39,26,12,6.8,1.1,6.5,14.2,EVOS_AOF1_615-619_223_9/24/2024_Juvenile,,,,,,,,,,,,,,
1,9/19/2024,9/22/2024,9/24/2024,Kodiak,AOF1,57.65784,-152.42018,223,Orange,Juvenile,619,46,30,13,10.1,2,6.5,14.2,EVOS_AOF1_615-619_223_9/24/2024_Juvenile,,,,,,,,,,,,,,
1,9/19/2024,9/22/2024,9/24/2024,Kodiak,AOF1,57.65784,-152.42018,224,Orange,Juvenile,620,36,25,14,8.1,1.4,6.5,11.7,EVOS_AOF1_620-624_224_9/24/2024_Juvenile,,,,,,,,,,,,,,
1,9/19/2024,9/22/2024,9/24/2024,Kodiak,AOF1,57.65784,-152.42018,224,Orange,Juvenile,621,29,20,9,3.9,0.6,6.5,11.7,EVOS_AOF1_620-624_224_9/24/2024_Juvenile,,,,,,,,,,,,,,
1,9/19/2024,9/22/2024,9/24/2024,Kodiak,AOF1,57.65784,-152.42018,224,Orange,Juvenile,622,39,25,10,6.3,1,6.5,11.7,EVOS_AOF1_620-624_224_9/24/2024_Juvenile,,,,,,,,,,,,,,
1,9/19/2024,9/22/2024,9/24/2024,Kodiak,AOF1,57.65784,-152.42018,224,Orange,Juvenile,623,33,22,10,4.8,1,6.5,11.7,EVOS_AOF1_620-624_224_9/24/2024_Juvenile,,,,,,,,,,,,,,
1,9/19/2024,9/22/2024,9/24/2024,Kodiak,AOF1,57.65784,-152.42018,224,Orange,Juvenile,624,39,28,11,7.5,1.3,6.5,11.7,EVOS_AOF1_620-624_224_9/24/2024_Juvenile,,,,,,,,,,,,,,
1,9/19/2024,9/22/2024,9/24/2024,Kodiak,AOF1,57.65784,-152.42018,224,Orange,Juvenile,625,34,26,12,7.5,1.4,6.5,13,EVOS_AOF1_625-629_224_9/24/2024_Juvenile,,,,,,,,,,,,,,
1,9/19/2024,9/22/2024,9/24/2024,Kodiak,AOF1,57.65784,-152.42018,224,Orange,Juvenile,626,32,23,15,6,1,6.5,13,EVOS_AOF1_625-629_224_9/24/2024_Juvenile,,,,,,,,,,,,,,
1,9/19/2024,9/22/2024,9/24/2024,Kodiak,AOF1,57.65784,-152.42018,224,Orange,Juvenile,627,31,22,13,6.6,1.5,6.5,13,EVOS_AOF1_625-629_224_9/24/2024_Juvenile,,,,,,,,,,,,,,
1,9/19/2024,9/22/2024,9/24/2024,Kodiak,AOF1,57.65784,-152.42018,224,Orange,Juvenile,628,43,24,11,7.4,1.4,6.5,13,EVOS_AOF1_625-629_224_9/24/2024_Juvenile,,,,,,,,,,,,,,
1,9/19/2024,9/22/2024,9/24/2024,Kodiak,AOF1,57.65784,-152.42018,224,Orange,Juvenile,629,35,26,12,6.7,1.5,6.5,13,EVOS_AOF1_625-629_224_9/24/2024_Juvenile,Written error on datasheet. Falcon tube weight with oyster has changed from 13.6 to 13.0,,,,,,,,,,,,,
1,9/19/2024,9/22/2024,9/24/2024,Kodiak,AOF1,57.65784,-152.42018,224,Orange,Juvenile,630,41,30,14,10.4,1.8,6.5,13.6,EVOS_AOF1_630-634_224_9/24/2024_Juvenile,,,,,,,,,,,,,,
1,9/19/2024,9/22/2024,9/24/2024,Kodiak,AOF1,57.65784,-152.42018,224,Orange,Juvenile,631,39,27,13,7.7,1.4,6.5,13.6,EVOS_AOF1_630-634_224_9/24/2024_Juvenile,,,,,,,,,,,,,,
1,9/19/2024,9/22/2024,9/24/2024,Kodiak,AOF1,57.65784,-152.42018,224,Orange,Juvenile,632,38,27,13,9.1,1.7,6.5,13.6,EVOS_AOF1_630-634_224_9/24/2024_Juvenile,,,,,,,,,,,,,,
1,9/19/2024,9/22/2024,9/24/2024,Kodiak,AOF1,57.65784,-152.42018,224,Orange,Juvenile,633,35,24,14,7.6,1.4,6.5,13.6,EVOS_AOF1_630-634_224_9/24/2024_Juvenile,,,,,,,,,,,,,,
1,9/19/2024,9/22/2024,9/24/2024,Kodiak,AOF1,57.65784,-152.42018,224,Orange,Juvenile,634,32,23,12,5.3,0.9,6.5,13.6,EVOS_AOF1_630-634_224_9/24/2024_Juvenile,,,,,,,,,,,,,,
1,9/19/2024,9/22/2024,9/24/2024,Kodiak,AOF1,57.65784,-152.42018,224,Orange,Juvenile,635,34,26,12,6.4,1,6.5,12.5,EVOS_AOF1_635-639_224_9/24/2024_Juvenile,,,,,,,,,,,,,,
1,9/19/2024,9/22/2024,9/24/2024,Kodiak,AOF1,57.65784,-152.42018,224,Orange,Juvenile,636,36,24,14,6.5,1.4,6.5,12.5,EVOS_AOF1_635-639_224_9/24/2024_Juvenile,,,,,,,,,,,,,,
1,9/19/2024,9/22/2024,9/24/2024,Kodiak,AOF1,57.65784,-152.42018,224,Orange,Juvenile,637,36,21,13,7.4,1.3,6.5,12.5,EVOS_AOF1_635-639_224_9/24/2024_Juvenile,,,,,,,,,,,,,,
1,9/19/2024,9/22/2024,9/24/2024,Kodiak,AOF1,57.65784,-152.42018,224,Orange,Juvenile,638,37,21,13,7.1,1.4,6.5,12.5,EVOS_AOF1_635-639_224_9/24/2024_Juvenile,,,,,,,,,,,,,,
1,9/19/2024,9/22/2024,9/24/2024,Kodiak,AOF1,57.65784,-152.42018,224,Orange,Juvenile,639,31,22,12,5,1.1,6.5,12.5,EVOS_AOF1_635-639_224_9/24/2024_Juvenile,,,,,,,,,,,,,,
1,9/19/2024,9/22/2024,9/24/2024,Kodiak,KOB1,57.53318,-154.02696,525,Yellow,Subadult,640,58,40,18,29.6,5.8,14.3,19.9,EVOS_KOB1_640_525_9/24/2024_Subadult,Oysters are highly polished and have tough shells,,,,,,,,,,,,,
1,9/19/2024,9/22/2024,9/24/2024,Kodiak,KOB1,57.53318,-154.02696,525,Yellow,Subadult,641,51,28,14,15.7,3.7,14.3,17.8,EVOS_KOB1_641_525_9/24/2024_Subadult,Oysters are highly polished and have tough shells,,,,,,,,,,,,,
1,9/19/2024,9/22/2024,9/24/2024,Kodiak,KOB1,57.53318,-154.02696,525,Yellow,Subadult,642,57,28,21,23.6,5.2,14.3,19.5,EVOS_KOB1_642_525_9/24/2024_Subadult,Oysters are highly polished and have tough shells,,,,,,,,,,,,,
1,9/19/2024,9/22/2024,9/24/2024,Kodiak,KOB1,57.53318,-154.02696,525,Yellow,Subadult,643,38,30,17,12.9,2.9,14.3,17.2,EVOS_KOB1_643_525_9/24/2024_Subadult,Oysters are highly polished and have tough shells,,,,,,,,,,,,,
1,9/19/2024,9/22/2024,9/24/2024,Kodiak,KOB1,57.53318,-154.02696,525,Yellow,Subadult,644,59,33,20,24.9,6.2,14.3,,,Oysters are highly polished and have tough shells,,,,,,,,,,,,,
1,9/19/2024,9/22/2024,9/24/2024,Kodiak,KOB1,57.53318,-154.02696,525,Yellow,Subadult,645,51,32,17,20,5.1,14.3,,,Oysters are highly polished and have tough shells,,,,,,,,,,,,,
1,9/19/2024,9/22/2024,9/24/2024,Kodiak,KOB1,57.53318,-154.02696,525,Yellow,Subadult,646,48,39,22,28.3,7.2,14.3,,,Oysters are highly polished and have tough shells,,,,,,,,,,,,,
1,9/19/2024,9/22/2024,9/24/2024,Kodiak,KOB1,57.53318,-154.02696,526,Yellow,Subadult,647,77,33,21,36.1,8.4,14.3,22.6,EVOS_KOB1_647_526_9/24/2024_Subadult,Bag 526 has lots of barnacles. Oysters are highly polished and have tough shells,,,,,,,,,,,,,
1,9/19/2024,9/22/2024,9/24/2024,Kodiak,KOB1,57.53318,-154.02696,526,Yellow,Subadult,648,65,41,22,32.6,8.1,14.3,22,EVOS_KOB1_648_526_9/24/2024_Subadult,Bag 526 has lots of barnacles. Oysters are highly polished and have tough shells,,,,,,,,,,,,,
1,9/19/2024,9/22/2024,9/24/2024,Kodiak,KOB1,57.53318,-154.02696,526,Yellow,Subadult,649,63,42,19,31,7.8,14.3,21.8,EVOS_KOB1_649_526_9/24/2024_Subadult,Bag 526 has lots of barnacles. Oysters are highly polished and have tough shells,,,,,,,,,,,,,
1,9/19/2024,9/22/2024,9/24/2024,Kodiak,KOB1,57.53318,-154.02696,526,Yellow,Subadult,650,63,36,22,28.7,8.2,14.3,22.1,EVOS_KOB1_650_526_9/24/2024_Subadult,Bag 526 has lots of barnacles. Oysters are highly polished and have tough shells,,,,,,,,,,,,,
1,9/19/2024,9/22/2024,9/24/2024,Kodiak,KOB1,57.53318,-154.02696,526,Yellow,Subadult,651,70,39,22,38.6,8.5,14.3,,,Bag 526 has lots of barnacles. Oysters are highly polished and have tough shells,,,,,,,,,,,,,
1,9/19/2024,9/22/2024,9/24/2024,Kodiak,KOB1,57.53318,-154.02696,526,Yellow,Subadult,652,55,34,19,19.5,3.1,14.3,,,Bag 526 has lots of barnacles. Oysters are highly polished and have tough shells,,,,,,,,,,,,,
1,9/19/2024,9/22/2024,9/24/2024,Kodiak,KOB1,57.53318,-154.02696,526,Yellow,Subadult,653,60,40,21,31.2,7.1,14.3,,,Bag 526 has lots of barnacles. Oysters are highly polished and have tough shells,,,,,,,,,,,,,
1,9/19/2024,9/22/2024,9/24/2024,Kodiak,KOB1,57.53318,-154.02696,527,Yellow,Subadult,654,60,35,21,29.5,7,14.3,20.9,EVOS_KOB1_654_527_9/24/2024_Subadult,Oysters are highly polished and have tough shells,,,,,,,,,,,,,
1,9/19/2024,9/22/2024,9/24/2024,Kodiak,KOB1,57.53318,-154.02696,527,Yellow,Subadult,655,45,28,18,14.6,4.2,14.3,18.3,EVOS_KOB1_655_527_9/24/2024_Subadult,Oysters are highly polished and have tough shells,,,,,,,,,,,,,
1,9/19/2024,9/22/2024,9/24/2024,Kodiak,KOB1,57.53318,-154.02696,527,Yellow,Subadult,656,52,36,24,28.8,6.2,14.3,20.4,EVOS_KOB1_656_527_9/24/2024_Subadult,Oysters are highly polished and have tough shells,,,,,,,,,,,,,
1,9/19/2024,9/22/2024,9/24/2024,Kodiak,KOB1,57.53318,-154.02696,527,Yellow,Subadult,657,57,37,20,25.4,5.5,14.3,19.7,EVOS_KOB1_657_527_9/24/2024_Subadult,Oysters are highly polished and have tough shells,,,,,,,,,,,,,
1,9/19/2024,9/22/2024,9/24/2024,Kodiak,KOB1,57.53318,-154.02696,527,Yellow,Subadult,658,59,30,21,27.2,6.8,14.3,,,Oysters are highly polished and have tough shells,,,,,,,,,,,,,
1,9/19/2024,9/22/2024,9/24/2024,Kodiak,KOB1,57.53318,-154.02696,527,Yellow,Subadult,659,57,33,20,27.7,6.5,14.3,,,Oysters are highly polished and have tough shells,,,,,,,,,,,,,
1,9/19/2024,9/22/2024,9/24/2024,Kodiak,KOB1,57.53318,-154.02696,527,Yellow,Subadult,660,56,36,20,29.9,7.5,14.3,,,Oysters are highly polished and have tough shells,,,,,,,,,,,,,
1,9/19/2024,9/22/2024,9/24/2024,Kodiak,KOB1,57.53318,-154.02696,225,Orange,Juvenile,661,33,21,10,5.2,1.1,6.5,10.4,EVOS_KOB1_661-665_225_9/24/2024_Juvenile,,,,,,,,,,,,,,
1,9/19/2024,9/22/2024,9/24/2024,Kodiak,KOB1,57.53318,-154.02696,225,Orange,Juvenile,662,32,20,11,3.8,1.1,6.5,10.4,EVOS_KOB1_661-665_225_9/24/2024_Juvenile,,,,,,,,,,,,,,
1,9/19/2024,9/22/2024,9/24/2024,Kodiak,KOB1,57.53318,-154.02696,225,Orange,Juvenile,663,25,17,9,2.8,0.6,6.5,10.4,EVOS_KOB1_661-665_225_9/24/2024_Juvenile,,,,,,,,,,,,,,
1,9/19/2024,9/22/2024,9/24/2024,Kodiak,KOB1,57.53318,-154.02696,225,Orange,Juvenile,664,24,15,11,2.7,0.6,6.5,10.4,EVOS_KOB1_661-665_225_9/24/2024_Juvenile,,,,,,,,,,,,,,
1,9/19/2024,9/22/2024,9/24/2024,Kodiak,KOB1,57.53318,-154.02696,225,Orange,Juvenile,665,25,19,11,2.9,0.7,6.5,10.4,EVOS_KOB1_661-665_225_9/24/2024_Juvenile,,,,,,,,,,,,,,
1,9/19/2024,9/22/2024,9/24/2024,Kodiak,KOB1,57.53318,-154.02696,225,Orange,Juvenile,666,24,16,9,2.8,0.6,6.5,11.4,EVOS_KOB1_666-670_225_9/24/2024_Juvenile,Written error on datasheet. Falcon tube weight with oyster has changed from 10.4 to 11.4,,,,,,,,,,,,,
1,9/19/2024,9/22/2024,9/24/2024,Kodiak,KOB1,57.53318,-154.02696,225,Orange,Juvenile,667,28,19,11,3.7,1,6.5,11.4,EVOS_KOB1_666-670_225_9/24/2024_Juvenile,,,,,,,,,,,,,,
1,9/19/2024,9/22/2024,9/24/2024,Kodiak,KOB1,57.53318,-154.02696,225,Orange,Juvenile,668,30,27,11,3.8,1,6.5,11.4,EVOS_KOB1_666-670_225_9/24/2024_Juvenile,,,,,,,,,,,,,,
1,9/19/2024,9/22/2024,9/24/2024,Kodiak,KOB1,57.53318,-154.02696,225,Orange,Juvenile,669,29,21,10,3.2,0.8,6.5,11.4,EVOS_KOB1_666-670_225_9/24/2024_Juvenile,,,,,,,,,,,,,,
1,9/19/2024,9/22/2024,9/24/2024,Kodiak,KOB1,57.53318,-154.02696,225,Orange,Juvenile,670,33,20,13,6.5,1.4,6.5,11.4,EVOS_KOB1_666-670_225_9/24/2024_Juvenile,,,,,,,,,,,,,,
1,9/19/2024,9/22/2024,9/24/2024,Kodiak,KOB1,57.53318,-154.02696,225,Orange,Juvenile,671,36,19,10,4.8,1.1,6.5,12.2,EVOS_KOB1_671-675_225_9/24/2024_Juvenile,,,,,,,,,,,,,,
1,9/19/2024,9/22/2024,9/24/2024,Kodiak,KOB1,57.53318,-154.02696,225,Orange,Juvenile,672,33,23,11,4.5,0.9,6.5,12.2,EVOS_KOB1_671-675_225_9/24/2024_Juvenile,,,,,,,,,,,,,,
1,9/19/2024,9/22/2024,9/24/2024,Kodiak,KOB1,57.53318,-154.02696,225,Orange,Juvenile,673,30,25,10,4.9,1.3,6.5,12.2,EVOS_KOB1_671-675_225_9/24/2024_Juvenile,,,,,,,,,,,,,,
1,9/19/2024,9/22/2024,9/24/2024,Kodiak,KOB1,57.53318,-154.02696,225,Orange,Juvenile,674,28,16,10,4,0.8,6.5,12.2,EVOS_KOB1_671-675_225_9/24/2024_Juvenile,,,,,,,,,,,,,,
1,9/19/2024,9/22/2024,9/24/2024,Kodiak,KOB1,57.53318,-154.02696,225,Orange,Juvenile,675,36,25,13,8.6,2,6.5,12.2,EVOS_KOB1_671-675_225_9/24/2024_Juvenile,,,,,,,,,,,,,,
1,9/19/2024,9/22/2024,9/24/2024,Kodiak,KOB1,57.53318,-154.02696,225,Orange,Juvenile,676,31,22,10,3.7,0.9,6.5,11,EVOS_KOB1_676-680_225_9/24/2024_Juvenile,,,,,,,,,,,,,,
1,9/19/2024,9/22/2024,9/24/2024,Kodiak,KOB1,57.53318,-154.02696,225,Orange,Juvenile,677,34,21,11,4.6,0.9,6.5,11,EVOS_KOB1_676-680_225_9/24/2024_Juvenile,,,,,,,,,,,,,,
1,9/19/2024,9/22/2024,9/24/2024,Kodiak,KOB1,57.53318,-154.02696,225,Orange,Juvenile,678,36,22,11,6.6,1.5,6.5,11,EVOS_KOB1_676-680_225_9/24/2024_Juvenile,,,,,,,,,,,,,,
1,9/19/2024,9/22/2024,9/24/2024,Kodiak,KOB1,57.53318,-154.02696,225,Orange,Juvenile,679,30,27,12,5.1,1,6.5,11,EVOS_KOB1_676-680_225_9/24/2024_Juvenile,,,,,,,,,,,,,,
1,9/19/2024,9/22/2024,9/24/2024,Kodiak,KOB1,57.53318,-154.02696,225,Orange,Juvenile,680,24,20,9,3.3,0.7,6.5,11,EVOS_KOB1_676-680_225_9/24/2024_Juvenile,,,,,,,,,,,,,,
1,9/19/2024,9/22/2024,9/24/2024,Kodiak,KOB1,57.53318,-154.02696,226,Orange,Juvenile,681,40,29,15,7.1,1.4,6.5,11.2,EVOS_KOB1_681-685_226_9/24/2024_Juvenile,,,,,,,,,,,,,,
1,9/19/2024,9/22/2024,9/24/2024,Kodiak,KOB1,57.53318,-154.02696,226,Orange,Juvenile,682,27,15,7,2.1,0.2,6.5,11.2,EVOS_KOB1_681-685_226_9/24/2024_Juvenile,Double,,,,,,,,,,,,,
1,9/19/2024,9/22/2024,9/24/2024,Kodiak,KOB1,57.53318,-154.02696,226,Orange,Juvenile,683,45,28,12,6.6,1.2,6.5,11.2,EVOS_KOB1_681-685_226_9/24/2024_Juvenile,,,,,,,,,,,,,,
1,9/19/2024,9/22/2024,9/24/2024,Kodiak,KOB1,57.53318,-154.02696,226,Orange,Juvenile,684,28,21,10,3.1,0.7,6.5,11.2,EVOS_KOB1_681-685_226_9/24/2024_Juvenile,,,,,,,,,,,,,,
1,9/19/2024,9/22/2024,9/24/2024,Kodiak,KOB1,57.53318,-154.02696,226,Orange,Juvenile,685,39,31,12,5.6,1.2,6.5,11.2,EVOS_KOB1_681-685_226_9/24/2024_Juvenile,,,,,,,,,,,,,,
1,9/19/2024,9/22/2024,9/24/2024,Kodiak,KOB1,57.53318,-154.02696,226,Orange,Juvenile,686,40,31,12,5.9,1.3,6.5,12.6,EVOS_KOB1_686-690_226_9/24/2024_Juvenile,,,,,,,,,,,,,,
1,9/19/2024,9/22/2024,9/24/2024,Kodiak,KOB1,57.53318,-154.02696,226,Orange,Juvenile,687,35,29,12,5.5,1.2,6.5,12.6,EVOS_KOB1_686-690_226_9/24/2024_Juvenile,,,,,,,,,,,,,,
1,9/19/2024,9/22/2024,9/24/2024,Kodiak,KOB1,57.53318,-154.02696,226,Orange,Juvenile,688,39,30,11,6.1,1.3,6.5,12.6,EVOS_KOB1_686-690_226_9/24/2024_Juvenile,,,,,,,,,,,,,,
1,9/19/2024,9/22/2024,9/24/2024,Kodiak,KOB1,57.53318,-154.02696,226,Orange,Juvenile,689,36,25,14,5.9,1.3,6.5,12.6,EVOS_KOB1_686-690_226_9/24/2024_Juvenile,,,,,,,,,,,,,,
1,9/19/2024,9/22/2024,9/24/2024,Kodiak,KOB1,57.53318,-154.02696,226,Orange,Juvenile,690,40,29,11,5.5,1.1,6.5,12.6,EVOS_KOB1_686-690_226_9/24/2024_Juvenile,,,,,,,,,,,,,,
1,9/19/2024,9/22/2024,9/24/2024,Kodiak,KOB1,57.53318,-154.02696,226,Orange,Juvenile,691,32,25,12,5.1,1,6.5,12.3,EVOS_KOB1_691-695_226_9/24/2024_Juvenile,,,,,,,,,,,,,,
1,9/19/2024,9/22/2024,9/24/2024,Kodiak,KOB1,57.53318,-154.02696,226,Orange,Juvenile,692,39,25,11,6.2,1.4,6.5,12.3,EVOS_KOB1_691-695_226_9/24/2024_Juvenile,,,,,,,,,,,,,,
1,9/19/2024,9/22/2024,9/24/2024,Kodiak,KOB1,57.53318,-154.02696,226,Orange,Juvenile,693,32,22,10,3.9,0.9,6.5,12.3,EVOS_KOB1_691-695_226_9/24/2024_Juvenile,,,,,,,,,,,,,,
1,9/19/2024,9/22/2024,9/24/2024,Kodiak,KOB1,57.53318,-154.02696,226,Orange,Juvenile,694,41,31,10,6.3,1.3,6.5,12.3,EVOS_KOB1_691-695_226_9/24/2024_Juvenile,,,,,,,,,,,,,,
1,9/19/2024,9/22/2024,9/24/2024,Kodiak,KOB1,57.53318,-154.02696,226,Orange,Juvenile,695,43,21,12,6.6,1.3,6.5,12.3,EVOS_KOB1_691-695_226_9/24/2024_Juvenile,,,,,,,,,,,,,,
1,9/19/2024,9/22/2024,9/24/2024,Kodiak,KOB1,57.53318,-154.02696,226,Orange,Juvenile,696,43,26,10,6.3,1.2,6.5,13.1,EVOS_KOB1_696-700_226_9/24/2024_Juvenile,,,,,,,,,,,,,,
1,9/19/2024,9/22/2024,9/24/2024,Kodiak,KOB1,57.53318,-154.02696,226,Orange,Juvenile,697,45,26,14,8.3,2.2,6.5,13.1,EVOS_KOB1_696-700_226_9/24/2024_Juvenile,,,,,,,,,,,,,,
1,9/19/2024,9/22/2024,9/24/2024,Kodiak,KOB1,57.53318,-154.02696,226,Orange,Juvenile,698,41,27,14,7,1.6,6.5,13.1,EVOS_KOB1_696-700_226_9/24/2024_Juvenile,,,,,,,,,,,,,,
1,9/19/2024,9/22/2024,9/24/2024,Kodiak,KOB1,57.53318,-154.02696,226,Orange,Juvenile,699,31,21,11,4.2,0.9,6.5,13.1,EVOS_KOB1_696-700_226_9/24/2024_Juvenile,,,,,,,,,,,,,,
1,9/19/2024,9/22/2024,9/24/2024,Kodiak,KOB1,57.53318,-154.02696,226,Orange,Juvenile,700,37,29,12,6,0.9,6.5,13.1,EVOS_KOB1_696-700_226_9/24/2024_Juvenile,,,,,,,,,,,,,,
1,9/19/2024,9/22/2024,9/24/2024,Kodiak,KOB1,57.53318,-154.02696,227,Orange,Juvenile,701,26,20,8,2.4,0.5,6.5,10.2,EVOS_KOB1_701-705_227_9/24/2024_Juvenile,,,,,,,,,,,,,,
1,9/19/2024,9/22/2024,9/24/2024,Kodiak,KOB1,57.53318,-154.02696,227,Orange,Juvenile,702,25,18,10,2.8,0.6,6.5,10.2,EVOS_KOB1_701-705_227_9/24/2024_Juvenile,,,,,,,,,,,,,,
1,9/19/2024,9/22/2024,9/24/2024,Kodiak,KOB1,57.53318,-154.02696,227,Orange,Juvenile,703,31,22,10,3.9,1.1,6.5,10.2,EVOS_KOB1_701-705_227_9/24/2024_Juvenile,,,,,,,,,,,,,,
1,9/19/2024,9/22/2024,9/24/2024,Kodiak,KOB1,57.53318,-154.02696,227,Orange,Juvenile,704,28,20,11,3.7,1,6.5,10.2,EVOS_KOB1_701-705_227_9/24/2024_Juvenile,,,,,,,,,,,,,,
1,9/19/2024,9/22/2024,9/24/2024,Kodiak,KOB1,57.53318,-154.02696,227,Orange,Juvenile,705,28,22,10,3.6,0.7,6.5,10.2,EVOS_KOB1_701-705_227_9/24/2024_Juvenile,,,,,,,,,,,,,,
1,9/19/2024,9/22/2024,9/24/2024,Kodiak,KOB1,57.53318,-154.02696,227,Orange,Juvenile,706,23,20,10,2.7,0.7,6.5,10,EVOS_KOB1_706-710_227_9/24/2024_Juvenile,,,,,,,,,,,,,,
1,9/19/2024,9/22/2024,9/24/2024,Kodiak,KOB1,57.53318,-154.02696,227,Orange,Juvenile,707,20,18,10,2.4,0.5,6.5,10,EVOS_KOB1_706-710_227_9/24/2024_Juvenile,,,,,,,,,,,,,,
1,9/19/2024,9/22/2024,9/24/2024,Kodiak,KOB1,57.53318,-154.02696,227,Orange,Juvenile,708,31,19,10,3.9,0.9,6.5,10,EVOS_KOB1_706-710_227_9/24/2024_Juvenile,,,,,,,,,,,,,,
1,9/19/2024,9/22/2024,9/24/2024,Kodiak,KOB1,57.53318,-154.02696,227,Orange,Juvenile,709,27,20,10,3.3,0.6,6.5,10,EVOS_KOB1_706-710_227_9/24/2024_Juvenile,,,,,,,,,,,,,,
1,9/19/2024,9/22/2024,9/24/2024,Kodiak,KOB1,57.53318,-154.02696,227,Orange,Juvenile,710,31,19,10,3.4,0.9,6.5,10,EVOS_KOB1_706-710_227_9/24/2024_Juvenile,,,,,,,,,,,,,,
1,9/19/2024,9/22/2024,9/24/2024,Kodiak,KOB1,57.53318,-154.02696,227,Orange,Juvenile,711,30,21,10,3.8,0.7,6.5,10.9,EVOS_KOB1_711-715_227_9/24/2024_Juvenile,,,,,,,,,,,,,,
1,9/19/2024,9/22/2024,9/24/2024,Kodiak,KOB1,57.53318,-154.02696,227,Orange,Juvenile,712,34,22,14,5.7,1.5,6.5,10.9,EVOS_KOB1_711-715_227_9/24/2024_Juvenile,,,,,,,,,,,,,,
1,9/19/2024,9/22/2024,9/24/2024,Kodiak,KOB1,57.53318,-154.02696,227,Orange,Juvenile,713,29,22,11,3.8,0.8,6.5,10.9,EVOS_KOB1_711-715_227_9/24/2024_Juvenile,,,,,,,,,,,,,,
1,9/19/2024,9/22/2024,9/24/2024,Kodiak,KOB1,57.53318,-154.02696,227,Orange,Juvenile,714,30,21,9,4.1,0.9,6.5,10.9,EVOS_KOB1_711-715_227_9/24/2024_Juvenile,,,,,,,,,,,,,,
1,9/19/2024,9/22/2024,9/24/2024,Kodiak,KOB1,57.53318,-154.02696,227,Orange,Juvenile,715,27,24,10,3.6,0.7,6.5,10.9,EVOS_KOB1_711-715_227_9/24/2024_Juvenile,,,,,,,,,,,,,,
1,9/19/2024,9/22/2024,9/24/2024,Kodiak,KOB1,57.53318,-154.02696,227,Orange,Juvenile,716,22,20,10,2.7,0.7,6.5,10.6,EVOS_KOB1_716-720_227_9/24/2024_Juvenile,,,,,,,,,,,,,,
1,9/19/2024,9/22/2024,9/24/2024,Kodiak,KOB1,57.53318,-154.02696,227,Orange,Juvenile,717,29,21,11,4.5,1.1,6.5,10.6,EVOS_KOB1_716-720_227_9/24/2024_Juvenile,,,,,,,,,,,,,,
1,9/19/2024,9/22/2024,9/24/2024,Kodiak,KOB1,57.53318,-154.02696,227,Orange,Juvenile,718,33,18,12,4.9,1.3,6.5,10.6,EVOS_KOB1_716-720_227_9/24/2024_Juvenile,,,,,,,,,,,,,,
1,9/19/2024,9/22/2024,9/24/2024,Kodiak,KOB1,57.53318,-154.02696,227,Orange,Juvenile,719,25,21,8,2.6,0.6,6.5,10.6,EVOS_KOB1_716-720_227_9/24/2024_Juvenile,,,,,,,,,,,,,,
1,9/19/2024,9/22/2024,9/24/2024,Kodiak,KOB1,57.53318,-154.02696,227,Orange,Juvenile,720,30,20,11,3.3,0.7,6.5,10.6,EVOS_KOB1_716-720_227_9/24/2024_Juvenile,,,,,,,,,,,,,,
1,9/21/2024,9/22/2024,9/24/2024,KBY,BCF1,59.46783,-151.5184,516,Yellow,Subadult,721,74,59,73,41.5,9.4,6.5,23.8,EVOS_BCF1_721_516_9/24/2024_Subadult,Fouling,,,,,,,,,,,,,
1,9/21/2024,9/22/2024,9/24/2024,KBY,BCF1,59.46783,-151.5184,516,Yellow,Subadult,722,83,62,28,58,11,6.5,25.1,EVOS_BCF1_722_516_9/24/2024_Subadult,Fouling,,,,,,,,,,,,,
1,9/21/2024,9/22/2024,9/24/2024,KBY,BCF1,59.46783,-151.5184,516,Yellow,Subadult,723,75,56,25,47.6,11.2,6.5,25.1,EVOS_BCF1_723_516_9/24/2024_Subadult,Fouling,,,,,,,,,,,,,
1,9/21/2024,9/22/2024,9/24/2024,KBY,BCF1,59.46783,-151.5184,516,Yellow,Subadult,724,58,56,27,36.8,7,6.5,21.1,EVOS_BCF1_724_516_9/24/2024_Subadult,Fouling,,,,,,,,,,,,,
1,9/21/2024,9/22/2024,9/24/2024,KBY,BCF1,59.46783,-151.5184,516,Yellow,Subadult,725,75,57,22,37.6,7,6.5,,,Fouling,,,,,,,,,,,,,
1,9/21/2024,9/22/2024,9/24/2024,KBY,BCF1,59.46783,-151.5184,516,Yellow,Subadult,726,66,65,34,53.6,12.1,6.5,,,Fouling,,,,,,,,,,,,,
1,9/21/2024,9/22/2024,9/24/2024,KBY,BCF1,59.46783,-151.5184,516,Yellow,Subadult,727,72,51,24,34.8,7.6,6.5,,,Fouling,,,,,,,,,,,,,
1,9/21/2024,9/22/2024,9/24/2024,KBY,BCF1,59.46783,-151.5184,517,Yellow,Subadult,728,80,67,23,37.1,9.8,6.5,23.9,EVOS_BCF1_728_517_9/24/2024_Subadult,Fouling,,,,,,,,,,,,,
1,9/21/2024,9/22/2024,9/24/2024,KBY,BCF1,59.46783,-151.5184,517,Yellow,Subadult,729,66,60,25,41,10.5,6.5,24.5,EVOS_BCF1_729_517_9/24/2024_Subadult,Fouling,,,,,,,,,,,,,
1,9/21/2024,9/22/2024,9/24/2024,KBY,BCF1,59.46783,-151.5184,517,Yellow,Subadult,730,100,54,23,63.1,12.9,6.5,26.8,EVOS_BCF1_730_517_9/24/2024_Subadult,Fouling,,,,,,,,,,,,,
1,9/21/2024,9/22/2024,9/24/2024,KBY,BCF1,59.46783,-151.5184,517,Yellow,Subadult,731,65,48,28,43.2,7.3,6.5,21.4,EVOS_BCF1_731_517_9/24/2024_Subadult,Fouling,,,,,,,,,,,,,
1,9/21/2024,9/22/2024,9/24/2024,KBY,BCF1,59.46783,-151.5184,517,Yellow,Subadult,732,63,44,25,30.9,8.1,6.5,,,Fouling,,,,,,,,,,,,,
1,9/21/2024,9/22/2024,9/24/2024,KBY,BCF1,59.46783,-151.5184,517,Yellow,Subadult,733,68,52,26,43.2,11.1,6.5,,,Fouling,,,,,,,,,,,,,
1,9/21/2024,9/22/2024,9/24/2024,KBY,BCF1,59.46783,-151.5184,517,Yellow,Subadult,734,74,50,28,39.4,9.2,6.5,,,Fouling,,,,,,,,,,,,,
1,9/21/2024,9/22/2024,9/24/2024,KBY,BCF1,59.46783,-151.5184,518,Yellow,Subadult,735,93,50,24,50.4,11.2,6.5,25.4,EVOS_BCF1_735_518_9/24/2024_Subadult,Fouling,,,,,,,,,,,,,
1,9/21/2024,9/22/2024,9/24/2024,KBY,BCF1,59.46783,-151.5184,518,Yellow,Subadult,736,70,57,21,35.9,9.1,6.5,23.3,EVOS_BCF1_736_518_9/24/2024_Subadult,Fouling,,,,,,,,,,,,,
1,9/21/2024,9/22/2024,9/24/2024,KBY,BCF1,59.46783,-151.5184,518,Yellow,Subadult,737,86,66,28,63.8,15.9,6.5,29.8,EVOS_BCF1_737_518_9/24/2024_Subadult,Fouling,,,,,,,,,,,,,
1,9/21/2024,9/22/2024,9/24/2024,KBY,BCF1,59.46783,-151.5184,518,Yellow,Subadult,738,75,45,23,38.7,8.9,6.5,22.8,EVOS_BCF1_738_518_9/24/2024_Subadult,Fouling,,,,,,,,,,,,,
1,9/21/2024,9/22/2024,9/24/2024,KBY,BCF1,59.46783,-151.5184,518,Yellow,Subadult,739,69,53,26,45,11.8,6.5,,,Fouling,,,,,,,,,,,,,
1,9/21/2024,9/22/2024,9/24/2024,KBY,BCF1,59.46783,-151.5184,518,Yellow,Subadult,740,70,60,29,55,12.3,6.5,,,Fouling,,,,,,,,,,,,,
1,9/21/2024,9/22/2024,9/24/2024,KBY,BCF1,59.46783,-151.5184,518,Yellow,Subadult,741,85,50,30,60.5,13.5,6.5,,,Fouling,,,,,,,,,,,,,
1,9/21/2024,9/22/2024,9/24/2024,KBY,BCF1,59.46783,-151.5184,216,Orange,Juvenile,742,75,39,18,24.2,3.9,6.5,15.5,EVOS_BCF1_742-746_216_9/24/2024_Juvenile,Bag 216 had 3 extra seeds. Brittle shells that stick to adductors when shucking,,,,,,,,,,,,,
1,9/21/2024,9/22/2024,9/24/2024,KBY,BCF1,59.46783,-151.5184,216,Orange,Juvenile,743,64,42,18,16.5,1.5,6.5,15.5,EVOS_BCF1_742-746_216_9/24/2024_Juvenile,Bag 216 had 3 extra seeds. Brittle shells that stick to adductors when shucking,,,,,,,,,,,,,
1,9/21/2024,9/22/2024,9/24/2024,KBY,BCF1,59.46783,-151.5184,216,Orange,Juvenile,744,54,31,14,10.9,0.8,6.5,15.5,EVOS_BCF1_742-746_216_9/24/2024_Juvenile,Bag 216 had 3 extra seeds. Brittle shells that stick to adductors when shucking,,,,,,,,,,,,,
1,9/21/2024,9/22/2024,9/24/2024,KBY,BCF1,59.46783,-151.5184,216,Orange,Juvenile,745,66,35,16,17.1,2.6,6.5,15.5,EVOS_BCF1_742-746_216_9/24/2024_Juvenile,Bag 216 had 3 extra seeds. Brittle shells that stick to adductors when shucking,,,,,,,,,,,,,
1,9/21/2024,9/22/2024,9/24/2024,KBY,BCF1,59.46783,-151.5184,216,Orange,Juvenile,746,53,27,11,6.8,0.7,6.5,15.5,EVOS_BCF1_742-746_216_9/24/2024_Juvenile,Bag 216 had 3 extra seeds. Brittle shells that stick to adductors when shucking,,,,,,,,,,,,,
1,9/21/2024,9/22/2024,9/24/2024,KBY,BCF1,59.46783,-151.5184,216,Orange,Juvenile,747,51,37,16,10.9,1.7,6.5,14.3,EVOS_BCF1_747-751_216_9/24/2024_Juvenile,Bag 216 had 3 extra seeds. Brittle shells that stick to adductors when shucking,,,,,,,,,,,,,
1,9/21/2024,9/22/2024,9/24/2024,KBY,BCF1,59.46783,-151.5184,216,Orange,Juvenile,748,52,31,13,11.4,1.2,6.5,14.3,EVOS_BCF1_747-751_216_9/24/2024_Juvenile,Bag 216 had 3 extra seeds. Brittle shells that stick to adductors when shucking,,,,,,,,,,,,,
1,9/21/2024,9/22/2024,9/24/2024,KBY,BCF1,59.46783,-151.5184,216,Orange,Juvenile,749,38,34,17,10.2,1.8,6.5,14.3,EVOS_BCF1_747-751_216_9/24/2024_Juvenile,Bag 216 had 3 extra seeds. Brittle shells that stick to adductors when shucking,,,,,,,,,,,,,
1,9/21/2024,9/22/2024,9/24/2024,KBY,BCF1,59.46783,-151.5184,216,Orange,Juvenile,750,55,34,20,17.5,2.1,6.5,14.3,EVOS_BCF1_747-751_216_9/24/2024_Juvenile,Bag 216 had 3 extra seeds. Brittle shells that stick to adductors when shucking,,,,,,,,,,,,,
1,9/21/2024,9/22/2024,9/24/2024,KBY,BCF1,59.46783,-151.5184,216,Orange,Juvenile,751,48,37,17,13.3,1.4,6.5,14.3,EVOS_BCF1_747-751_216_9/24/2024_Juvenile,Bag 216 had 3 extra seeds. Brittle shells that stick to adductors when shucking,,,,,,,,,,,,,
1,9/21/2024,9/22/2024,9/24/2024,KBY,BCF1,59.46783,-151.5184,216,Orange,Juvenile,752,44,26,11,6.5,0.6,6.5,11.9,EVOS_BCF1_752-756_216_9/24/2024_Juvenile,Bag 216 had 3 extra seeds. Brittle shells that stick to adductors when shucking,,,,,,,,,,,,,
1,9/21/2024,9/22/2024,9/24/2024,KBY,BCF1,59.46783,-151.5184,216,Orange,Juvenile,753,53,38,14,12.3,1.7,6.5,11.9,EVOS_BCF1_752-756_216_9/24/2024_Juvenile,Bag 216 had 3 extra seeds. Brittle shells that stick to adductors when shucking,,,,,,,,,,,,,
1,9/21/2024,9/22/2024,9/24/2024,KBY,BCF1,59.46783,-151.5184,216,Orange,Juvenile,754,61,32,14,10.6,1,6.5,11.9,EVOS_BCF1_752-756_216_9/24/2024_Juvenile,Bag 216 had 3 extra seeds. Brittle shells that stick to adductors when shucking,,,,,,,,,,,,,
1,9/21/2024,9/22/2024,9/24/2024,KBY,BCF1,59.46783,-151.5184,216,Orange,Juvenile,755,51,35,11,13.9,1.4,6.5,11.9,EVOS_BCF1_752-756_216_9/24/2024_Juvenile,Bag 216 had 3 extra seeds. Brittle shells that stick to adductors when shucking,,,,,,,,,,,,,
1,9/21/2024,9/22/2024,9/24/2024,KBY,BCF1,59.46783,-151.5184,216,Orange,Juvenile,756,39,35,11,6.8,0.9,6.5,11.9,EVOS_BCF1_752-756_216_9/24/2024_Juvenile,Bag 216 had 3 extra seeds. Brittle shells that stick to adductors when shucking,,,,,,,,,,,,,
1,9/21/2024,9/22/2024,9/24/2024,KBY,BCF1,59.46783,-151.5184,216,Orange,Juvenile,757,46,34,15,10.2,1.4,6.5,12.2,EVOS_BCF1_757-761_216_9/24/2024_Juvenile,Bag 216 had 3 extra seeds. Brittle shells that stick to adductors when shucking,,,,,,,,,,,,,
1,9/21/2024,9/22/2024,9/24/2024,KBY,BCF1,59.46783,-151.5184,216,Orange,Juvenile,758,59,41,19,14.1,1.7,6.5,12.2,EVOS_BCF1_757-761_216_9/24/2024_Juvenile,Bag 216 had 3 extra seeds. Brittle shells that stick to adductors when shucking,,,,,,,,,,,,,
1,9/21/2024,9/22/2024,9/24/2024,KBY,BCF1,59.46783,-151.5184,216,Orange,Juvenile,759,33,22,11,4,0.3,6.5,12.2,EVOS_BCF1_757-761_216_9/24/2024_Juvenile,Bag 216 had 3 extra seeds. Brittle shells that stick to adductors when shucking,,,,,,,,,,,,,
1,9/21/2024,9/22/2024,9/24/2024,KBY,BCF1,59.46783,-151.5184,216,Orange,Juvenile,760,37,30,14,6,0.7,6.5,12.2,EVOS_BCF1_757-761_216_9/24/2024_Juvenile,Bag 216 had 3 extra seeds. Brittle shells that stick to adductors when shucking,,,,,,,,,,,,,
1,9/21/2024,9/22/2024,9/24/2024,KBY,BCF1,59.46783,-151.5184,216,Orange,Juvenile,761,60,32,14,14.2,1.9,6.5,12.2,EVOS_BCF1_757-761_216_9/24/2024_Juvenile,Bag 216 had 3 extra seeds. Brittle shells that stick to adductors when shucking,,,,,,,,,,,,,
1,9/21/2024,9/22/2024,9/24/2024,KBY,BCF1,59.46783,-151.5184,218,Orange,Juvenile,762,36,22,11,4.7,0.3,6.5,12.9,EVOS_BCF1_762-766_218_9/24/2024_Juvenile,Brittle shells that stick to adductors when shucking,,,,,,,,,,,,,
1,9/21/2024,9/22/2024,9/24/2024,KBY,BCF1,59.46783,-151.5184,218,Orange,Juvenile,763,50,34,15,11.1,1.3,6.5,12.9,EVOS_BCF1_762-766_218_9/24/2024_Juvenile,Brittle shells that stick to adductors when shucking,,,,,,,,,,,,,
1,9/21/2024,9/22/2024,9/24/2024,KBY,BCF1,59.46783,-151.5184,218,Orange,Juvenile,764,37,23,10,4.7,0.4,6.5,12.9,EVOS_BCF1_762-766_218_9/24/2024_Juvenile,Brittle shells that stick to adductors when shucking,,,,,,,,,,,,,
1,9/21/2024,9/22/2024,9/24/2024,KBY,BCF1,59.46783,-151.5184,218,Orange,Juvenile,765,61,38,16,20.6,2.4,6.5,12.9,EVOS_BCF1_762-766_218_9/24/2024_Juvenile,Brittle shells that stick to adductors when shucking,,,,,,,,,,,,,
1,9/21/2024,9/22/2024,9/24/2024,KBY,BCF1,59.46783,-151.5184,218,Orange,Juvenile,766,56,46,14,16.6,2.2,6.5,12.9,EVOS_BCF1_762-766_218_9/24/2024_Juvenile,Brittle shells that stick to adductors when shucking,,,,,,,,,,,,,
1,9/21/2024,9/22/2024,9/24/2024,KBY,BCF1,59.46783,-151.5184,218,Orange,Juvenile,767,44,29,12,6.5,0.8,6.5,15.9,EVOS_BCF1_767-771_218_9/24/2024_Juvenile,Brittle shells that stick to adductors when shucking,,,,,,,,,,,,,
1,9/21/2024,9/22/2024,9/24/2024,KBY,BCF1,59.46783,-151.5184,218,Orange,Juvenile,768,50,47,15,12,1.3,6.5,15.9,EVOS_BCF1_767-771_218_9/24/2024_Juvenile,Brittle shells that stick to adductors when shucking,,,,,,,,,,,,,
1,9/21/2024,9/22/2024,9/24/2024,KBY,BCF1,59.46783,-151.5184,218,Orange,Juvenile,769,50,36,17,11.7,1.9,6.5,15.9,EVOS_BCF1_767-771_218_9/24/2024_Juvenile,Brittle shells that stick to adductors when shucking,,,,,,,,,,,,,
1,9/21/2024,9/22/2024,9/24/2024,KBY,BCF1,59.46783,-151.5184,218,Orange,Juvenile,770,63,44,17,23.2,4.1,6.5,15.9,EVOS_BCF1_767-771_218_9/24/2024_Juvenile,Brittle shells that stick to adductors when shucking,,,,,,,,,,,,,
1,9/21/2024,9/22/2024,9/24/2024,KBY,BCF1,59.46783,-151.5184,218,Orange,Juvenile,771,54,33,14,12.2,2,6.5,15.9,EVOS_BCF1_767-771_218_9/24/2024_Juvenile,Brittle shells that stick to adductors when shucking,,,,,,,,,,,,,
1,9/21/2024,9/22/2024,9/24/2024,KBY,BCF1,59.46783,-151.5184,218,Orange,Juvenile,772,46,27,13,7.5,1.3,6.5,14.6,EVOS_BCF1_772-776_218_9/24/2024_Juvenile,Brittle shells that stick to adductors when shucking,,,,,,,,,,,,,
1,9/21/2024,9/22/2024,9/24/2024,KBY,BCF1,59.46783,-151.5184,218,Orange,Juvenile,773,50,25,12,7.1,0.9,6.5,14.6,EVOS_BCF1_772-776_218_9/24/2024_Juvenile,Brittle shells that stick to adductors when shucking,,,,,,,,,,,,,
1,9/21/2024,9/22/2024,9/24/2024,KBY,BCF1,59.46783,-151.5184,218,Orange,Juvenile,774,53,40,16,14.5,2.8,6.5,14.6,EVOS_BCF1_772-776_218_9/24/2024_Juvenile,Brittle shells that stick to adductors when shucking,,,,,,,,,,,,,
1,9/21/2024,9/22/2024,9/24/2024,KBY,BCF1,59.46783,-151.5184,218,Orange,Juvenile,775,42,32,15,8.3,1.1,6.5,14.6,EVOS_BCF1_772-776_218_9/24/2024_Juvenile,Brittle shells that stick to adductors when shucking,,,,,,,,,,,,,
1,9/21/2024,9/22/2024,9/24/2024,KBY,BCF1,59.46783,-151.5184,218,Orange,Juvenile,776,49,40,15,12.6,2.3,6.5,14.6,EVOS_BCF1_772-776_218_9/24/2024_Juvenile,Brittle shells that stick to adductors when shucking,,,,,,,,,,,,,
1,9/21/2024,9/22/2024,9/24/2024,KBY,BCF1,59.46783,-151.5184,218,Orange,Juvenile,777,42,30,13,7.3,1,6.5,13.1,EVOS_BCF1_777-781_218_9/24/2024_Juvenile,Brittle shells that stick to adductors when shucking,,,,,,,,,,,,,
1,9/21/2024,9/22/2024,9/24/2024,KBY,BCF1,59.46783,-151.5184,218,Orange,Juvenile,778,62,37,16,16.4,3.4,6.5,13.1,EVOS_BCF1_777-781_218_9/24/2024_Juvenile,Brittle shells that stick to adductors when shucking,,,,,,,,,,,,,
1,9/21/2024,9/22/2024,9/24/2024,KBY,BCF1,59.46783,-151.5184,218,Orange,Juvenile,779,28,26,10,3.6,0.7,6.5,13.1,EVOS_BCF1_777-781_218_9/24/2024_Juvenile,Brittle shells that stick to adductors when shucking,,,,,,,,,,,,,
1,9/21/2024,9/22/2024,9/24/2024,KBY,BCF1,59.46783,-151.5184,218,Orange,Juvenile,780,46,31,14,8.3,1.3,6.5,13.1,EVOS_BCF1_777-781_218_9/24/2024_Juvenile,Brittle shells that stick to adductors when shucking,,,,,,,,,,,,,
1,9/21/2024,9/22/2024,9/24/2024,KBY,BCF1,59.46783,-151.5184,218,Orange,Juvenile,781,33,21,11,4.6,0.4,6.5,13.1,EVOS_BCF1_777-781_218_9/24/2024_Juvenile,Brittle shells that stick to adductors when shucking,,,,,,,,,,,,,
1,9/21/2024,9/22/2024,9/24/2024,KBY,BCF1,59.46783,-151.5184,217,Orange,Juvenile,782,54,41,15,13.7,2.4,6.5,15.2,EVOS_BCF1_782-786_217_9/24/2024_Juvenile,Sent 21 oysters in Bag 217. Brittle shells that stick to adductors when shucking,,,,,,,,,,,,,
1,9/21/2024,9/22/2024,9/24/2024,KBY,BCF1,59.46783,-151.5184,217,Orange,Juvenile,783,67,47,16,21.4,2.7,6.5,15.2,EVOS_BCF1_782-786_217_9/24/2024_Juvenile,Sent 21 oysters in Bag 217. Brittle shells that stick to adductors when shucking,,,,,,,,,,,,,
1,9/21/2024,9/22/2024,9/24/2024,KBY,BCF1,59.46783,-151.5184,217,Orange,Juvenile,784,53,26,14,10.3,1,6.5,15.2,EVOS_BCF1_782-786_217_9/24/2024_Juvenile,Sent 21 oysters in Bag 217. Brittle shells that stick to adductors when shucking,,,,,,,,,,,,,
1,9/21/2024,9/22/2024,9/24/2024,KBY,BCF1,59.46783,-151.5184,217,Orange,Juvenile,785,52,47,13,11.8,2.2,6.5,15.2,EVOS_BCF1_782-786_217_9/24/2024_Juvenile,Sent 21 oysters in Bag 217. Brittle shells that stick to adductors when shucking,,,,,,,,,,,,,
1,9/21/2024,9/22/2024,9/24/2024,KBY,BCF1,59.46783,-151.5184,217,Orange,Juvenile,786,52,24,11,6.7,0.8,6.5,15.2,EVOS_BCF1_782-786_217_9/24/2024_Juvenile,Sent 21 oysters in Bag 217. Brittle shells that stick to adductors when shucking,,,,,,,,,,,,,
1,9/21/2024,9/22/2024,9/24/2024,KBY,BCF1,59.46783,-151.5184,217,Orange,Juvenile,787,51,32,13,11.7,2.2,6.5,14.2,EVOS_BCF1_787-791_217_9/24/2024_Juvenile,Sent 21 oysters in Bag 217. Brittle shells that stick to adductors when shucking,,,,,,,,,,,,,
1,9/21/2024,9/22/2024,9/24/2024,KBY,BCF1,59.46783,-151.5184,217,Orange,Juvenile,788,56,35,15,16.2,2.4,6.5,14.2,EVOS_BCF1_787-791_217_9/24/2024_Juvenile,Sent 21 oysters in Bag 217. Brittle shells that stick to adductors when shucking,,,,,,,,,,,,,
1,9/21/2024,9/22/2024,9/24/2024,KBY,BCF1,59.46783,-151.5184,217,Orange,Juvenile,789,52,34,15,12.1,1.5,6.5,14.2,EVOS_BCF1_787-791_217_9/24/2024_Juvenile,Sent 21 oysters in Bag 217. Brittle shells that stick to adductors when shucking,,,,,,,,,,,,,
1,9/21/2024,9/22/2024,9/24/2024,KBY,BCF1,59.46783,-151.5184,217,Orange,Juvenile,790,45,33,13,10.1,1.2,6.5,14.2,EVOS_BCF1_787-791_217_9/24/2024_Juvenile,Sent 21 oysters in Bag 217. Brittle shells that stick to adductors when shucking,,,,,,,,,,,,,
1,9/21/2024,9/22/2024,9/24/2024,KBY,BCF1,59.46783,-151.5184,217,Orange,Juvenile,791,44,28,15,6.7,0.7,6.5,14.2,EVOS_BCF1_787-791_217_9/24/2024_Juvenile,Sent 21 oysters in Bag 217. Brittle shells that stick to adductors when shucking,,,,,,,,,,,,,
1,9/21/2024,9/22/2024,9/24/2024,KBY,BCF1,59.46783,-151.5184,217,Orange,Juvenile,792,42,35,15,9.9,1.3,6.5,10.7,EVOS_BCF1_792-796_217_9/24/2024_Juvenile,Sent 21 oysters in Bag 217. Brittle shells that stick to adductors when shucking,,,,,,,,,,,,,
1,9/21/2024,9/22/2024,9/24/2024,KBY,BCF1,59.46783,-151.5184,217,Orange,Juvenile,793,45,32,18,11,0.8,6.5,10.7,EVOS_BCF1_792-796_217_9/24/2024_Juvenile,Sent 21 oysters in Bag 217. Brittle shells that stick to adductors when shucking,,,,,,,,,,,,,
1,9/21/2024,9/22/2024,9/24/2024,KBY,BCF1,59.46783,-151.5184,217,Orange,Juvenile,794,50,30,13,7.2,1.2,6.5,10.7,EVOS_BCF1_792-796_217_9/24/2024_Juvenile,Sent 21 oysters in Bag 217. Brittle shells that stick to adductors when shucking,,,,,,,,,,,,,
1,9/21/2024,9/22/2024,9/24/2024,KBY,BCF1,59.46783,-151.5184,217,Orange,Juvenile,795,40,25,10,5.3,0.5,6.5,10.7,EVOS_BCF1_792-796_217_9/24/2024_Juvenile,Sent 21 oysters in Bag 217. Brittle shells that stick to adductors when shucking,,,,,,,,,,,,,
1,9/21/2024,9/22/2024,9/24/2024,KBY,BCF1,59.46783,-151.5184,217,Orange,Juvenile,796,42,31,10,6.1,0.6,6.5,10.7,EVOS_BCF1_792-796_217_9/24/2024_Juvenile,Sent 21 oysters in Bag 217. Brittle shells that stick to adductors when shucking,,,,,,,,,,,,,
1,9/21/2024,9/22/2024,9/24/2024,KBY,BCF1,59.46783,-151.5184,217,Orange,Juvenile,797,55,34,17,12.6,1.1,6.5,13.6,EVOS_BCF1_797-801_217_9/24/2024_Juvenile,Sent 21 oysters in Bag 217. Brittle shells that stick to adductors when shucking,,,,,,,,,,,,,
1,9/21/2024,9/22/2024,9/24/2024,KBY,BCF1,59.46783,-151.5184,217,Orange,Juvenile,798,57,33,17,12,1.4,6.5,13.6,EVOS_BCF1_797-801_217_9/24/2024_Juvenile,Sent 21 oysters in Bag 217. Brittle shells that stick to adductors when shucking,,,,,,,,,,,,,
1,9/21/2024,9/22/2024,9/24/2024,KBY,BCF1,59.46783,-151.5184,217,Orange,Juvenile,799,44,41,15,10.9,2.2,6.5,13.6,EVOS_BCF1_797-801_217_9/24/2024_Juvenile,Sent 21 oysters in Bag 217. Brittle shells that stick to adductors when shucking,,,,,,,,,,,,,
1,9/21/2024,9/22/2024,9/24/2024,KBY,BCF1,59.46783,-151.5184,217,Orange,Juvenile,800,49,39,16,14.5,1.7,6.5,13.6,EVOS_BCF1_797-801_217_9/24/2024_Juvenile,Sent 21 oysters in Bag 217. Brittle shells that stick to adductors when shucking,,,,,,,,,,,,,
1,9/21/2024,9/22/2024,9/24/2024,KBY,BCF1,59.46783,-151.5184,217,Orange,Juvenile,801,41,28,11,6.9,1.1,6.5,13.6,EVOS_BCF1_797-801_217_9/24/2024_Juvenile,Sent 21 oysters in Bag 217. Brittle shells that stick to adductors when shucking,,,,,,,,,,,,,
1,9/18/2024,9/22/2024,9/25/2024,KBY,MIO1,59.57137,-151.27263,515,Yellow,Subadult,802,62,51,27,37.5,8.7,14.3,22.7,EVOS_MIO1_802_515_9/25/2024_Subadult,Lots of barnacles. ,,,,,,,,,,,,,
1,9/18/2024,9/22/2024,9/25/2024,KBY,MIO1,59.57137,-151.27263,515,Yellow,Subadult,803,72,38,23,37.3,10.1,14.3,24.1,EVOS_MIO1_803_515_9/25/2024_Subadult,Lots of barnacles. ,,,,,,,,,,,,,
1,9/18/2024,9/22/2024,9/25/2024,KBY,MIO1,59.57137,-151.27263,515,Yellow,Subadult,804,58,60,31,44.7,11.5,14.3,25.4,EVOS_MIO1_804_515_9/25/2024_Subadult,Lots of barnacles. ,,,,,,,,,,,,,
1,9/18/2024,9/22/2024,9/25/2024,KBY,MIO1,59.57137,-151.27263,515,Yellow,Subadult,805,72,57,23,48.6,12.8,14.3,26.5,EVOS_MIO1_805_515_9/25/2024_Subadult,Lots of barnacles. ,,,,,,,,,,,,,
1,9/18/2024,9/22/2024,9/25/2024,KBY,MIO1,59.57137,-151.27263,515,Yellow,Subadult,806,70,53,27,42.5,10.9,14.3,,,Lots of barnacles. ,,,,,,,,,,,,,
1,9/18/2024,9/22/2024,9/25/2024,KBY,MIO1,59.57137,-151.27263,515,Yellow,Subadult,807,64,44,23,27.1,8.5,14.3,,,Lots of barnacles. ,,,,,,,,,,,,,
1,9/18/2024,9/22/2024,9/25/2024,KBY,MIO1,59.57137,-151.27263,515,Yellow,Subadult,808,67,42,24,37,9.2,14.3,,,Lots of barnacles. ,,,,,,,,,,,,,
1,9/18/2024,9/22/2024,9/25/2024,KBY,MIO1,59.57137,-151.27263,514,Yellow,Subadult,809,59,47,26,35.3,9.1,14.3,22.9,EVOS_MIO1_809_514_9/25/2024_Subadult,Lots of barnacles. ,,,,,,,,,,,,,
1,9/18/2024,9/22/2024,9/25/2024,KBY,MIO1,59.57137,-151.27263,514,Yellow,Subadult,810,65,32,20,Dead,Dead,N/A,N/A,,Dead before transport. Lots of barnacles.,,,,,,,,,,,,,
1,9/18/2024,9/22/2024,9/25/2024,KBY,MIO1,59.57137,-151.27263,514,Yellow,Subadult,811,93,55,21,51.6,13.6,14.3,27.8,EVOS_MIO1_811_514_9/25/2024_Subadult,Lots of barnacles. ,,,,,,,,,,,,,
1,9/18/2024,9/22/2024,9/25/2024,KBY,MIO1,59.57137,-151.27263,514,Yellow,Subadult,812,72,59,22,44.1,10.5,14.3,24.2,EVOS_MIO1_812_514_9/25/2024_Subadult,Lots of barnacles. ,,,,,,,,,,,,,
1,9/18/2024,9/22/2024,9/25/2024,KBY,MIO1,59.57137,-151.27263,514,Yellow,Subadult,813,74,47,26,48.1,12.2,14.3,26,EVOS_MIO1_813_514_9/25/2024_Subadult,Lots of barnacles. ,,,,,,,,,,,,,
1,9/18/2024,9/22/2024,9/25/2024,KBY,MIO1,59.57137,-151.27263,514,Yellow,Subadult,814,71,47,28,42.7,10.7,14.3,,,Lots of barnacles. ,,,,,,,,,,,,,
1,9/18/2024,9/22/2024,9/25/2024,KBY,MIO1,59.57137,-151.27263,514,Yellow,Subadult,815,55,51,25,36.2,8.6,14.3,,,Lots of barnacles. ,,,,,,,,,,,,,
1,9/18/2024,9/22/2024,9/25/2024,KBY,MIO1,59.57137,-151.27263,513,Yellow,Subadult,816,85,74,30,72.3,19,14.3,32.7,EVOS_MIO1_816_513_9/25/2024_Subadult,Lots of barnacles. ,,,,,,,,,,,,,
1,9/18/2024,9/22/2024,9/25/2024,KBY,MIO1,59.57137,-151.27263,513,Yellow,Subadult,817,54,52,26,34.2,9.9,14.3,24,EVOS_MIO1_817_513_9/25/2024_Subadult,Lots of barnacles. ,,,,,,,,,,,,,
1,9/18/2024,9/22/2024,9/25/2024,KBY,MIO1,59.57137,-151.27263,513,Yellow,Subadult,818,88,48,28,63.3,14.6,14.3,28.9,EVOS_MIO1_818_513_9/25/2024_Subadult,Lots of barnacles. ,,,,,,,,,,,,,
1,9/18/2024,9/22/2024,9/25/2024,KBY,MIO1,59.57137,-151.27263,513,Yellow,Subadult,819,101,66,28,87.2,20.7,14.3,34.6,EVOS_MIO1_819_513_9/25/2024_Subadult,Lots of barnacles. ,,,,,,,,,,,,,
1,9/18/2024,9/22/2024,9/25/2024,KBY,MIO1,59.57137,-151.27263,513,Yellow,Subadult,820,70,52,21,36.5,9.1,14.3,,,Lots of barnacles. ,,,,,,,,,,,,,
1,9/18/2024,9/22/2024,9/25/2024,KBY,MIO1,59.57137,-151.27263,513,Yellow,Subadult,821,72,45,28,42.1,9.5,14.3,,,Lots of barnacles. ,,,,,,,,,,,,,
1,9/18/2024,9/22/2024,9/25/2024,KBY,MIO1,59.57137,-151.27263,513,Yellow,Subadult,822,85,47,21,41.7,8.7,14.3,,,Lots of barnacles. ,,,,,,,,,,,,,
1,9/18/2024,9/22/2024,9/25/2024,KBY,MIO1,59.57137,-151.27263,215,Orange,Juvenile,823,66,42,18,22.6,3.9,14.3,32.8,EVOS_MIO1_823-827_215_9/25/2024_Juvenile,Strong Shells,,,,,,,,,,,,,
1,9/18/2024,9/22/2024,9/25/2024,KBY,MIO1,59.57137,-151.27263,215,Orange,Juvenile,824,69,48,15,25,5.2,14.3,32.8,EVOS_MIO1_823-827_215_9/25/2024_Juvenile,Strong Shells,,,,,,,,,,,,,
1,9/18/2024,9/22/2024,9/25/2024,KBY,MIO1,59.57137,-151.27263,215,Orange,Juvenile,825,60,35,15,12.6,2.4,14.3,32.8,EVOS_MIO1_823-827_215_9/25/2024_Juvenile,Strong Shells,,,,,,,,,,,,,
1,9/18/2024,9/22/2024,9/25/2024,KBY,MIO1,59.57137,-151.27263,215,Orange,Juvenile,826,60,45,15,16.9,3.8,14.3,32.8,EVOS_MIO1_823-827_215_9/25/2024_Juvenile,Strong Shells,,,,,,,,,,,,,
1,9/18/2024,9/22/2024,9/25/2024,KBY,MIO1,59.57137,-151.27263,215,Orange,Juvenile,827,56,42,17,18.3,4,14.3,32.8,EVOS_MIO1_823-827_215_9/25/2024_Juvenile,Strong Shells,,,,,,,,,,,,,
1,9/18/2024,9/22/2024,9/25/2024,KBY,MIO1,59.57137,-151.27263,215,Orange,Juvenile,828,55,49,16,18.4,3.8,14.3,30.6,EVOS_MIO1_828-832_215_9/25/2024_Juvenile,Strong Shells,,,,,,,,,,,,,
1,9/18/2024,9/22/2024,9/25/2024,KBY,MIO1,59.57137,-151.27263,215,Orange,Juvenile,829,55,39,21,18.9,3.4,14.3,30.6,EVOS_MIO1_828-832_215_9/25/2024_Juvenile,Strong Shells,,,,,,,,,,,,,
1,9/18/2024,9/22/2024,9/25/2024,KBY,MIO1,59.57137,-151.27263,215,Orange,Juvenile,830,56,36,16,15.8,3.2,14.3,30.6,EVOS_MIO1_828-832_215_9/25/2024_Juvenile,Strong Shells,,,,,,,,,,,,,
1,9/18/2024,9/22/2024,9/25/2024,KBY,MIO1,59.57137,-151.27263,215,Orange,Juvenile,831,48,32,22,13.8,2.4,14.3,30.6,EVOS_MIO1_828-832_215_9/25/2024_Juvenile,Strong Shells,,,,,,,,,,,,,
1,9/18/2024,9/22/2024,9/25/2024,KBY,MIO1,59.57137,-151.27263,215,Orange,Juvenile,832,76,39,20,20.6,4.1,14.3,30.6,EVOS_MIO1_828-832_215_9/25/2024_Juvenile,Strong Shells,,,,,,,,,,,,,
1,9/18/2024,9/22/2024,9/25/2024,KBY,MIO1,59.57137,-151.27263,215,Orange,Juvenile,833,50,35,17,12.8,3.1,14.3,27.5,EVOS_MIO1_833-837_215_9/25/2024_Juvenile,Strong Shells,,,,,,,,,,,,,
1,9/18/2024,9/22/2024,9/25/2024,KBY,MIO1,59.57137,-151.27263,215,Orange,Juvenile,834,51,46,19,16.5,2.7,14.3,27.5,EVOS_MIO1_833-837_215_9/25/2024_Juvenile,Strong Shells,,,,,,,,,,,,,
1,9/18/2024,9/22/2024,9/25/2024,KBY,MIO1,59.57137,-151.27263,215,Orange,Juvenile,835,46,36,16,10.2,2,14.3,27.5,EVOS_MIO1_833-837_215_9/25/2024_Juvenile,Strong Shells,,,,,,,,,,,,,
1,9/18/2024,9/22/2024,9/25/2024,KBY,MIO1,59.57137,-151.27263,215,Orange,Juvenile,836,68,38,17,19.5,3.8,14.3,27.5,EVOS_MIO1_833-837_215_9/25/2024_Juvenile,Strong Shells,,,,,,,,,,,,,
1,9/18/2024,9/22/2024,9/25/2024,KBY,MIO1,59.57137,-151.27263,215,Orange,Juvenile,837,54,35,16,12.6,2.1,14.3,27.5,EVOS_MIO1_833-837_215_9/25/2024_Juvenile,Strong Shells,,,,,,,,,,,,,
1,9/18/2024,9/22/2024,9/25/2024,KBY,MIO1,59.57137,-151.27263,215,Orange,Juvenile,838,72,46,14,23.9,4.9,14.3,31.3,EVOS_MIO1_838-842_215_9/25/2024_Juvenile,Strong Shells,,,,,,,,,,,,,
1,9/18/2024,9/22/2024,9/25/2024,KBY,MIO1,59.57137,-151.27263,215,Orange,Juvenile,839,61,39,18,17.1,3.3,14.3,31.3,EVOS_MIO1_838-842_215_9/25/2024_Juvenile,Strong Shells,,,,,,,,,,,,,
1,9/18/2024,9/22/2024,9/25/2024,KBY,MIO1,59.57137,-151.27263,215,Orange,Juvenile,840,57,34,17,11.7,2.3,14.3,31.3,EVOS_MIO1_838-842_215_9/25/2024_Juvenile,Strong Shells,,,,,,,,,,,,,
1,9/18/2024,9/22/2024,9/25/2024,KBY,MIO1,59.57137,-151.27263,215,Orange,Juvenile,841,62,35,20,18.1,3.8,14.3,31.3,EVOS_MIO1_838-842_215_9/25/2024_Juvenile,Strong Shells,,,,,,,,,,,,,
1,9/18/2024,9/22/2024,9/25/2024,KBY,MIO1,59.57137,-151.27263,215,Orange,Juvenile,842,54,40,19,18.3,3.2,14.3,31.3,EVOS_MIO1_838-842_215_9/25/2024_Juvenile,Strong Shells,,,,,,,,,,,,,
1,9/18/2024,9/22/2024,9/25/2024,KBY,MIO1,59.57137,-151.27263,214,Orange,Juvenile,843,55,35,16,12.7,1.9,14.3,26.8,EVOS_MIO1_843-847_214_9/25/2024_Juvenile,Strong Shells,,,,,,,,,,,,,
1,9/18/2024,9/22/2024,9/25/2024,KBY,MIO1,59.57137,-151.27263,214,Orange,Juvenile,844,55,43,17,19.1,3,14.3,26.8,EVOS_MIO1_843-847_214_9/25/2024_Juvenile,Strong Shells,,,,,,,,,,,,,
1,9/18/2024,9/22/2024,9/25/2024,KBY,MIO1,59.57137,-151.27263,214,Orange,Juvenile,845,59,31,18,16.8,3.4,14.3,26.8,EVOS_MIO1_843-847_214_9/25/2024_Juvenile,Strong Shells,,,,,,,,,,,,,
1,9/18/2024,9/22/2024,9/25/2024,KBY,MIO1,59.57137,-151.27263,214,Orange,Juvenile,846,58,42,16,14,3.4,14.3,26.8,EVOS_MIO1_843-847_214_9/25/2024_Juvenile,Strong Shells,,,,,,,,,,,,,
1,9/18/2024,9/22/2024,9/25/2024,KBY,MIO1,59.57137,-151.27263,214,Orange,Juvenile,847,44,37,14,9.6,1.5,14.3,26.8,EVOS_MIO1_843-847_214_9/25/2024_Juvenile,Strong Shells,,,,,,,,,,,,,
1,9/18/2024,9/22/2024,9/25/2024,KBY,MIO1,59.57137,-151.27263,214,Orange,Juvenile,848,59,32,15,12.7,2,14.3,26.2,EVOS_MIO1_848-852_214_9/25/2024_Juvenile,Strong Shells,,,,,,,,,,,,,
1,9/18/2024,9/22/2024,9/25/2024,KBY,MIO1,59.57137,-151.27263,214,Orange,Juvenile,849,60,41,16,15.1,2.5,14.3,26.2,EVOS_MIO1_848-852_214_9/25/2024_Juvenile,Strong Shells,,,,,,,,,,,,,
1,9/18/2024,9/22/2024,9/25/2024,KBY,MIO1,59.57137,-151.27263,214,Orange,Juvenile,850,51,35,14,12.8,2.2,14.3,26.2,EVOS_MIO1_848-852_214_9/25/2024_Juvenile,Strong Shells,,,,,,,,,,,,,
1,9/18/2024,9/22/2024,9/25/2024,KBY,MIO1,59.57137,-151.27263,214,Orange,Juvenile,851,45,40,15,16,2.6,14.3,26.2,EVOS_MIO1_848-852_214_9/25/2024_Juvenile,Strong Shells,,,,,,,,,,,,,
1,9/18/2024,9/22/2024,9/25/2024,KBY,MIO1,59.57137,-151.27263,214,Orange,Juvenile,852,56,39,20,19.9,3.3,14.3,26.2,EVOS_MIO1_848-852_214_9/25/2024_Juvenile,Strong Shells,,,,,,,,,,,,,
1,9/18/2024,9/22/2024,9/25/2024,KBY,MIO1,59.57137,-151.27263,214,Orange,Juvenile,853,52,35,12,14.8,3.1,14.3,25.6,EVOS_MIO1_853-857_214_9/25/2024_Juvenile,Strong Shells,,,,,,,,,,,,,
1,9/18/2024,9/22/2024,9/25/2024,KBY,MIO1,59.57137,-151.27263,214,Orange,Juvenile,854,56,34,16,13.5,1.9,14.3,25.6,EVOS_MIO1_853-857_214_9/25/2024_Juvenile,Strong Shells,,,,,,,,,,,,,
1,9/18/2024,9/22/2024,9/25/2024,KBY,MIO1,59.57137,-151.27263,214,Orange,Juvenile,855,59,35,16,18.1,3.8,14.3,25.6,EVOS_MIO1_853-857_214_9/25/2024_Juvenile,Strong Shells,,,,,,,,,,,,,
1,9/18/2024,9/22/2024,9/25/2024,KBY,MIO1,59.57137,-151.27263,214,Orange,Juvenile,856,50,32,15,10,1.7,14.3,25.6,EVOS_MIO1_853-857_214_9/25/2024_Juvenile,Strong Shells,,,,,,,,,,,,,
1,9/18/2024,9/22/2024,9/25/2024,KBY,MIO1,59.57137,-151.27263,214,Orange,Juvenile,857,47,27,12,7.7,1.2,14.3,25.6,EVOS_MIO1_853-857_214_9/25/2024_Juvenile,Strong Shells,,,,,,,,,,,,,
1,9/18/2024,9/22/2024,9/25/2024,KBY,MIO1,59.57137,-151.27263,214,Orange,Juvenile,858,35,31,11,6.8,1,14.3,25.2,EVOS_MIO1_858-862_214_9/25/2024_Juvenile,Strong Shells,,,,,,,,,,,,,
1,9/18/2024,9/22/2024,9/25/2024,KBY,MIO1,59.57137,-151.27263,214,Orange,Juvenile,859,63,38,14,15.9,3.1,14.3,25.2,EVOS_MIO1_858-862_214_9/25/2024_Juvenile,Strong Shells,,,,,,,,,,,,,
1,9/18/2024,9/22/2024,9/25/2024,KBY,MIO1,59.57137,-151.27263,214,Orange,Juvenile,860,47,34,15,10.4,1.4,14.3,25.2,EVOS_MIO1_858-862_214_9/25/2024_Juvenile,Strong Shells,,,,,,,,,,,,,
1,9/18/2024,9/22/2024,9/25/2024,KBY,MIO1,59.57137,-151.27263,214,Orange,Juvenile,861,57,41,13,16.9,3.7,14.3,25.2,EVOS_MIO1_858-862_214_9/25/2024_Juvenile,Strong Shells,,,,,,,,,,,,,
1,9/18/2024,9/22/2024,9/25/2024,KBY,MIO1,59.57137,-151.27263,214,Orange,Juvenile,862,51,32,19,11.9,2.1,14.3,25.2,EVOS_MIO1_858-862_214_9/25/2024_Juvenile,Strong Shells,,,,,,,,,,,,,
1,9/18/2024,9/22/2024,9/25/2024,KBY,MIO1,59.57137,-151.27263,213,Orange,Juvenile,863,35,32,13,8.8,1.4,14.3,26.5,EVOS_MIO1_863-867_213_9/25/2024_Juvenile,,,,,,,,,,,,,,
1,9/18/2024,9/22/2024,9/25/2024,KBY,MIO1,59.57137,-151.27263,213,Orange,Juvenile,864,47,32,14,12.7,2.5,14.3,26.5,EVOS_MIO1_863-867_213_9/25/2024_Juvenile,,,,,,,,,,,,,,
1,9/18/2024,9/22/2024,9/25/2024,KBY,MIO1,59.57137,-151.27263,213,Orange,Juvenile,865,50,32,14,11.7,1.8,14.3,26.5,EVOS_MIO1_863-867_213_9/25/2024_Juvenile,,,,,,,,,,,,,,
1,9/18/2024,9/22/2024,9/25/2024,KBY,MIO1,59.57137,-151.27263,213,Orange,Juvenile,866,59,41,23,21.8,4.8,14.3,26.5,EVOS_MIO1_863-867_213_9/25/2024_Juvenile,,,,,,,,,,,,,,
1,9/18/2024,9/22/2024,9/25/2024,KBY,MIO1,59.57137,-151.27263,213,Orange,Juvenile,867,43,33,15,11.8,1.8,14.3,26.5,EVOS_MIO1_863-867_213_9/25/2024_Juvenile,,,,,,,,,,,,,,
1,9/18/2024,9/22/2024,9/25/2024,KBY,MIO1,59.57137,-151.27263,213,Orange,Juvenile,868,69,41,17,22.6,4,14.3,25.9,EVOS_MIO1_868-872_213_9/25/2024_Juvenile,,,,,,,,,,,,,,
1,9/18/2024,9/22/2024,9/25/2024,KBY,MIO1,59.57137,-151.27263,213,Orange,Juvenile,869,48,29,17,10.6,1.2,14.3,25.9,EVOS_MIO1_868-872_213_9/25/2024_Juvenile,,,,,,,,,,,,,,
1,9/18/2024,9/22/2024,9/25/2024,KBY,MIO1,59.57137,-151.27263,213,Orange,Juvenile,870,56,37,17,16.8,3.1,14.3,25.9,EVOS_MIO1_868-872_213_9/25/2024_Juvenile,,,,,,,,,,,,,,
1,9/18/2024,9/22/2024,9/25/2024,KBY,MIO1,59.57137,-151.27263,213,Orange,Juvenile,871,50,36,16,16.2,2.3,14.3,25.9,EVOS_MIO1_868-872_213_9/25/2024_Juvenile,,,,,,,,,,,,,,
1,9/18/2024,9/22/2024,9/25/2024,KBY,MIO1,59.57137,-151.27263,213,Orange,Juvenile,872,43,30,13,8.4,1.4,14.3,25.9,EVOS_MIO1_868-872_213_9/25/2024_Juvenile,,,,,,,,,,,,,,
1,9/18/2024,9/22/2024,9/25/2024,KBY,MIO1,59.57137,-151.27263,213,Orange,Juvenile,873,50,35,13,11.1,1.5,14.3,29.8,EVOS_MIO1_873-877_213_9/25/2024_Juvenile,,,,,,,,,,,,,,
1,9/18/2024,9/22/2024,9/25/2024,KBY,MIO1,59.57137,-151.27263,213,Orange,Juvenile,874,35,29,14,8.6,1.5,14.3,29.8,EVOS_MIO1_873-877_213_9/25/2024_Juvenile,,,,,,,,,,,,,,
1,9/18/2024,9/22/2024,9/25/2024,KBY,MIO1,59.57137,-151.27263,213,Orange,Juvenile,875,55,38,19,17,2.3,14.3,29.8,EVOS_MIO1_873-877_213_9/25/2024_Juvenile,,,,,,,,,,,,,,
1,9/18/2024,9/22/2024,9/25/2024,KBY,MIO1,59.57137,-151.27263,213,Orange,Juvenile,876,65,45,22,30.7,6.1,14.3,29.8,EVOS_MIO1_873-877_213_9/25/2024_Juvenile,,,,,,,,,,,,,,
1,9/18/2024,9/22/2024,9/25/2024,KBY,MIO1,59.57137,-151.27263,213,Orange,Juvenile,877,62,45,20,24.9,4.4,14.3,29.8,EVOS_MIO1_873-877_213_9/25/2024_Juvenile,,,,,,,,,,,,,,
1,9/18/2024,9/22/2024,9/25/2024,KBY,MIO1,59.57137,-151.27263,213,Orange,Juvenile,878,60,42,17,17.4,3.8,14.3,27.3,EVOS_MIO1_878-882_213_9/25/2024_Juvenile,,,,,,,,,,,,,,
1,9/18/2024,9/22/2024,9/25/2024,KBY,MIO1,59.57137,-151.27263,213,Orange,Juvenile,879,59,35,13,11.2,1.6,14.3,27.3,EVOS_MIO1_878-882_213_9/25/2024_Juvenile,,,,,,,,,,,,,,
1,9/18/2024,9/22/2024,9/25/2024,KBY,MIO1,59.57137,-151.27263,213,Orange,Juvenile,880,48,31,12,8.8,1.2,14.3,27.3,EVOS_MIO1_878-882_213_9/25/2024_Juvenile,,,,,,,,,,,,,,
1,9/18/2024,9/22/2024,9/25/2024,KBY,MIO1,59.57137,-151.27263,213,Orange,Juvenile,881,60,40,16,18.7,3,14.3,27.3,EVOS_MIO1_878-882_213_9/25/2024_Juvenile,,,,,,,,,,,,,,
1,9/18/2024,9/22/2024,9/25/2024,KBY,MIO1,59.57137,-151.27263,213,Orange,Juvenile,882,60,36,15,16.5,3.5,14.3,27.3,EVOS_MIO1_878-882_213_9/25/2024_Juvenile,,,,,,,,,,,,,,
1,10/3/2024,10/7/2024,10/7/2024,KBY,SSF1,59.46033,-151.51878,Replacement 1,Orange,Juvenile,883,52,31,13,10.918,1.043,14.338,20.434,EVOS_SSF1_883-887_Replacement 1_10/7/2024_Juvenile,Falcon tubes need to be reweighed since only 1/4 falcon tubes were weighed. Replacement oysters from hanging trees. Brittle,,,,,,,,,,,,,
1,10/3/2024,10/7/2024,10/7/2024,KBY,SSF1,59.46033,-151.51878,Replacement 1,Orange,Juvenile,884,52,36,17,15.722,1.92,14.338,20.434,EVOS_SSF1_883-887_Replacement 1_10/7/2024_Juvenile,Falcon tubes need to be reweighed since only 1/4 falcon tubes were weighed. Replacement oysters from hanging trees. Brittle,,,,,,,,,,,,,
1,10/3/2024,10/7/2024,10/7/2024,KBY,SSF1,59.46033,-151.51878,Replacement 1,Orange,Juvenile,885,44,33,15,10.577,1.472,14.338,20.434,EVOS_SSF1_883-887_Replacement 1_10/7/2024_Juvenile,Falcon tubes need to be reweighed since only 1/4 falcon tubes were weighed. Replacement oysters from hanging trees. Brittle,,,,,,,,,,,,,
1,10/3/2024,10/7/2024,10/7/2024,KBY,SSF1,59.46033,-151.51878,Replacement 1,Orange,Juvenile,886,48,30,13,7.666,0.855,14.338,20.434,EVOS_SSF1_883-887_Replacement 1_10/7/2024_Juvenile,Falcon tubes need to be reweighed since only 1/4 falcon tubes were weighed. Replacement oysters from hanging trees. Brittle,,,,,,,,,,,,,
1,10/3/2024,10/7/2024,10/7/2024,KBY,SSF1,59.46033,-151.51878,Replacement 1,Orange,Juvenile,887,52,34,14,11.116,1.189,14.338,20.434,EVOS_SSF1_883-887_Replacement 1_10/7/2024_Juvenile,Falcon tubes need to be reweighed since only 1/4 falcon tubes were weighed. Replacement oysters from hanging trees. Brittle,,,,,,,,,,,,,
1,10/3/2024,10/7/2024,10/7/2024,KBY,SSF1,59.46033,-151.51878,Replacement 1,Orange,Juvenile,888,52,21,12,6.549,0.661,14.338,22.171,EVOS_SSF1_888-892_Replacement 1_10/7/2024_Juvenile,Falcon tubes need to be reweighed since only 1/4 falcon tubes were weighed. Replacement oysters from hanging trees. Brittle,,,,,,,,,,,,,
1,10/3/2024,10/7/2024,10/7/2024,KBY,SSF1,59.46033,-151.51878,Replacement 1,Orange,Juvenile,889,61,39,16,13.956,1.966,14.338,22.171,EVOS_SSF1_888-892_Replacement 1_10/7/2024_Juvenile,Falcon tubes need to be reweighed since only 1/4 falcon tubes were weighed. Replacement oysters from hanging trees. Brittle,,,,,,,,,,,,,
1,10/3/2024,10/7/2024,10/7/2024,KBY,SSF1,59.46033,-151.51878,Replacement 1,Orange,Juvenile,890,57,44,18,19.278,2.349,14.338,22.171,EVOS_SSF1_888-892_Replacement 1_10/7/2024_Juvenile,Falcon tubes need to be reweighed since only 1/4 falcon tubes were weighed. Replacement oysters from hanging trees. Brittle,,,,,,,,,,,,,
1,10/3/2024,10/7/2024,10/7/2024,KBY,SSF1,59.46033,-151.51878,Replacement 1,Orange,Juvenile,891,45,41,16,9.334,1.4,14.338,22.171,EVOS_SSF1_888-892_Replacement 1_10/7/2024_Juvenile,Falcon tubes need to be reweighed since only 1/4 falcon tubes were weighed. Replacement oysters from hanging trees. Brittle,,,,,,,,,,,,,
1,10/3/2024,10/7/2024,10/7/2024,KBY,SSF1,59.46033,-151.51878,Replacement 1,Orange,Juvenile,892,59,37,14,12.602,1.945,14.338,22.171,EVOS_SSF1_888-892_Replacement 1_10/7/2024_Juvenile,Falcon tubes need to be reweighed since only 1/4 falcon tubes were weighed. Replacement oysters from hanging trees. Brittle,,,,,,,,,,,,,
1,10/3/2024,10/7/2024,10/7/2024,KBY,SSF1,59.46033,-151.51878,Replacement 1,Orange,Juvenile,893,60,37,14,10.897,1.324,14.338,21.638,EVOS_SSF1_893-897_Replacement 1_10/7/2024_Juvenile,Falcon tubes need to be reweighed since only 1/4 falcon tubes were weighed. Replacement oysters from hanging trees. Brittle,,,,,,,,,,,,,
1,10/3/2024,10/7/2024,10/7/2024,KBY,SSF1,59.46033,-151.51878,Replacement 1,Orange,Juvenile,894,60,38,15,14.116,1.584,14.338,21.638,EVOS_SSF1_893-897_Replacement 1_10/7/2024_Juvenile,Falcon tubes need to be reweighed since only 1/4 falcon tubes were weighed. Replacement oysters from hanging trees. Brittle,,,,,,,,,,,,,
1,10/3/2024,10/7/2024,10/7/2024,KBY,SSF1,59.46033,-151.51878,Replacement 1,Orange,Juvenile,895,60,37,13,11.507,1.48,14.338,21.638,EVOS_SSF1_893-897_Replacement 1_10/7/2024_Juvenile,Falcon tubes need to be reweighed since only 1/4 falcon tubes were weighed. Replacement oysters from hanging trees. Brittle,,,,,,,,,,,,,
1,10/3/2024,10/7/2024,10/7/2024,KBY,SSF1,59.46033,-151.51878,Replacement 1,Orange,Juvenile,896,59,38,14,13.177,1.942,14.338,21.638,EVOS_SSF1_893-897_Replacement 1_10/7/2024_Juvenile,Falcon tubes need to be reweighed since only 1/4 falcon tubes were weighed. Replacement oysters from hanging trees. Brittle,,,,,,,,,,,,,
1,10/3/2024,10/7/2024,10/7/2024,KBY,SSF1,59.46033,-151.51878,Replacement 1,Orange,Juvenile,897,52,37,17,9.8,1.601,14.338,21.638,EVOS_SSF1_893-897_Replacement 1_10/7/2024_Juvenile,Falcon tubes need to be reweighed since only 1/4 falcon tubes were weighed. Replacement oysters from hanging trees. Brittle,,,,,,,,,,,,,
1,10/3/2024,10/7/2024,10/7/2024,KBY,SSF1,59.46033,-151.51878,Replacement 1,Orange,Juvenile,898,73,44,19,18.102,2.897,14.338,23.254,EVOS_SSF1_898-902_Replacement 1_10/7/2024_Juvenile,Falcon tubes need to be reweighed since only 1/4 falcon tubes were weighed. Replacement oysters from hanging trees. Brittle,,,,,,,,,,,,,
1,10/3/2024,10/7/2024,10/7/2024,KBY,SSF1,59.46033,-151.51878,Replacement 1,Orange,Juvenile,899,44,29,14,7.76,1.024,14.338,23.254,EVOS_SSF1_898-902_Replacement 1_10/7/2024_Juvenile,Falcon tubes need to be reweighed since only 1/4 falcon tubes were weighed. Replacement oysters from hanging trees. Brittle,,,,,,,,,,,,,
1,10/3/2024,10/7/2024,10/7/2024,KBY,SSF1,59.46033,-151.51878,Replacement 1,Orange,Juvenile,900,63,35,14,12.072,1.666,14.338,23.254,EVOS_SSF1_898-902_Replacement 1_10/7/2024_Juvenile,Falcon tubes need to be reweighed since only 1/4 falcon tubes were weighed. Replacement oysters from hanging trees. Brittle,,,,,,,,,,,,,
1,10/3/2024,10/7/2024,10/7/2024,KBY,SSF1,59.46033,-151.51878,Replacement 1,Orange,Juvenile,901,65,33,20,17.332,2.136,14.338,23.254,EVOS_SSF1_898-902_Replacement 1_10/7/2024_Juvenile,Falcon tubes need to be reweighed since only 1/4 falcon tubes were weighed. Replacement oysters from hanging trees. Brittle,,,,,,,,,,,,,
1,10/3/2024,10/7/2024,10/7/2024,KBY,SSF1,59.46033,-151.51878,Replacement 1,Orange,Juvenile,902,54,36,13,9.698,1.679,14.338,23.254,EVOS_SSF1_898-902_Replacement 1_10/7/2024_Juvenile,Falcon tubes need to be reweighed since only 1/4 falcon tubes were weighed. Replacement oysters from hanging trees. Brittle,,,,,,,,,,,,,
1,10/3/2024,10/7/2024,10/7/2024,KBY,SSF1,59.46033,-151.51878,Replacement 2,Orange,Juvenile,903,56,26,13,7.606,0.809,14.315,20.03,EVOS_SSF1_903-907_Replacement 2_10/7/2024_Juvenile,Replacement oysters from hanging trees. Brittle,,,,,,,,,,,,,
1,10/3/2024,10/7/2024,10/7/2024,KBY,SSF1,59.46033,-151.51878,Replacement 2,Orange,Juvenile,904,60,33,13,8.355,0.935,14.315,20.03,EVOS_SSF1_903-907_Replacement 2_10/7/2024_Juvenile,Replacement oysters from hanging trees. Brittle,,,,,,,,,,,,,
1,10/3/2024,10/7/2024,10/7/2024,KBY,SSF1,59.46033,-151.51878,Replacement 2,Orange,Juvenile,905,61,36,15,11.093,1.689,14.315,20.03,EVOS_SSF1_903-907_Replacement 2_10/7/2024_Juvenile,Replacement oysters from hanging trees. Brittle,,,,,,,,,,,,,
1,10/3/2024,10/7/2024,10/7/2024,KBY,SSF1,59.46033,-151.51878,Replacement 2,Orange,Juvenile,906,53,39,16,12.218,1.535,14.315,20.03,EVOS_SSF1_903-907_Replacement 2_10/7/2024_Juvenile,Replacement oysters from hanging trees. Brittle,,,,,,,,,,,,,
1,10/3/2024,10/7/2024,10/7/2024,KBY,SSF1,59.46033,-151.51878,Replacement 2,Orange,Juvenile,907,51,35,15,9.54,1.146,14.315,20.03,EVOS_SSF1_903-907_Replacement 2_10/7/2024_Juvenile,Replacement oysters from hanging trees. Brittle,,,,,,,,,,,,,
1,10/3/2024,10/7/2024,10/7/2024,KBY,SSF1,59.46033,-151.51878,Replacement 2,Orange,Juvenile,908,61,37,18,17.241,3.027,14.315,23.971,EVOS_SSF1_908-912_Replacement 2_10/7/2024_Juvenile,Replacement oysters from hanging trees. Brittle,,,,,,,,,,,,,
1,10/3/2024,10/7/2024,10/7/2024,KBY,SSF1,59.46033,-151.51878,Replacement 2,Orange,Juvenile,909,62,34,13,10.504,1.26,14.315,23.971,EVOS_SSF1_908-912_Replacement 2_10/7/2024_Juvenile,Replacement oysters from hanging trees. Brittle,,,,,,,,,,,,,
1,10/3/2024,10/7/2024,10/7/2024,KBY,SSF1,59.46033,-151.51878,Replacement 2,Orange,Juvenile,910,70,27,16,12.072,1.29,14.315,23.971,EVOS_SSF1_908-912_Replacement 2_10/7/2024_Juvenile,Replacement oysters from hanging trees. Brittle,,,,,,,,,,,,,
1,10/3/2024,10/7/2024,10/7/2024,KBY,SSF1,59.46033,-151.51878,Replacement 2,Orange,Juvenile,911,56,32,14,10.604,2.458,14.315,23.971,EVOS_SSF1_908-912_Replacement 2_10/7/2024_Juvenile,Replacement oysters from hanging trees. Brittle,,,,,,,,,,,,,
1,10/3/2024,10/7/2024,10/7/2024,KBY,SSF1,59.46033,-151.51878,Replacement 2,Orange,Juvenile,912,63,34,17,16.279,2.438,14.315,23.971,EVOS_SSF1_908-912_Replacement 2_10/7/2024_Juvenile,Replacement oysters from hanging trees. Brittle,,,,,,,,,,,,,
1,10/3/2024,10/7/2024,10/7/2024,KBY,SSF1,59.46033,-151.51878,Replacement 2,Orange,Juvenile,913,52,34,12,6.318,1.154,14.402,19.432,EVOS_SSF1_913-917_Replacement 2_10/7/2024_Juvenile,Replacement oysters from hanging trees. Brittle,,,,,,,,,,,,,
1,10/3/2024,10/7/2024,10/7/2024,KBY,SSF1,59.46033,-151.51878,Replacement 2,Orange,Juvenile,914,50,24,14,8.215,1.093,14.402,19.432,EVOS_SSF1_913-917_Replacement 2_10/7/2024_Juvenile,Replacement oysters from hanging trees. Brittle,,,,,,,,,,,,,
1,10/3/2024,10/7/2024,10/7/2024,KBY,SSF1,59.46033,-151.51878,Replacement 2,Orange,Juvenile,915,52,27,14,8.526,1.033,14.402,19.432,EVOS_SSF1_913-917_Replacement 2_10/7/2024_Juvenile,Replacement oysters from hanging trees. Brittle,,,,,,,,,,,,,
1,10/3/2024,10/7/2024,10/7/2024,KBY,SSF1,59.46033,-151.51878,Replacement 2,Orange,Juvenile,916,50,29,11,5.272,0.933,14.402,19.432,EVOS_SSF1_913-917_Replacement 2_10/7/2024_Juvenile,Replacement oysters from hanging trees. Brittle,,,,,,,,,,,,,
1,10/3/2024,10/7/2024,10/7/2024,KBY,SSF1,59.46033,-151.51878,Replacement 2,Orange,Juvenile,917,58,29,15,9.018,1.239,14.402,19.432,EVOS_SSF1_913-917_Replacement 2_10/7/2024_Juvenile,Replacement oysters from hanging trees. Brittle,,,,,,,,,,,,,
1,10/3/2024,10/7/2024,10/7/2024,KBY,SSF1,59.46033,-151.51878,Replacement 2,Orange,Juvenile,918,59,32,16,13.159,2.12,14.322,21.895,EVOS_SSF1_918-922_Replacement 2_10/7/2024_Juvenile,Replacement oysters from hanging trees. Brittle,,,,,,,,,,,,,
1,10/3/2024,10/7/2024,10/7/2024,KBY,SSF1,59.46033,-151.51878,Replacement 2,Orange,Juvenile,919,59,32,14,12.738,1.607,14.322,21.895,EVOS_SSF1_918-922_Replacement 2_10/7/2024_Juvenile,Replacement oysters from hanging trees. Brittle,,,,,,,,,,,,,
1,10/3/2024,10/7/2024,10/7/2024,KBY,SSF1,59.46033,-151.51878,Replacement 2,Orange,Juvenile,920,61,34,13,11.059,1.393,14.322,21.895,EVOS_SSF1_918-922_Replacement 2_10/7/2024_Juvenile,Replacement oysters from hanging trees. Brittle,,,,,,,,,,,,,
1,10/3/2024,10/7/2024,10/7/2024,KBY,SSF1,59.46033,-151.51878,Replacement 2,Orange,Juvenile,921,53,32,14,12.085,1.787,14.322,21.895,EVOS_SSF1_918-922_Replacement 2_10/7/2024_Juvenile,Replacement oysters from hanging trees. Brittle,,,,,,,,,,,,,
1,10/3/2024,10/7/2024,10/7/2024,KBY,SSF1,59.46033,-151.51878,Replacement 2,Orange,Juvenile,922,43,32,14,8.345,1.189,14.322,21.895,EVOS_SSF1_918-922_Replacement 2_10/7/2024_Juvenile,Replacement oysters from hanging trees. Brittle,,,,,,,,,,,,,
1,10/3/2024,10/7/2024,10/7/2024,KBY,SSF1,59.46033,-151.51878,Replacement 3,Orange,Juvenile,923,56,31,12,5.441,0.946,14.628,20.143,EVOS_SSF1_923-927_Replacement 3_10/7/2024_Juvenile,Replacement oysters from hanging trees. Brittle,,,,,,,,,,,,,
1,10/3/2024,10/7/2024,10/7/2024,KBY,SSF1,59.46033,-151.51878,Replacement 3,Orange,Juvenile,924,54,34,13,13.452,1.751,14.628,20.143,EVOS_SSF1_923-927_Replacement 3_10/7/2024_Juvenile,Replacement oysters from hanging trees. Brittle,,,,,,,,,,,,,
1,10/3/2024,10/7/2024,10/7/2024,KBY,SSF1,59.46033,-151.51878,Replacement 3,Orange,Juvenile,925,56,31,11,10.076,1.359,14.628,20.143,EVOS_SSF1_923-927_Replacement 3_10/7/2024_Juvenile,Replacement oysters from hanging trees. Brittle,,,,,,,,,,,,,
1,10/3/2024,10/7/2024,10/7/2024,KBY,SSF1,59.46033,-151.51878,Replacement 3,Orange,Juvenile,926,56,30,14,8.622,1.086,14.628,20.143,EVOS_SSF1_923-927_Replacement 3_10/7/2024_Juvenile,Replacement oysters from hanging trees. Brittle,,,,,,,,,,,,,
1,10/3/2024,10/7/2024,10/7/2024,KBY,SSF1,59.46033,-151.51878,Replacement 3,Orange,Juvenile,927,52,32,13,10.504,1.242,14.628,20.143,EVOS_SSF1_923-927_Replacement 3_10/7/2024_Juvenile,Replacement oysters from hanging trees. Brittle,,,,,,,,,,,,,
1,10/3/2024,10/7/2024,10/7/2024,KBY,SSF1,59.46033,-151.51878,Replacement 3,Orange,Juvenile,928,51,34,13,8.773,0.962,14.302,22.849,EVOS_SSF1_928-932_Replacement 3_10/7/2024_Juvenile,Replacement oysters from hanging trees. Brittle,,,,,,,,,,,,,
1,10/3/2024,10/7/2024,10/7/2024,KBY,SSF1,59.46033,-151.51878,Replacement 3,Orange,Juvenile,929,59,44,16,18.354,2.835,14.302,22.849,EVOS_SSF1_928-932_Replacement 3_10/7/2024_Juvenile,Replacement oysters from hanging trees. Brittle,,,,,,,,,,,,,
1,10/3/2024,10/7/2024,10/7/2024,KBY,SSF1,59.46033,-151.51878,Replacement 3,Orange,Juvenile,930,58,30,14,7.083,1.08,14.302,22.849,EVOS_SSF1_928-932_Replacement 3_10/7/2024_Juvenile,Replacement oysters from hanging trees. Brittle,,,,,,,,,,,,,
1,10/3/2024,10/7/2024,10/7/2024,KBY,SSF1,59.46033,-151.51878,Replacement 3,Orange,Juvenile,931,43,29,15,9.309,1.146,14.302,22.849,EVOS_SSF1_928-932_Replacement 3_10/7/2024_Juvenile,Replacement oysters from hanging trees. Brittle,,,,,,,,,,,,,
1,10/3/2024,10/7/2024,10/7/2024,KBY,SSF1,59.46033,-151.51878,Replacement 3,Orange,Juvenile,932,64,45,15,17.707,3.1,14.302,22.849,EVOS_SSF1_928-932_Replacement 3_10/7/2024_Juvenile,Replacement oysters from hanging trees. Brittle,,,,,,,,,,,,,
1,10/3/2024,10/7/2024,10/7/2024,KBY,SSF1,59.46033,-151.51878,Replacement 3,Orange,Juvenile,933,55,33,15,9.692,1.349,14.457,21.105,EVOS_SSF1_933-937_Replacement 3_10/7/2024_Juvenile,Replacement oysters from hanging trees. Brittle,,,,,,,,,,,,,
1,10/3/2024,10/7/2024,10/7/2024,KBY,SSF1,59.46033,-151.51878,Replacement 3,Orange,Juvenile,934,44,34,15,8.845,1.642,14.457,21.105,EVOS_SSF1_933-937_Replacement 3_10/7/2024_Juvenile,Replacement oysters from hanging trees. Brittle,,,,,,,,,,,,,
1,10/3/2024,10/7/2024,10/7/2024,KBY,SSF1,59.46033,-151.51878,Replacement 3,Orange,Juvenile,935,51,29,13,8.428,1.108,14.457,21.105,EVOS_SSF1_933-937_Replacement 3_10/7/2024_Juvenile,Replacement oysters from hanging trees. Brittle,,,,,,,,,,,,,
1,10/3/2024,10/7/2024,10/7/2024,KBY,SSF1,59.46033,-151.51878,Replacement 3,Orange,Juvenile,936,47,32,14,8.565,1.302,14.457,21.105,EVOS_SSF1_933-937_Replacement 3_10/7/2024_Juvenile,Replacement oysters from hanging trees. Brittle,,,,,,,,,,,,,
1,10/3/2024,10/7/2024,10/7/2024,KBY,SSF1,59.46033,-151.51878,Replacement 3,Orange,Juvenile,937,52,39,16,9.476,1.874,14.457,21.105,EVOS_SSF1_933-937_Replacement 3_10/7/2024_Juvenile,Replacement oysters from hanging trees. Brittle,,,,,,,,,,,,,
1,10/3/2024,10/7/2024,10/7/2024,KBY,SSF1,59.46033,-151.51878,Replacement 3,Orange,Juvenile,938,49,36,15,12.242,1.92,14.373,22.643,EVOS_SSF1_938-942_Replacement 3_10/7/2024_Juvenile,Replacement oysters from hanging trees. Brittle,,,,,,,,,,,,,
1,10/3/2024,10/7/2024,10/7/2024,KBY,SSF1,59.46033,-151.51878,Replacement 3,Orange,Juvenile,939,69,29,14,10.052,1.511,14.373,22.643,EVOS_SSF1_938-942_Replacement 3_10/7/2024_Juvenile,Replacement oysters from hanging trees. Brittle,,,,,,,,,,,,,
1,10/3/2024,10/7/2024,10/7/2024,KBY,SSF1,59.46033,-151.51878,Replacement 3,Orange,Juvenile,940,60,29,14,9.166,1.351,14.373,22.643,EVOS_SSF1_938-942_Replacement 3_10/7/2024_Juvenile,Replacement oysters from hanging trees. Brittle,,,,,,,,,,,,,
1,10/3/2024,10/7/2024,10/7/2024,KBY,SSF1,59.46033,-151.51878,Replacement 3,Orange,Juvenile,941,49,37,20,15.517,2.333,14.373,22.643,EVOS_SSF1_938-942_Replacement 3_10/7/2024_Juvenile,Replacement oysters from hanging trees. Brittle,,,,,,,,,,,,,
1,10/3/2024,10/7/2024,10/7/2024,KBY,SSF1,59.46033,-151.51878,Replacement 3,Orange,Juvenile,942,50,40,13,8.304,1.496,14.373,22.643,EVOS_SSF1_938-942_Replacement 3_10/7/2024_Juvenile,Replacement oysters from hanging trees. Brittle,,,,,,,,,,,,,
2,3/13/2025,3/14/2025,3/17/2025,PWS,ROK1,60.5629,-145.96046,506,Yellow,Subadult,2001,86,56,24,55.969,8.514,14.178,22.522,EVOS_ROK1_2001_506_3/17/2025_Subadult,Bag 506 had lots of mussels,,,,,,,,,,,,,
2,3/13/2025,3/14/2025,3/17/2025,PWS,ROK1,60.5629,-145.96046,506,Yellow,Subadult,2002,97,48,27,72.666,10.685,14.307,24.777,EVOS_ROK1_2002_506_3/17/2025_Subadult,,,,,,,,,,,,,,
2,3/13/2025,3/14/2025,3/17/2025,PWS,ROK1,60.5629,-145.96046,506,Yellow,Subadult,2003,82,56,27,68.441,11.407,14.354,25.256,EVOS_ROK1_2003_506_3/17/2025_Subadult,,,,,,,,,,,,,,
2,3/13/2025,3/14/2025,3/17/2025,PWS,ROK1,60.5629,-145.96046,506,Yellow,Subadult,2004,74,46,25,50.061,7.012,14.293,21.172,EVOS_ROK1_2004_506_3/17/2025_Subadult,,,,,,,,,,,,,,
2,3/13/2025,3/14/2025,3/17/2025,PWS,ROK1,60.5629,-145.96046,506,Yellow,Subadult,2005,95,56,31,77.196,14.619,14.176,28.237,,,,,,,,,,,,,,,
2,3/13/2025,3/14/2025,3/17/2025,PWS,ROK1,60.5629,-145.96046,506,Yellow,Subadult,2006,78,67,24,58.696,8.401,14.368,22.611,,,,,,,,,,,,,,,
2,3/13/2025,3/14/2025,3/17/2025,PWS,ROK1,60.5629,-145.96046,506,Yellow,Subadult,2007,76,43,27,41.726,7.207,14.385,21.615,,,,,,,,,,,,,,,
2,3/13/2025,3/14/2025,3/17/2025,PWS,ROK1,60.5629,-145.96046,504,Yellow,Subadult,2008,72,59,29,52.151,9.325,14.176,23.126,EVOS_ROK1_2008_504_3/17/2025_Subadult,Bag 504 had lots of mussels,,,,,,,,,,,,,
2,3/13/2025,3/14/2025,3/17/2025,PWS,ROK1,60.5629,-145.96046,504,Yellow,Subadult,2009,80,56,28,58.991,9.577,14.293,23.091,EVOS_ROK1_2009_504_3/17/2025_Subadult,,,,,,,,,,,,,,
2,3/13/2025,3/14/2025,3/17/2025,PWS,ROK1,60.5629,-145.96046,504,Yellow,Subadult,2010,75,50,28,49.936,7.746,14.326,21.943,EVOS_ROK1_2010_504_3/17/2025_Subadult,,,,,,,,,,,,,,
2,3/13/2025,3/14/2025,3/17/2025,PWS,ROK1,60.5629,-145.96046,504,Yellow,Subadult,2011,74,53,26,48.685,9.019,14.36,22.712,EVOS_ROK1_2011_504_3/17/2025_Subadult,,,,,,,,,,,,,,
2,3/13/2025,3/14/2025,3/17/2025,PWS,ROK1,60.5629,-145.96046,504,Yellow,Subadult,2012,77,60,26,45.521,6.628,14.335,20.5,,,,,,,,,,,,,,,
2,3/13/2025,3/14/2025,3/17/2025,PWS,ROK1,60.5629,-145.96046,504,Yellow,Subadult,2013,77,61,25,47.92,6.899,14.352,20.99,,,,,,,,,,,,,,,
2,3/13/2025,3/14/2025,3/17/2025,PWS,ROK1,60.5629,-145.96046,504,Yellow,Subadult,2014,87,54,24,49.741,8.268,14.347,22.062,,,,,,,,,,,,,,,
2,3/13/2025,3/14/2025,3/17/2025,PWS,ROK1,60.5629,-145.96046,505,Yellow,Subadult,2015,93,54,22,58.937,8.553,14.293,22.251,EVOS_ROK1_2015_505_3/17/2025_Subadult,Bag 505 had lots of mussels,,,,,,,,,,,,,
2,3/13/2025,3/14/2025,3/17/2025,PWS,ROK1,60.5629,-145.96046,505,Yellow,Subadult,2016,84,56,24,52.546,7.886,14.301,21.681,EVOS_ROK1_2016_505_3/17/2025_Subadult,,,,,,,,,,,,,,
2,3/13/2025,3/14/2025,3/17/2025,PWS,ROK1,60.5629,-145.96046,505,Yellow,Subadult,2017,88,50,32,72.458,9.671,14.359,23.822,EVOS_ROK1_2017_505_3/17/2025_Subadult,,,,,,,,,,,,,,
2,3/13/2025,3/14/2025,3/17/2025,PWS,ROK1,60.5629,-145.96046,505,Yellow,Subadult,2018,68,44,24,44.064,7.654,14.326,21.695,EVOS_ROK1_2018_505_3/17/2025_Subadult,,,,,,,,,,,,,,
2,3/13/2025,3/14/2025,3/17/2025,PWS,ROK1,60.5629,-145.96046,505,Yellow,Subadult,2019,80,60,27,61.4,10.329,14.338,24.116,,,,,,,,,,,,,,,
2,3/13/2025,3/14/2025,3/17/2025,PWS,ROK1,60.5629,-145.96046,505,Yellow,Subadult,2020,79,60,23,54.779,7.098,14.333,20.979,,,,,,,,,,,,,,,
2,3/13/2025,3/14/2025,3/17/2025,PWS,ROK1,60.5629,-145.96046,505,Yellow,Subadult,2021,78,60,27,54.473,8.424,14.18,22.27,,,,,,,,,,,,,,,
2,3/13/2025,3/14/2025,3/18/2025,PWS,ROK1,60.5629,-145.96046,204,Orange,Juvenile,2069,54,41,17,18.973,1.615,14.28,28.504,EVOS_ROK1_2069-2073_204_3/18/2025_Juvenile,Bag 204 had an extra oyster and some mussels.,,,,,,,,,,,,,
2,3/13/2025,3/14/2025,3/18/2025,PWS,ROK1,60.5629,-145.96046,204,Orange,Juvenile,2070,88,41,20,33.842,3.672,14.28,28.504,EVOS_ROK1_2069-2073_204_3/18/2025_Juvenile,,,,,,,,,,,,,,
2,3/13/2025,3/14/2025,3/18/2025,PWS,ROK1,60.5629,-145.96046,204,Orange,Juvenile,2071,65,47,16,23.661,2.139,14.28,28.504,EVOS_ROK1_2069-2073_204_3/18/2025_Juvenile,,,,,,,,,,,,,,
2,3/13/2025,3/14/2025,3/18/2025,PWS,ROK1,60.5629,-145.96046,204,Orange,Juvenile,2072,78,49,21,34.722,3.665,14.28,28.504,EVOS_ROK1_2069-2073_204_3/18/2025_Juvenile,,,,,,,,,,,,,,
2,3/13/2025,3/14/2025,3/18/2025,PWS,ROK1,60.5629,-145.96046,204,Orange,Juvenile,2073,71,48,19,32.413,3.704,14.28,28.504,EVOS_ROK1_2069-2073_204_3/18/2025_Juvenile,,,,,,,,,,,,,,
2,3/13/2025,3/14/2025,3/18/2025,PWS,ROK1,60.5629,-145.96046,204,Orange,Juvenile,2074,53,28,14,10.957,0.728,14.352,21.703,EVOS_ROK1_2074-2078_204_3/18/2025_Juvenile,,,,,,,,,,,,,,
2,3/13/2025,3/14/2025,3/18/2025,PWS,ROK1,60.5629,-145.96046,204,Orange,Juvenile,2075,78,39,22,33.935,3.602,14.352,21.703,EVOS_ROK1_2074-2078_204_3/18/2025_Juvenile,,,,,,,,,,,,,,
2,3/13/2025,3/14/2025,3/18/2025,PWS,ROK1,60.5629,-145.96046,204,Orange,Juvenile,2076,51,41,16,14.271,0.778,14.352,21.703,EVOS_ROK1_2074-2078_204_3/18/2025_Juvenile,,,,,,,,,,,,,,
2,3/13/2025,3/14/2025,3/18/2025,PWS,ROK1,60.5629,-145.96046,204,Orange,Juvenile,2077,58,30,18,17.543,1.602,14.352,21.703,EVOS_ROK1_2074-2078_204_3/18/2025_Juvenile,,,,,,,,,,,,,,
2,3/13/2025,3/14/2025,3/18/2025,PWS,ROK1,60.5629,-145.96046,204,Orange,Juvenile,2078,48,39,15,13.596,1.192,14.352,21.703,EVOS_ROK1_2074-2078_204_3/18/2025_Juvenile,,,,,,,,,,,,,,
2,3/13/2025,3/14/2025,3/18/2025,PWS,ROK1,60.5629,-145.96046,204,Orange,Juvenile,2079,63,38,18,24.248,2.469,14.161,22.567,EVOS_ROK1_2079-2083_204_3/18/2025_Juvenile,,,,,,,,,,,,,,
2,3/13/2025,3/14/2025,3/18/2025,PWS,ROK1,60.5629,-145.96046,204,Orange,Juvenile,2080,47,45,15,15.975,1.363,14.161,22.567,EVOS_ROK1_2079-2083_204_3/18/2025_Juvenile,,,,,,,,,,,,,,
2,3/13/2025,3/14/2025,3/18/2025,PWS,ROK1,60.5629,-145.96046,204,Orange,Juvenile,2081,46,40,14,14.28,1.211,14.161,22.567,EVOS_ROK1_2079-2083_204_3/18/2025_Juvenile,,,,,,,,,,,,,,
2,3/13/2025,3/14/2025,3/18/2025,PWS,ROK1,60.5629,-145.96046,204,Orange,Juvenile,2082,54,37,15,15.446,1.41,14.161,22.567,EVOS_ROK1_2079-2083_204_3/18/2025_Juvenile,,,,,,,,,,,,,,
2,3/13/2025,3/14/2025,3/18/2025,PWS,ROK1,60.5629,-145.96046,204,Orange,Juvenile,2083,67,41,20,23.912,2.238,14.161,22.567,EVOS_ROK1_2079-2083_204_3/18/2025_Juvenile,,,,,,,,,,,,,,
2,3/13/2025,3/14/2025,3/18/2025,PWS,ROK1,60.5629,-145.96046,204,Orange,Juvenile,2084,52,41,20,21.06,2.382,14.359,23.627,EVOS_ROK1_2084-2088_204_3/18/2025_Juvenile,,,,,,,,,,,,,,
2,3/13/2025,3/14/2025,3/18/2025,PWS,ROK1,60.5629,-145.96046,204,Orange,Juvenile,2085,49,38,15,15.459,1.764,14.359,23.627,EVOS_ROK1_2084-2088_204_3/18/2025_Juvenile,,,,,,,,,,,,,,
2,3/13/2025,3/14/2025,3/18/2025,PWS,ROK1,60.5629,-145.96046,204,Orange,Juvenile,2086,53,34,14,12.644,1.267,14.359,23.627,EVOS_ROK1_2084-2088_204_3/18/2025_Juvenile,,,,,,,,,,,,,,
2,3/13/2025,3/14/2025,3/18/2025,PWS,ROK1,60.5629,-145.96046,204,Orange,Juvenile,2087,71,39,15,23.568,2.478,14.359,23.627,EVOS_ROK1_2084-2088_204_3/18/2025_Juvenile,,,,,,,,,,,,,,
2,3/13/2025,3/14/2025,3/18/2025,PWS,ROK1,60.5629,-145.96046,204,Orange,Juvenile,2088,55,34,17,17.583,1.665,14.359,23.627,EVOS_ROK1_2084-2088_204_3/18/2025_Juvenile,,,,,,,,,,,,,,
2,3/13/2025,3/14/2025,3/18/2025,PWS,ROK1,60.5629,-145.96046,205,Orange,Juvenile,2143,52,30,13,11.526,1.491,14.322,20.953,EVOS_ROK1_2143-2147_205_3/18/2025_Juvenile,Bag 205 had some mussels,,,,,,,,,,,,,
2,3/13/2025,3/14/2025,3/18/2025,PWS,ROK1,60.5629,-145.96046,205,Orange,Juvenile,2144,55,32,18,13.478,1.126,14.322,20.953,EVOS_ROK1_2143-2147_205_3/18/2025_Juvenile,,,,,,,,,,,,,,
2,3/13/2025,3/14/2025,3/18/2025,PWS,ROK1,60.5629,-145.96046,205,Orange,Juvenile,2145,66,39,15,17.834,1.85,14.322,20.953,EVOS_ROK1_2143-2147_205_3/18/2025_Juvenile,,,,,,,,,,,,,,
2,3/13/2025,3/14/2025,3/18/2025,PWS,ROK1,60.5629,-145.96046,205,Orange,Juvenile,2146,49,34,15,13.636,1.226,14.322,20.953,EVOS_ROK1_2143-2147_205_3/18/2025_Juvenile,,,,,,,,,,,,,,
2,3/13/2025,3/14/2025,3/18/2025,PWS,ROK1,60.5629,-145.96046,205,Orange,Juvenile,2147,41,34,18,11.936,1.163,14.322,20.953,EVOS_ROK1_2143-2147_205_3/18/2025_Juvenile,,,,,,,,,,,,,,
2,3/13/2025,3/14/2025,3/18/2025,PWS,ROK1,60.5629,-145.96046,205,Orange,Juvenile,2148,70,46,20,28.417,2.655,14.393,24.881,EVOS_ROK1_2148-2152_205_3/18/2025_Juvenile,,,,,,,,,,,,,,
2,3/13/2025,3/14/2025,3/18/2025,PWS,ROK1,60.5629,-145.96046,205,Orange,Juvenile,2149,53,43,16,18.043,1.704,14.393,24.881,EVOS_ROK1_2148-2152_205_3/18/2025_Juvenile,,,,,,,,,,,,,,
2,3/13/2025,3/14/2025,3/18/2025,PWS,ROK1,60.5629,-145.96046,205,Orange,Juvenile,2150,62,43,23,26.892,2.739,14.393,24.881,EVOS_ROK1_2148-2152_205_3/18/2025_Juvenile,,,,,,,,,,,,,,
2,3/13/2025,3/14/2025,3/18/2025,PWS,ROK1,60.5629,-145.96046,205,Orange,Juvenile,2151,62,37,15,20.197,2.17,14.393,24.881,EVOS_ROK1_2148-2152_205_3/18/2025_Juvenile,,,,,,,,,,,,,,
2,3/13/2025,3/14/2025,3/18/2025,PWS,ROK1,60.5629,-145.96046,205,Orange,Juvenile,2152,48,39,14,13.155,1.683,14.393,24.881,EVOS_ROK1_2148-2152_205_3/18/2025_Juvenile,,,,,,,,,,,,,,
2,3/13/2025,3/14/2025,3/18/2025,PWS,ROK1,60.5629,-145.96046,205,Orange,Juvenile,2153,63,40,20,23.045,2.457,14.359,25.199,EVOS_ROK1_2153-2157_205_3/18/2025_Juvenile,,,,,,,,,,,,,,
2,3/13/2025,3/14/2025,3/18/2025,PWS,ROK1,60.5629,-145.96046,205,Orange,Juvenile,2154,60,38,18,22.228,2.283,14.359,25.199,EVOS_ROK1_2153-2157_205_3/18/2025_Juvenile,,,,,,,,,,,,,,
2,3/13/2025,3/14/2025,3/18/2025,PWS,ROK1,60.5629,-145.96046,205,Orange,Juvenile,2155,52,40,20,21.482,2.511,14.359,25.199,EVOS_ROK1_2153-2157_205_3/18/2025_Juvenile,,,,,,,,,,,,,,
2,3/13/2025,3/14/2025,3/18/2025,PWS,ROK1,60.5629,-145.96046,205,Orange,Juvenile,2156,61,37,15,16.979,1.672,14.359,25.199,EVOS_ROK1_2153-2157_205_3/18/2025_Juvenile,,,,,,,,,,,,,,
2,3/13/2025,3/14/2025,3/18/2025,PWS,ROK1,60.5629,-145.96046,205,Orange,Juvenile,2157,42,38,17,14.528,2.159,14.359,25.199,EVOS_ROK1_2153-2157_205_3/18/2025_Juvenile,,,,,,,,,,,,,,
2,3/13/2025,3/14/2025,3/18/2025,PWS,ROK1,60.5629,-145.96046,205,Orange,Juvenile,2158,53,34,14,13.421,1.261,14.357,21.361,EVOS_ROK1_2158-2161_205_3/18/2025_Juvenile,"Missing an oyster, therefore, only 4 are in the tube. ",,,,,,,,,,,,,
2,3/13/2025,3/14/2025,3/18/2025,PWS,ROK1,60.5629,-145.96046,205,Orange,Juvenile,2159,50,30,10,8.914,0.962,14.357,21.361,EVOS_ROK1_2158-2161_205_3/18/2025_Juvenile,"Missing an oyster, therefore, only 4 are in the tube. ",,,,,,,,,,,,,
2,3/13/2025,3/14/2025,3/18/2025,PWS,ROK1,60.5629,-145.96046,205,Orange,Juvenile,2160,68,48,17,26.634,2.815,14.357,21.361,EVOS_ROK1_2158-2161_205_3/18/2025_Juvenile,"Missing an oyster, therefore, only 4 are in the tube. ",,,,,,,,,,,,,
2,3/13/2025,3/14/2025,3/18/2025,PWS,ROK1,60.5629,-145.96046,205,Orange,Juvenile,2161,64,32,18,17.011,2.177,14.357,21.361,EVOS_ROK1_2158-2161_205_3/18/2025_Juvenile,"Missing an oyster, therefore, only 4 are in the tube. ",,,,,,,,,,,,,
2,3/13/2025,3/14/2025,3/18/2025,PWS,ROK1,60.5629,-145.96046,206,Orange,Juvenile,2123,45,35,13,11.129,1.223,14.383,25.579,EVOS_ROK1_2123-2127_206_3/18/2025_Juvenile,Bag 206 had mussels on it and an extra oyster,,,,,,,,,,,,,
2,3/13/2025,3/14/2025,3/18/2025,PWS,ROK1,60.5629,-145.96046,206,Orange,Juvenile,2124,42,42,19,10.926,0.708,14.383,25.579,EVOS_ROK1_2123-2127_206_3/18/2025_Juvenile,,,,,,,,,,,,,,
2,3/13/2025,3/14/2025,3/18/2025,PWS,ROK1,60.5629,-145.96046,206,Orange,Juvenile,2125,72,48,20,33.668,3.987,14.383,25.579,EVOS_ROK1_2123-2127_206_3/18/2025_Juvenile,,,,,,,,,,,,,,
2,3/13/2025,3/14/2025,3/18/2025,PWS,ROK1,60.5629,-145.96046,206,Orange,Juvenile,2126,63,46,17,23.779,3.483,14.383,25.579,EVOS_ROK1_2123-2127_206_3/18/2025_Juvenile,,,,,,,,,,,,,,
2,3/13/2025,3/14/2025,3/18/2025,PWS,ROK1,60.5629,-145.96046,206,Orange,Juvenile,2127,48,35,15,12.542,2.259,14.383,25.579,EVOS_ROK1_2123-2127_206_3/18/2025_Juvenile,,,,,,,,,,,,,,
2,3/13/2025,3/14/2025,3/18/2025,PWS,ROK1,60.5629,-145.96046,206,Orange,Juvenile,2128,59,40,15,17.306,1.825,14.402,25.326,EVOS_ROK1_2128-2132_206_3/18/2025_Juvenile,,,,,,,,,,,,,,
2,3/13/2025,3/14/2025,3/18/2025,PWS,ROK1,60.5629,-145.96046,206,Orange,Juvenile,2129,73,33,16,20.937,2.671,14.402,25.326,EVOS_ROK1_2128-2132_206_3/18/2025_Juvenile,,,,,,,,,,,,,,
2,3/13/2025,3/14/2025,3/18/2025,PWS,ROK1,60.5629,-145.96046,206,Orange,Juvenile,2130,46,39,16,13.509,1.302,14.402,25.326,EVOS_ROK1_2128-2132_206_3/18/2025_Juvenile,,,,,,,,,,,,,,
2,3/13/2025,3/14/2025,3/18/2025,PWS,ROK1,60.5629,-145.96046,206,Orange,Juvenile,2131,63,38,24,22.406,2.646,14.402,25.326,EVOS_ROK1_2128-2132_206_3/18/2025_Juvenile,,,,,,,,,,,,,,
2,3/13/2025,3/14/2025,3/18/2025,PWS,ROK1,60.5629,-145.96046,206,Orange,Juvenile,2132,67,38,21,23.027,2.785,14.402,25.326,EVOS_ROK1_2128-2132_206_3/18/2025_Juvenile,,,,,,,,,,,,,,
2,3/13/2025,3/14/2025,3/18/2025,PWS,ROK1,60.5629,-145.96046,206,Orange,Juvenile,2133,65,34,22,19.625,2.086,14.378,23.441,EVOS_ROK1_2133-2137_206_3/18/2025_Juvenile,,,,,,,,,,,,,,
2,3/13/2025,3/14/2025,3/18/2025,PWS,ROK1,60.5629,-145.96046,206,Orange,Juvenile,2134,44,27,14,8.263,0.989,14.378,23.441,EVOS_ROK1_2133-2137_206_3/18/2025_Juvenile,,,,,,,,,,,,,,
2,3/13/2025,3/14/2025,3/18/2025,PWS,ROK1,60.5629,-145.96046,206,Orange,Juvenile,2135,59,37,17,14.811,1.747,14.378,23.441,EVOS_ROK1_2133-2137_206_3/18/2025_Juvenile,,,,,,,,,,,,,,
2,3/13/2025,3/14/2025,3/18/2025,PWS,ROK1,60.5629,-145.96046,206,Orange,Juvenile,2136,68,43,20,22.827,2.454,14.378,23.441,EVOS_ROK1_2133-2137_206_3/18/2025_Juvenile,,,,,,,,,,,,,,
2,3/13/2025,3/14/2025,3/18/2025,PWS,ROK1,60.5629,-145.96046,206,Orange,Juvenile,2137,52,43,24,18.346,2.403,14.378,23.441,EVOS_ROK1_2133-2137_206_3/18/2025_Juvenile,,,,,,,,,,,,,,
2,3/13/2025,3/14/2025,3/18/2025,PWS,ROK1,60.5629,-145.96046,206,Orange,Juvenile,2138,70,49,20,27.435,3.596,14.304,27.315,EVOS_ROK1_2138-2142_206_3/18/2025_Juvenile,,,,,,,,,,,,,,
2,3/13/2025,3/14/2025,3/18/2025,PWS,ROK1,60.5629,-145.96046,206,Orange,Juvenile,2139,50,35,16,11.641,0.899,14.304,27.315,EVOS_ROK1_2138-2142_206_3/18/2025_Juvenile,,,,,,,,,,,,,,
2,3/13/2025,3/14/2025,3/18/2025,PWS,ROK1,60.5629,-145.96046,206,Orange,Juvenile,2140,68,34,16,17.23,2.78,14.304,27.315,EVOS_ROK1_2138-2142_206_3/18/2025_Juvenile,,,,,,,,,,,,,,
2,3/13/2025,3/14/2025,3/18/2025,PWS,ROK1,60.5629,-145.96046,206,Orange,Juvenile,2141,69,47,16,21.138,2.716,14.304,27.315,EVOS_ROK1_2138-2142_206_3/18/2025_Juvenile,,,,,,,,,,,,,,
2,3/13/2025,3/14/2025,3/18/2025,PWS,ROK1,60.5629,-145.96046,206,Orange,Juvenile,2142,78,50,21,31.144,3.354,14.304,27.315,EVOS_ROK1_2138-2142_206_3/18/2025_Juvenile,,,,,,,,,,,,,,
2,3/14/2025,3/17/2025,3/18/2025,Kodiak,KIS1,57.76711,-152.41043,520,Yellow,Subadult,2162,55,29,22,26.331,4.074,14.408,18.373,EVOS_KIS1_2162_520_3/18/25_Subadult,Bag 520 has lots of barnacles ,,,,,,,,,,,,,
2,3/14/2025,3/17/2025,3/18/2025,Kodiak,KIS1,57.76711,-152.41043,520,Yellow,Subadult,2163,41,31,27,24.942,5.096,14.288,19.305,EVOS_KIS1_2163_520_3/18/25_Subadult,,,,,,,,,,,,,,
2,3/14/2025,3/17/2025,3/18/2025,Kodiak,KIS1,57.76711,-152.41043,520,Yellow,Subadult,2164,47,34,22,21.156,3.542,14.334,17.792,EVOS_KIS1_2164_520_3/18/25_Subadult,,,,,,,,,,,,,,
2,3/14/2025,3/17/2025,3/18/2025,Kodiak,KIS1,57.76711,-152.41043,520,Yellow,Subadult,2165,68,36,25,33.583,6.533,14.305,20.553,EVOS_KIS1_2165_520_3/18/25_Subadult,,,,,,,,,,,,,,
2,3/14/2025,3/17/2025,3/18/2025,Kodiak,KIS1,57.76711,-152.41043,520,Yellow,Subadult,2166,60,38,27,42.138,8.428,,,,,,,,,,,,,,,,,
2,3/14/2025,3/17/2025,3/18/2025,Kodiak,KIS1,57.76711,-152.41043,520,Yellow,Subadult,2167,64,34,23,31.321,7.006,,,,,,,,,,,,,,,,,
2,3/14/2025,3/17/2025,3/18/2025,Kodiak,KIS1,57.76711,-152.41043,520,Yellow,Subadult,2168,61,47,25,37.316,7.99,,,,,,,,,,,,,,,,,
2,3/14/2025,3/17/2025,3/18/2025,Kodiak,KIS1,57.76711,-152.41043,519,Yellow,Subadult,2183,58,35,23,27.293,7.2,14.335,21.325,EVOS_KIS1_2183_519_3/18/25_Subadult,Bag 519 had lots of barnacles.,,,,,,,,,,,,,
2,3/14/2025,3/17/2025,3/18/2025,Kodiak,KIS1,57.76711,-152.41043,519,Yellow,Subadult,2184,54,34,20,28.838,6.155,14.359,20.5,EVOS_KIS1_2184_519_3/18/25_Subadult,,,,,,,,,,,,,,
2,3/14/2025,3/17/2025,3/18/2025,Kodiak,KIS1,57.76711,-152.41043,519,Yellow,Subadult,2185,57,33,15,30.426,5.741,14.286,19.9,EVOS_KIS1_2185_519_3/18/25_Subadult,,,,,,,,,,,,,,
2,3/14/2025,3/17/2025,3/18/2025,Kodiak,KIS1,57.76711,-152.41043,519,Yellow,Subadult,2186,53,34,21,21.707,6.285,14.314,20.451,EVOS_KIS1_2186_519_3/18/25_Subadult,,,,,,,,,,,,,,
2,3/14/2025,3/17/2025,3/18/2025,Kodiak,KIS1,57.76711,-152.41043,519,Yellow,Subadult,2187,55,32,20,21.869,4.219,,,,,,,,,,,,,,,,,
2,3/14/2025,3/17/2025,3/18/2025,Kodiak,KIS1,57.76711,-152.41043,519,Yellow,Subadult,2188,65,39,21,36.106,8.168,,,,,,,,,,,,,,,,,
2,3/14/2025,3/17/2025,3/18/2025,Kodiak,KIS1,57.76711,-152.41043,519,Yellow,Subadult,2189,54,31,21,27.812,5.342,,,,,,,,,,,,,,,,,
2,3/14/2025,3/17/2025,3/18/2025,Kodiak,KIS1,57.76711,-152.41043,521,Yellow,Subadult,2190,58,33,20,29.72,6.59,14.4,20.806,EVOS_KIS1_2190_521_3/18/25_Subadult,Bag 521 had light barancles on it.,,,,,,,,,,,,,
2,3/14/2025,3/17/2025,3/18/2025,Kodiak,KIS1,57.76711,-152.41043,521,Yellow,Subadult,2191,54,33,23,28.858,7.821,14.414,22.179,EVOS_KIS1_2191_521_3/18/25_Subadult,,,,,,,,,,,,,,
2,3/14/2025,3/17/2025,3/18/2025,Kodiak,KIS1,57.76711,-152.41043,521,Yellow,Subadult,2192,64,26,25,33.286,8.188,14.322,22.267,EVOS_KIS1_2192_521_3/18/25_Subadult,,,,,,,,,,,,,,
2,3/14/2025,3/17/2025,3/18/2025,Kodiak,KIS1,57.76711,-152.41043,521,Yellow,Subadult,2193,58,30,20,25.424,5.343,14.375,19.821,EVOS_KIS1_2193_521_3/18/25_Subadult,,,,,,,,,,,,,,
2,3/14/2025,3/17/2025,3/18/2025,Kodiak,KIS1,57.76711,-152.41043,521,Yellow,Subadult,2194,55,44,21,34.189,6.971,,,,,,,,,,,,,,,,,
2,3/14/2025,3/17/2025,3/18/2025,Kodiak,KIS1,57.76711,-152.41043,521,Yellow,Subadult,2195,45,28,18,20.417,4.835,,,,,,,,,,,,,,,,,
2,3/14/2025,3/17/2025,3/18/2025,Kodiak,KIS1,57.76711,-152.41043,521,Yellow,Subadult,2196,61,34,19,28.661,6.171,,,,,,,,,,,,,,,,,
2,3/14/2025,3/17/2025,3/18/2025,Kodiak,KIS1,57.76711,-152.41043,220,Orange,Juvenile,2224,52,39,15,18.959,3.044,14.323,24.138,EVOS_KIS1_2224-2228_220_3/18/25_Juvenile,,,,,,,,,,,,,,
2,3/14/2025,3/17/2025,3/18/2025,Kodiak,KIS1,57.76711,-152.41043,220,Orange,Juvenile,2225,49,31,14,13.929,2.351,14.323,24.138,EVOS_KIS1_2224-2228_220_3/18/25_Juvenile,,,,,,,,,,,,,,
2,3/14/2025,3/17/2025,3/18/2025,Kodiak,KIS1,57.76711,-152.41043,220,Orange,Juvenile,2226,41,31,13,11.103,1.67,14.323,24.138,EVOS_KIS1_2224-2228_220_3/18/25_Juvenile,,,,,,,,,,,,,,
2,3/14/2025,3/17/2025,3/18/2025,Kodiak,KIS1,57.76711,-152.41043,220,Orange,Juvenile,2227,40,26,15,12.003,1.739,14.323,24.138,EVOS_KIS1_2224-2228_220_3/18/25_Juvenile,,,,,,,,,,,,,,
2,3/14/2025,3/17/2025,3/18/2025,Kodiak,KIS1,57.76711,-152.41043,220,Orange,Juvenile,2228,33,27,13,8.728,1.342,14.323,24.138,EVOS_KIS1_2224-2228_220_3/18/25_Juvenile,,,,,,,,,,,,,,
2,3/14/2025,3/17/2025,3/18/2025,Kodiak,KIS1,57.76711,-152.41043,220,Orange,Juvenile,2229,35,25,14,8.534,1.324,14.331,21.737,EVOS_KIS1_2229-2233_220_3/18/25_Juvenile,,,,,,,,,,,,,,
2,3/14/2025,3/17/2025,3/18/2025,Kodiak,KIS1,57.76711,-152.41043,220,Orange,Juvenile,2230,37,32,14,10.091,1.526,14.331,21.737,EVOS_KIS1_2229-2233_220_3/18/25_Juvenile,,,,,,,,,,,,,,
2,3/14/2025,3/17/2025,3/18/2025,Kodiak,KIS1,57.76711,-152.41043,220,Orange,Juvenile,2231,40,24,13,10.282,1.528,14.331,21.737,EVOS_KIS1_2229-2233_220_3/18/25_Juvenile,,,,,,,,,,,,,,
2,3/14/2025,3/17/2025,3/18/2025,Kodiak,KIS1,57.76711,-152.41043,220,Orange,Juvenile,2232,54,41,15,20.954,2.687,14.331,21.737,EVOS_KIS1_2229-2233_220_3/18/25_Juvenile,,,,,,,,,,,,,,
2,3/14/2025,3/17/2025,3/18/2025,Kodiak,KIS1,57.76711,-152.41043,220,Orange,Juvenile,2233,25,15,10,2.589,0.669,14.331,21.737,EVOS_KIS1_2229-2233_220_3/18/25_Juvenile,,,,,,,,,,,,,,
2,3/14/2025,3/17/2025,3/18/2025,Kodiak,KIS1,57.76711,-152.41043,220,Orange,Juvenile,2234,43,31,14,10.292,1.402,14.359,24.731,EVOS_KIS1_2234-2238_220_3/18/25_Juvenile,,,,,,,,,,,,,,
2,3/14/2025,3/17/2025,3/18/2025,Kodiak,KIS1,57.76711,-152.41043,220,Orange,Juvenile,2235,51,25,14,13.593,1.779,14.359,24.731,EVOS_KIS1_2234-2238_220_3/18/25_Juvenile,,,,,,,,,,,,,,
2,3/14/2025,3/17/2025,3/18/2025,Kodiak,KIS1,57.76711,-152.41043,220,Orange,Juvenile,2236,43,31,14,12.807,2.111,14.359,24.731,EVOS_KIS1_2234-2238_220_3/18/25_Juvenile,,,,,,,,,,,,,,
2,3/14/2025,3/17/2025,3/18/2025,Kodiak,KIS1,57.76711,-152.41043,220,Orange,Juvenile,2237,56,35,16,17.576,2.787,14.359,24.731,EVOS_KIS1_2234-2238_220_3/18/25_Juvenile,,,,,,,,,,,,,,
2,3/14/2025,3/17/2025,3/18/2025,Kodiak,KIS1,57.76711,-152.41043,220,Orange,Juvenile,2238,51,33,14,14.838,2.657,14.359,24.731,EVOS_KIS1_2234-2238_220_3/18/25_Juvenile,,,,,,,,,,,,,,
2,3/14/2025,3/17/2025,3/18/2025,Kodiak,KIS1,57.76711,-152.41043,220,Orange,Juvenile,2239,50,30,17,16.172,2.507,14.336,23.438,EVOS_KIS1_2239-2243_220_3/18/25_Juvenile,,,,,,,,,,,,,,
2,3/14/2025,3/17/2025,3/18/2025,Kodiak,KIS1,57.76711,-152.41043,220,Orange,Juvenile,2240,36,25,13,7.915,1.338,14.336,23.438,EVOS_KIS1_2239-2243_220_3/18/25_Juvenile,,,,,,,,,,,,,,
2,3/14/2025,3/17/2025,3/18/2025,Kodiak,KIS1,57.76711,-152.41043,220,Orange,Juvenile,2241,37,30,15,11.359,2.002,14.336,23.438,EVOS_KIS1_2239-2243_220_3/18/25_Juvenile,,,,,,,,,,,,,,
2,3/14/2025,3/17/2025,3/18/2025,Kodiak,KIS1,57.76711,-152.41043,220,Orange,Juvenile,2242,36,23,14,9.304,1.555,14.336,23.438,EVOS_KIS1_2239-2243_220_3/18/25_Juvenile,,,,,,,,,,,,,,
2,3/14/2025,3/17/2025,3/18/2025,Kodiak,KIS1,57.76711,-152.41043,220,Orange,Juvenile,2243,41,30,16,11.528,1.937,14.336,23.438,EVOS_KIS1_2239-2243_220_3/18/25_Juvenile,,,,,,,,,,,,,,
2,3/14/2025,3/17/2025,3/19/2025,Kodiak,KIS1,57.76711,-152.41043,219,Orange,Juvenile,2264,40,26,15,10.908,1.781,14.276,20.573,EVOS_KIS1_2264-2268_219_3/19/25_Juvenile,,,,,,,,,,,,,,
2,3/14/2025,3/17/2025,3/19/2025,Kodiak,KIS1,57.76711,-152.41043,219,Orange,Juvenile,2265,37,29,13,9.625,1.587,14.276,20.573,EVOS_KIS1_2264-2268_219_3/19/25_Juvenile,,,,,,,,,,,,,,
2,3/14/2025,3/17/2025,3/19/2025,Kodiak,KIS1,57.76711,-152.41043,219,Orange,Juvenile,2266,28,20,12,5.136,0.835,14.276,20.573,EVOS_KIS1_2264-2268_219_3/19/25_Juvenile,,,,,,,,,,,,,,
2,3/14/2025,3/17/2025,3/19/2025,Kodiak,KIS1,57.76711,-152.41043,219,Orange,Juvenile,2267,37,26,13,7.635,1.307,14.276,20.573,EVOS_KIS1_2264-2268_219_3/19/25_Juvenile,,,,,,,,,,,,,,
2,3/14/2025,3/17/2025,3/19/2025,Kodiak,KIS1,57.76711,-152.41043,219,Orange,Juvenile,2268,36,28,11,7.967,1.049,14.276,20.573,EVOS_KIS1_2264-2268_219_3/19/25_Juvenile,,,,,,,,,,,,,,
2,3/14/2025,3/17/2025,3/19/2025,Kodiak,KIS1,57.76711,-152.41043,219,Orange,Juvenile,2269,40,25,15,10.685,1.664,14.282,21.132,EVOS_KIS1_2269-2273_219_3/19/25_Juvenile,,,,,,,,,,,,,,
2,3/14/2025,3/17/2025,3/19/2025,Kodiak,KIS1,57.76711,-152.41043,219,Orange,Juvenile,2270,39,30,14,11.093,2.124,14.282,21.132,EVOS_KIS1_2269-2273_219_3/19/25_Juvenile,,,,,,,,,,,,,,
2,3/14/2025,3/17/2025,3/19/2025,Kodiak,KIS1,57.76711,-152.41043,219,Orange,Juvenile,2271,31,24,14,6.84,1.023,14.282,21.132,EVOS_KIS1_2269-2273_219_3/19/25_Juvenile,,,,,,,,,,,,,,
2,3/14/2025,3/17/2025,3/19/2025,Kodiak,KIS1,57.76711,-152.41043,219,Orange,Juvenile,2272,35,19,16,7.255,1.226,14.282,21.132,EVOS_KIS1_2269-2273_219_3/19/25_Juvenile,,,,,,,,,,,,,,
2,3/14/2025,3/17/2025,3/19/2025,Kodiak,KIS1,57.76711,-152.41043,219,Orange,Juvenile,2273,30,30,12,7.599,1.054,14.282,21.132,EVOS_KIS1_2269-2273_219_3/19/25_Juvenile,,,,,,,,,,,,,,
2,3/14/2025,3/17/2025,3/19/2025,Kodiak,KIS1,57.76711,-152.41043,219,Orange,Juvenile,2274,40,28,13,9.634,1.758,14.318,20.077,EVOS_KIS1_2274-2278_219_3/19/25_Juvenile,,,,,,,,,,,,,,
2,3/14/2025,3/17/2025,3/19/2025,Kodiak,KIS1,57.76711,-152.41043,219,Orange,Juvenile,2275,35,23,12,7.047,1.369,14.318,20.077,EVOS_KIS1_2274-2278_219_3/19/25_Juvenile,,,,,,,,,,,,,,
2,3/14/2025,3/17/2025,3/19/2025,Kodiak,KIS1,57.76711,-152.41043,219,Orange,Juvenile,2276,28,18,12,3.96,0.669,14.318,20.077,EVOS_KIS1_2274-2278_219_3/19/25_Juvenile,,,,,,,,,,,,,,
2,3/14/2025,3/17/2025,3/19/2025,Kodiak,KIS1,57.76711,-152.41043,219,Orange,Juvenile,2277,31,22,13,7.538,1.188,14.318,20.077,EVOS_KIS1_2274-2278_219_3/19/25_Juvenile,,,,,,,,,,,,,,
2,3/14/2025,3/17/2025,3/19/2025,Kodiak,KIS1,57.76711,-152.41043,219,Orange,Juvenile,2278,31,23,13,6.021,0.96,14.318,20.077,EVOS_KIS1_2274-2278_219_3/19/25_Juvenile,,,,,,,,,,,,,,
2,3/14/2025,3/17/2025,3/19/2025,Kodiak,KIS1,57.76711,-152.41043,219,Orange,Juvenile,2279,38,25,14,8.941,1.365,14.354,21.373,EVOS_KIS1_2279-2283_219_3/19/25_Juvenile,,,,,,,,,,,,,,
2,3/14/2025,3/17/2025,3/19/2025,Kodiak,KIS1,57.76711,-152.41043,219,Orange,Juvenile,2280,34,26,14,9.708,1.525,14.354,21.373,EVOS_KIS1_2279-2283_219_3/19/25_Juvenile,,,,,,,,,,,,,,
2,3/14/2025,3/17/2025,3/19/2025,Kodiak,KIS1,57.76711,-152.41043,219,Orange,Juvenile,2281,37,34,13,11.381,1.934,14.354,21.373,EVOS_KIS1_2279-2283_219_3/19/25_Juvenile,,,,,,,,,,,,,,
2,3/14/2025,3/17/2025,3/19/2025,Kodiak,KIS1,57.76711,-152.41043,219,Orange,Juvenile,2282,35,23,12,7.469,1.239,14.354,21.373,EVOS_KIS1_2279-2283_219_3/19/25_Juvenile,,,,,,,,,,,,,,
2,3/14/2025,3/17/2025,3/19/2025,Kodiak,KIS1,57.76711,-152.41043,219,Orange,Juvenile,2283,31,28,12,7.339,1.187,14.354,21.373,EVOS_KIS1_2279-2283_219_3/19/25_Juvenile,,,,,,,,,,,,,,
2,3/14/2025,3/17/2025,3/19/2025,Kodiak,KIS1,57.76711,-152.41043,221,Orange,Juvenile,2284,25,22,12,4.7,0.824,14.345,19.286,EVOS_KIS1_2284-2288_221_3/19/25_Juvenile,,,,,,,,,,,,,,
2,3/14/2025,3/17/2025,3/19/2025,Kodiak,KIS1,57.76711,-152.41043,221,Orange,Juvenile,2285,31,25,12,7.01,1.378,14.345,19.286,EVOS_KIS1_2284-2288_221_3/19/25_Juvenile,,,,,,,,,,,,,,
2,3/14/2025,3/17/2025,3/19/2025,Kodiak,KIS1,57.76711,-152.41043,221,Orange,Juvenile,2286,29,24,13,6.55,0.695,14.345,19.286,EVOS_KIS1_2284-2288_221_3/19/25_Juvenile,,,,,,,,,,,,,,
2,3/14/2025,3/17/2025,3/19/2025,Kodiak,KIS1,57.76711,-152.41043,221,Orange,Juvenile,2287,28,21,12,4.905,0.984,14.345,19.286,EVOS_KIS1_2284-2288_221_3/19/25_Juvenile,,,,,,,,,,,,,,
2,3/14/2025,3/17/2025,3/19/2025,Kodiak,KIS1,57.76711,-152.41043,221,Orange,Juvenile,2288,30,26,13,7.217,1.091,14.345,19.286,EVOS_KIS1_2284-2288_221_3/19/25_Juvenile,,,,,,,,,,,,,,
2,3/14/2025,3/17/2025,3/19/2025,Kodiak,KIS1,57.76711,-152.41043,221,Orange,Juvenile,2289,30,23,12,6.049,1.016,14.339,18.149,,Was open/dying. Therefore it was not included in falcon tube,,,,,,,,,,,,,
2,3/14/2025,3/17/2025,3/19/2025,Kodiak,KIS1,57.76711,-152.41043,221,Orange,Juvenile,2290,31,28,11,6.358,1.056,14.339,18.149,EVOS_KIS1_2290-2293_221_3/19/25_Juvenile,Only has 4 oysters,,,,,,,,,,,,,
2,3/14/2025,3/17/2025,3/19/2025,Kodiak,KIS1,57.76711,-152.41043,221,Orange,Juvenile,2291,30,24,15,7.151,1.251,14.339,18.149,EVOS_KIS1_2290-2293_221_3/19/25_Juvenile,Only has 4 oysters,,,,,,,,,,,,,
2,3/14/2025,3/17/2025,3/19/2025,Kodiak,KIS1,57.76711,-152.41043,221,Orange,Juvenile,2292,27,21,10,4.109,0.655,14.339,18.149,EVOS_KIS1_2290-2293_221_3/19/25_Juvenile,Only has 4 oysters,,,,,,,,,,,,,
2,3/14/2025,3/17/2025,3/19/2025,Kodiak,KIS1,57.76711,-152.41043,221,Orange,Juvenile,2293,27,21,14,5.688,0.973,14.339,18.149,EVOS_KIS1_2290-2293_221_3/19/25_Juvenile,Only has 4 oysters,,,,,,,,,,,,,
2,3/14/2025,3/17/2025,3/19/2025,Kodiak,KIS1,57.76711,-152.41043,221,Orange,Juvenile,2294,34,25,13,7.31,0.907,14.324,18.709,EVOS_KIS1_2294-2298_221_3/19/25_Juvenile,,,,,,,,,,,,,,
2,3/14/2025,3/17/2025,3/19/2025,Kodiak,KIS1,57.76711,-152.41043,221,Orange,Juvenile,2295,33,24,12,7.096,1.03,14.324,18.709,EVOS_KIS1_2294-2298_221_3/19/25_Juvenile,,,,,,,,,,,,,,
2,3/14/2025,3/17/2025,3/19/2025,Kodiak,KIS1,57.76711,-152.41043,221,Orange,Juvenile,2296,30,20,13,5.696,0.821,14.324,18.709,EVOS_KIS1_2294-2298_221_3/19/25_Juvenile,,,,,,,,,,,,,,
2,3/14/2025,3/17/2025,3/19/2025,Kodiak,KIS1,57.76711,-152.41043,221,Orange,Juvenile,2297,29,24,11,5.715,0.763,14.324,18.709,EVOS_KIS1_2294-2298_221_3/19/25_Juvenile,,,,,,,,,,,,,,
2,3/14/2025,3/17/2025,3/19/2025,Kodiak,KIS1,57.76711,-152.41043,221,Orange,Juvenile,2298,28,23,11,5.477,0.736,14.324,18.709,EVOS_KIS1_2294-2298_221_3/19/25_Juvenile,,,,,,,,,,,,,,
2,3/14/2025,3/17/2025,3/19/2025,Kodiak,KIS1,57.76711,-152.41043,221,Orange,Juvenile,2299,32,22,11,6.459,0.799,14.326,19.142,EVOS_KIS1_2299-2303_221_3/19/25_Juvenile,,,,,,,,,,,,,,
2,3/14/2025,3/17/2025,3/19/2025,Kodiak,KIS1,57.76711,-152.41043,221,Orange,Juvenile,2300,27,20,10,5.178,0.8,14.326,19.142,EVOS_KIS1_2299-2303_221_3/19/25_Juvenile,,,,,,,,,,,,,,
2,3/14/2025,3/17/2025,3/19/2025,Kodiak,KIS1,57.76711,-152.41043,221,Orange,Juvenile,2301,31,19,13,6.054,0.941,14.326,19.142,EVOS_KIS1_2299-2303_221_3/19/25_Juvenile,,,,,,,,,,,,,,
2,3/14/2025,3/17/2025,3/19/2025,Kodiak,KIS1,57.76711,-152.41043,221,Orange,Juvenile,2302,29,23,13,5.669,1.107,14.326,19.142,EVOS_KIS1_2299-2303_221_3/19/25_Juvenile,,,,,,,,,,,,,,
2,3/14/2025,3/17/2025,3/19/2025,Kodiak,KIS1,57.76711,-152.41043,221,Orange,Juvenile,2303,37,21,14,8.15,1.375,14.326,19.142,EVOS_KIS1_2299-2303_221_3/19/25_Juvenile,,,,,,,,,,,,,,
2,3/13/2025,3/14/2025,3/17/2025,PWS,SBR1,60.63698,-146.00447,502,Yellow,Subadult,2042,80,45,25,50.601,9.625,14.161,22.88,EVOS_SBR1_2042_502_3/17/2025_Subadult,"Bag 502 had lots of mussels, stars, and worms",,,,,,,,,,,,,
2,3/13/2025,3/14/2025,3/17/2025,PWS,SBR1,60.63698,-146.00447,502,Yellow,Subadult,2043,79,52,28,50.766,9.291,14.338,22.324,EVOS_SBR1_2043_502_3/17/2025_Subadult,,,,,,,,,,,,,,
2,3/13/2025,3/14/2025,3/17/2025,PWS,SBR1,60.63698,-146.00447,502,Yellow,Subadult,2044,77,59,29,72.231,11.269,14.374,24.593,EVOS_SBR1_2044_502_3/17/2025_Subadult,,,,,,,,,,,,,,
2,3/13/2025,3/14/2025,3/17/2025,PWS,SBR1,60.63698,-146.00447,502,Yellow,Subadult,2045,82,52,28,67.329,10.885,14.301,23.934,EVOS_SBR1_2045_502_3/17/2025_Subadult,,,,,,,,,,,,,,
2,3/13/2025,3/14/2025,3/17/2025,PWS,SBR1,60.63698,-146.00447,502,Yellow,Subadult,2046,89,67,33,57.783,9.615,,,,,,,,,,,,,,,,,
2,3/13/2025,3/14/2025,3/17/2025,PWS,SBR1,60.63698,-146.00447,502,Yellow,Subadult,2047,76,67,28,69.412,9.871,,,,,,,,,,,,,,,,,
2,3/13/2025,3/14/2025,3/17/2025,PWS,SBR1,60.63698,-146.00447,502,Yellow,Subadult,2048,85,59,30,84.031,12.349,,,,,,,,,,,,,,,,,
2,3/13/2025,3/14/2025,3/18/2025,PWS,SBR1,60.63698,-146.00447,501,Yellow,Subadult,2089,91,57,27,70.582,11.341,14.374,25.055,EVOS_SBR1_2089_501_3/18/2025_Subadult,"Bag 501 had lots of mussels, stars, and worms",,,,,,,,,,,,,
2,3/13/2025,3/14/2025,3/18/2025,PWS,SBR1,60.63698,-146.00447,501,Yellow,Subadult,2090,77,43,25,42.995,7.867,14.373,21.748,EVOS_SBR1_2090_501_3/18/2025_Subadult,,,,,,,,,,,,,,
2,3/13/2025,3/14/2025,3/18/2025,PWS,SBR1,60.63698,-146.00447,501,Yellow,Subadult,2091,97,45,29,63.15,10.858,14.393,24.364,EVOS_SBR1_2091_501_3/18/2025_Subadult,,,,,,,,,,,,,,
2,3/13/2025,3/14/2025,3/18/2025,PWS,SBR1,60.63698,-146.00447,501,Yellow,Subadult,2092,83,59,27,72.324,11.369,14.307,24.881,EVOS_SBR1_2092_501_3/18/2025_Subadult,,,,,,,,,,,,,,
2,3/13/2025,3/14/2025,3/18/2025,PWS,SBR1,60.63698,-146.00447,501,Yellow,Subadult,2093,81,43,27,57.194,8.566,,,,,,,,,,,,,,,,,
2,3/13/2025,3/14/2025,3/18/2025,PWS,SBR1,60.63698,-146.00447,501,Yellow,Subadult,2094,66,49,26,45.666,7.205,,,,,,,,,,,,,,,,,
2,3/13/2025,3/14/2025,3/18/2025,PWS,SBR1,60.63698,-146.00447,501,Yellow,Subadult,2095,81,52,24,52.284,8.349,,,,,,,,,,,,,,,,,
2,3/13/2025,3/14/2025,3/18/2025,PWS,SBR1,60.63698,-146.00447,503,Yellow,Subadult,2096,91,50,24,61.908,10.447,14.278,24.264,EVOS_SBR1_2096_503_3/18/2025_Subadult,"Bag 503 had lots of mussels, stars, and worms",,,,,,,,,,,,,
2,3/13/2025,3/14/2025,3/18/2025,PWS,SBR1,60.63698,-146.00447,503,Yellow,Subadult,2097,79,52,26,52.9,8.979,14.319,23.01,EVOS_SBR1_2097_503_3/18/2025_Subadult,,,,,,,,,,,,,,
2,3/13/2025,3/14/2025,3/18/2025,PWS,SBR1,60.63698,-146.00447,503,Yellow,Subadult,2098,64,50,21,32.857,6.099,14.332,20.315,EVOS_SBR1_2098_503_3/18/2025_Subadult,,,,,,,,,,,,,,
2,3/13/2025,3/14/2025,3/18/2025,PWS,SBR1,60.63698,-146.00447,503,Yellow,Subadult,2099,76,49,21,40.261,6.598,14.324,20.616,EVOS_SBR1_2099_503_3/18/2025_Subadult,,,,,,,,,,,,,,
2,3/13/2025,3/14/2025,3/18/2025,PWS,SBR1,60.63698,-146.00447,503,Yellow,Subadult,2100,74,41,25,39.765,7.026,,,,,,,,,,,,,,,,,
2,3/13/2025,3/14/2025,3/18/2025,PWS,SBR1,60.63698,-146.00447,503,Yellow,Subadult,2101,80,50,23,51.487,7.743,,,,,,,,,,,,,,,,,
2,3/13/2025,3/14/2025,3/18/2025,PWS,SBR1,60.63698,-146.00447,503,Yellow,Subadult,2102,79,45,24,46.378,7.673,,,,,,,,,,,,,,,,,
2,3/13/2025,3/14/2025,3/17/2025,PWS,SBR1,60.63698,-146.00447,203,Orange,Juvenile,2022,65,38,18,25.342,3.002,14.33,25.869,EVOS_SBR1_2022-2026_203_3/17/2025_Juvenile,Bag 203 had lots of mussels. ,,,,,,,,,,,,,
2,3/13/2025,3/14/2025,3/17/2025,PWS,SBR1,60.63698,-146.00447,203,Orange,Juvenile,2023,43,31,17,12.071,1.426,14.33,25.869,EVOS_SBR1_2022-2026_203_3/17/2025_Juvenile,,,,,,,,,,,,,,
2,3/13/2025,3/14/2025,3/17/2025,PWS,SBR1,60.63698,-146.00447,203,Orange,Juvenile,2024,51,41,17,18.298,2.415,14.33,25.869,EVOS_SBR1_2022-2026_203_3/17/2025_Juvenile,,,,,,,,,,,,,,
2,3/13/2025,3/14/2025,3/17/2025,PWS,SBR1,60.63698,-146.00447,203,Orange,Juvenile,2025,50,39,16,11.91,1.147,14.33,25.869,EVOS_SBR1_2022-2026_203_3/17/2025_Juvenile,,,,,,,,,,,,,,
2,3/13/2025,3/14/2025,3/17/2025,PWS,SBR1,60.63698,-146.00447,203,Orange,Juvenile,2026,73,45,20,28.314,4.209,14.33,25.869,EVOS_SBR1_2022-2026_203_3/17/2025_Juvenile,,,,,,,,,,,,,,
2,3/13/2025,3/14/2025,3/17/2025,PWS,SBR1,60.63698,-146.00447,203,Orange,Juvenile,2027,73,45,22,31.211,3.736,14.333,25.492,EVOS_SBR1_2027-2031_203_3/17/2025_Juvenile,,,,,,,,,,,,,,
2,3/13/2025,3/14/2025,3/17/2025,PWS,SBR1,60.63698,-146.00447,203,Orange,Juvenile,2028,43,42,16,15.207,1.35,14.333,25.492,EVOS_SBR1_2027-2031_203_3/17/2025_Juvenile,,,,,,,,,,,,,,
2,3/13/2025,3/14/2025,3/17/2025,PWS,SBR1,60.63698,-146.00447,203,Orange,Juvenile,2029,49,44,15,16.54,1.481,14.333,25.492,EVOS_SBR1_2027-2031_203_3/17/2025_Juvenile,,,,,,,,,,,,,,
2,3/13/2025,3/14/2025,3/17/2025,PWS,SBR1,60.63698,-146.00447,203,Orange,Juvenile,2030,72,40,21,27.877,3.633,14.333,25.492,EVOS_SBR1_2027-2031_203_3/17/2025_Juvenile,,,,,,,,,,,,,,
2,3/13/2025,3/14/2025,3/17/2025,PWS,SBR1,60.63698,-146.00447,203,Orange,Juvenile,2031,65,37,16,17.105,1.455,14.333,25.492,EVOS_SBR1_2027-2031_203_3/17/2025_Juvenile,,,,,,,,,,,,,,
2,3/13/2025,3/14/2025,3/17/2025,PWS,SBR1,60.63698,-146.00447,203,Orange,Juvenile,2032,57,52,19,28.181,3.369,14.343,30.098,EVOS_SBR1_2032-2036_203_3/17/2025_Juvenile,,,,,,,,,,,,,,
2,3/13/2025,3/14/2025,3/17/2025,PWS,SBR1,60.63698,-146.00447,203,Orange,Juvenile,2033,55,36,17,19.476,2.052,14.343,30.098,EVOS_SBR1_2032-2036_203_3/17/2025_Juvenile,,,,,,,,,,,,,,
2,3/13/2025,3/14/2025,3/17/2025,PWS,SBR1,60.63698,-146.00447,203,Orange,Juvenile,2034,64,46,19,36.525,5.192,14.343,30.098,EVOS_SBR1_2032-2036_203_3/17/2025_Juvenile,,,,,,,,,,,,,,
2,3/13/2025,3/14/2025,3/17/2025,PWS,SBR1,60.63698,-146.00447,203,Orange,Juvenile,2035,78,48,20,32.768,3.559,14.343,30.098,EVOS_SBR1_2032-2036_203_3/17/2025_Juvenile,,,,,,,,,,,,,,
2,3/13/2025,3/14/2025,3/17/2025,PWS,SBR1,60.63698,-146.00447,203,Orange,Juvenile,2036,67,48,15,22.567,2.484,14.343,30.098,EVOS_SBR1_2032-2036_203_3/17/2025_Juvenile,,,,,,,,,,,,,,
2,3/13/2025,3/14/2025,3/17/2025,PWS,SBR1,60.63698,-146.00447,203,Orange,Juvenile,2037,52,43,20,21.835,2.601,14.323,27.678,EVOS_SBR1_2037-2041_203_3/17/2025_Juvenile,,,,,,,,,,,,,,
2,3/13/2025,3/14/2025,3/17/2025,PWS,SBR1,60.63698,-146.00447,203,Orange,Juvenile,2038,56,39,20,16.847,2.354,14.323,27.678,EVOS_SBR1_2037-2041_203_3/17/2025_Juvenile,,,,,,,,,,,,,,
2,3/13/2025,3/14/2025,3/17/2025,PWS,SBR1,60.63698,-146.00447,203,Orange,Juvenile,2039,66,43,18,23.079,2.712,14.323,27.678,EVOS_SBR1_2037-2041_203_3/17/2025_Juvenile,,,,,,,,,,,,,,
2,3/13/2025,3/14/2025,3/17/2025,PWS,SBR1,60.63698,-146.00447,203,Orange,Juvenile,2040,64,48,21,30.933,3.735,14.323,27.678,EVOS_SBR1_2037-2041_203_3/17/2025_Juvenile,,,,,,,,,,,,,,
2,3/13/2025,3/14/2025,3/17/2025,PWS,SBR1,60.63698,-146.00447,203,Orange,Juvenile,2041,55,39,21,21.995,2.499,14.323,27.678,EVOS_SBR1_2037-2041_203_3/17/2025_Juvenile,,,,,,,,,,,,,,
2,3/13/2025,3/14/2025,3/17/2025,PWS,SBR1,60.63698,-146.00447,202,Orange,Juvenile,2049,64,43,21,21.606,3.231,14.314,29.596,EVOS_SBR1_2049-2053_202_3/17/2025_Juvenile,Bag 202 had lots of mussels.,,,,,,,,,,,,,
2,3/13/2025,3/14/2025,3/17/2025,PWS,SBR1,60.63698,-146.00447,202,Orange,Juvenile,2050,64,32,23,20.141,2.369,14.314,29.596,EVOS_SBR1_2049-2053_202_3/17/2025_Juvenile,,,,,,,,,,,,,,
2,3/13/2025,3/14/2025,3/17/2025,PWS,SBR1,60.63698,-146.00447,202,Orange,Juvenile,2051,69,44,24,24.255,3.364,14.314,29.596,EVOS_SBR1_2049-2053_202_3/17/2025_Juvenile,,,,,,,,,,,,,,
2,3/13/2025,3/14/2025,3/17/2025,PWS,SBR1,60.63698,-146.00447,202,Orange,Juvenile,2052,88,60,20,34.617,4.631,14.314,29.596,EVOS_SBR1_2049-2053_202_3/17/2025_Juvenile,,,,,,,,,,,,,,
2,3/13/2025,3/14/2025,3/17/2025,PWS,SBR1,60.63698,-146.00447,202,Orange,Juvenile,2053,62,54,20,25.465,2.501,14.314,29.596,EVOS_SBR1_2049-2053_202_3/17/2025_Juvenile,,,,,,,,,,,,,,
2,3/13/2025,3/14/2025,3/17/2025,PWS,SBR1,60.63698,-146.00447,202,Orange,Juvenile,2054,68,60,22,32.751,3.594,14.349,30.032,EVOS_SBR1_2054-2058_202_3/17/2025_Juvenile,,,,,,,,,,,,,,
2,3/13/2025,3/14/2025,3/17/2025,PWS,SBR1,60.63698,-146.00447,202,Orange,Juvenile,2055,78,47,25,43.646,4.896,14.349,30.032,EVOS_SBR1_2054-2058_202_3/17/2025_Juvenile,,,,,,,,,,,,,,
2,3/13/2025,3/14/2025,3/17/2025,PWS,SBR1,60.63698,-146.00447,202,Orange,Juvenile,2056,59,38,16,15.599,1.511,14.349,30.032,EVOS_SBR1_2054-2058_202_3/17/2025_Juvenile,,,,,,,,,,,,,,
2,3/13/2025,3/14/2025,3/17/2025,PWS,SBR1,60.63698,-146.00447,202,Orange,Juvenile,2057,61,46,21,27.901,3.392,14.349,30.032,EVOS_SBR1_2054-2058_202_3/17/2025_Juvenile,,,,,,,,,,,,,,
2,3/13/2025,3/14/2025,3/17/2025,PWS,SBR1,60.63698,-146.00447,202,Orange,Juvenile,2058,66,43,20,26.436,2.783,14.349,30.032,EVOS_SBR1_2054-2058_202_3/17/2025_Juvenile,,,,,,,,,,,,,,
2,3/13/2025,3/14/2025,3/17/2025,PWS,SBR1,60.63698,-146.00447,202,Orange,Juvenile,2059,46,33,15,10.891,1.111,14.29,27.346,EVOS_SBR1_2059-2063_202_3/17/2025_Juvenile,,,,,,,,,,,,,,
2,3/13/2025,3/14/2025,3/17/2025,PWS,SBR1,60.63698,-146.00447,202,Orange,Juvenile,2060,72,45,21,26.708,3.106,14.29,27.346,EVOS_SBR1_2059-2063_202_3/17/2025_Juvenile,,,,,,,,,,,,,,
2,3/13/2025,3/14/2025,3/17/2025,PWS,SBR1,60.63698,-146.00447,202,Orange,Juvenile,2061,43,42,15,12.87,1.397,14.29,27.346,EVOS_SBR1_2059-2063_202_3/17/2025_Juvenile,,,,,,,,,,,,,,
2,3/13/2025,3/14/2025,3/17/2025,PWS,SBR1,60.63698,-146.00447,202,Orange,Juvenile,2062,63,46,20,25.319,3.668,14.29,27.346,EVOS_SBR1_2059-2063_202_3/17/2025_Juvenile,,,,,,,,,,,,,,
2,3/13/2025,3/14/2025,3/17/2025,PWS,SBR1,60.63698,-146.00447,202,Orange,Juvenile,2063,72,45,25,33.243,4.366,14.29,27.346,EVOS_SBR1_2059-2063_202_3/17/2025_Juvenile,,,,,,,,,,,,,,
2,3/13/2025,3/14/2025,3/17/2025,PWS,SBR1,60.63698,-146.00447,202,Orange,Juvenile,2064,65,44,24,21.638,2.419,14.301,30.022,EVOS_SBR1_2064-2068_202_3/17/2025_Juvenile,,,,,,,,,,,,,,
2,3/13/2025,3/14/2025,3/17/2025,PWS,SBR1,60.63698,-146.00447,202,Orange,Juvenile,2065,71,49,17,25.861,3.724,14.301,30.022,EVOS_SBR1_2064-2068_202_3/17/2025_Juvenile,,,,,,,,,,,,,,
2,3/13/2025,3/14/2025,3/17/2025,PWS,SBR1,60.63698,-146.00447,202,Orange,Juvenile,2066,70,44,20,25.191,3.946,14.301,30.022,EVOS_SBR1_2064-2068_202_3/17/2025_Juvenile,,,,,,,,,,,,,,
2,3/13/2025,3/14/2025,3/17/2025,PWS,SBR1,60.63698,-146.00447,202,Orange,Juvenile,2067,73,50,21,30.045,3.113,14.301,30.022,EVOS_SBR1_2064-2068_202_3/17/2025_Juvenile,,,,,,,,,,,,,,
2,3/13/2025,3/14/2025,3/17/2025,PWS,SBR1,60.63698,-146.00447,202,Orange,Juvenile,2068,62,47,18,25.507,2.917,14.301,30.022,EVOS_SBR1_2064-2068_202_3/17/2025_Juvenile,,,,,,,,,,,,,,
2,3/13/2025,3/14/2025,3/18/2025,PWS,SBR1,60.63698,-146.00447,201,Orange,Juvenile,2103,51,47,20,17.328,1.838,14.304,22.736,EVOS_SBR1_2103-2107_201_3/18/2025_Juvenile,Bag 201 had mussels and sea stars present.,,,,,,,,,,,,,
2,3/13/2025,3/14/2025,3/18/2025,PWS,SBR1,60.63698,-146.00447,201,Orange,Juvenile,2104,52,34,18,16.554,1.677,14.304,22.736,EVOS_SBR1_2103-2107_201_3/18/2025_Juvenile,,,,,,,,,,,,,,
2,3/13/2025,3/14/2025,3/18/2025,PWS,SBR1,60.63698,-146.00447,201,Orange,Juvenile,2105,59,37,15,14.569,1.649,14.304,22.736,EVOS_SBR1_2103-2107_201_3/18/2025_Juvenile,,,,,,,,,,,,,,
2,3/13/2025,3/14/2025,3/18/2025,PWS,SBR1,60.63698,-146.00447,201,Orange,Juvenile,2106,58,43,18,22.018,2.244,14.304,22.736,EVOS_SBR1_2103-2107_201_3/18/2025_Juvenile,,,,,,,,,,,,,,
2,3/13/2025,3/14/2025,3/18/2025,PWS,SBR1,60.63698,-146.00447,201,Orange,Juvenile,2107,54,42,15,14.275,1.259,14.304,22.736,EVOS_SBR1_2103-2107_201_3/18/2025_Juvenile,,,,,,,,,,,,,,
2,3/13/2025,3/14/2025,3/18/2025,PWS,SBR1,60.63698,-146.00447,201,Orange,Juvenile,2108,51,31,15,13.961,1.373,14.157,25.688,EVOS_SBR1_2108-2112_201_3/18/2025_Juvenile,,,,,,,,,,,,,,
2,3/13/2025,3/14/2025,3/18/2025,PWS,SBR1,60.63698,-146.00447,201,Orange,Juvenile,2109,51,35,17,15.519,1.344,14.157,25.688,EVOS_SBR1_2108-2112_201_3/18/2025_Juvenile,,,,,,,,,,,,,,
2,3/13/2025,3/14/2025,3/18/2025,PWS,SBR1,60.63698,-146.00447,201,Orange,Juvenile,2110,59,45,21,28.618,3.612,14.157,25.688,EVOS_SBR1_2108-2112_201_3/18/2025_Juvenile,,,,,,,,,,,,,,
2,3/13/2025,3/14/2025,3/18/2025,PWS,SBR1,60.63698,-146.00447,201,Orange,Juvenile,2111,60,53,16,23.695,2.517,14.157,25.688,EVOS_SBR1_2108-2112_201_3/18/2025_Juvenile,,,,,,,,,,,,,,
2,3/13/2025,3/14/2025,3/18/2025,PWS,SBR1,60.63698,-146.00447,201,Orange,Juvenile,2112,65,34,18,18.273,2.922,14.157,25.688,EVOS_SBR1_2108-2112_201_3/18/2025_Juvenile,,,,,,,,,,,,,,
2,3/13/2025,3/14/2025,3/18/2025,PWS,SBR1,60.63698,-146.00447,201,Orange,Juvenile,2113,52,34,16,15.183,2.113,14.335,25.438,EVOS_SBR1_2113-2117_201_3/18/2025_Juvenile,,,,,,,,,,,,,,
2,3/13/2025,3/14/2025,3/18/2025,PWS,SBR1,60.63698,-146.00447,201,Orange,Juvenile,2114,59,39,18,23.124,2.952,14.335,25.438,EVOS_SBR1_2113-2117_201_3/18/2025_Juvenile,,,,,,,,,,,,,,
2,3/13/2025,3/14/2025,3/18/2025,PWS,SBR1,60.63698,-146.00447,201,Orange,Juvenile,2115,54,39,17,19.495,2.247,14.335,25.438,EVOS_SBR1_2113-2117_201_3/18/2025_Juvenile,,,,,,,,,,,,,,
2,3/13/2025,3/14/2025,3/18/2025,PWS,SBR1,60.63698,-146.00447,201,Orange,Juvenile,2116,55,39,19,18.523,2.001,14.335,25.438,EVOS_SBR1_2113-2117_201_3/18/2025_Juvenile,,,,,,,,,,,,,,
2,3/13/2025,3/14/2025,3/18/2025,PWS,SBR1,60.63698,-146.00447,201,Orange,Juvenile,2117,56,44,18,19.405,2.146,14.335,25.438,EVOS_SBR1_2113-2117_201_3/18/2025_Juvenile,,,,,,,,,,,,,,
2,3/13/2025,3/14/2025,3/18/2025,PWS,SBR1,60.63698,-146.00447,201,Orange,Juvenile,2118,65,34,19,20.162,3.058,14.292,28.096,EVOS_SBR1_2118-2122_201_3/18/2025_Juvenile,,,,,,,,,,,,,,
2,3/13/2025,3/14/2025,3/18/2025,PWS,SBR1,60.63698,-146.00447,201,Orange,Juvenile,2119,62,56,23,33.591,4.918,14.292,28.096,EVOS_SBR1_2118-2122_201_3/18/2025_Juvenile,,,,,,,,,,,,,,
2,3/13/2025,3/14/2025,3/18/2025,PWS,SBR1,60.63698,-146.00447,201,Orange,Juvenile,2120,56,44,17,19.836,1.927,14.292,28.096,EVOS_SBR1_2118-2122_201_3/18/2025_Juvenile,,,,,,,,,,,,,,
2,3/13/2025,3/14/2025,3/18/2025,PWS,SBR1,60.63698,-146.00447,201,Orange,Juvenile,2121,50,29,19,13.095,1.807,14.292,28.096,EVOS_SBR1_2118-2122_201_3/18/2025_Juvenile,,,,,,,,,,,,,,
2,3/13/2025,3/14/2025,3/18/2025,PWS,SBR1,60.63698,-146.00447,201,Orange,Juvenile,2122,58,45,20,23.948,2.293,14.292,28.096,EVOS_SBR1_2118-2122_201_3/18/2025_Juvenile,,,,,,,,,,,,,,
2,3/12/2025,3/17/2025,3/18/2025,Kodiak,AOF1,57.65784,-152.42018,522,Yellow,Subadult,2169,53,30,20,24.775,4.738,14.312,18.589,EVOS_AOF1_2169_522_3/18/2025_Subadult,,,,,,,,,,,,,,
2,3/12/2025,3/17/2025,3/18/2025,Kodiak,AOF1,57.65784,-152.42018,522,Yellow,Subadult,2170,61,35,25,39.416,6.753,14.154,20.717,EVOS_AOF1_2170_522_3/18/2025_Subadult,,,,,,,,,,,,,,
2,3/12/2025,3/17/2025,3/18/2025,Kodiak,AOF1,57.65784,-152.42018,522,Yellow,Subadult,2171,50,31,18,24.212,6.635,14.332,20.862,EVOS_AOF1_2171_522_3/18/2025_Subadult,,,,,,,,,,,,,,
2,3/12/2025,3/17/2025,3/18/2025,Kodiak,AOF1,57.65784,-152.42018,522,Yellow,Subadult,2172,55,39,26,30.477,5.1,14.315,19.244,EVOS_AOF1_2172_522_3/18/2025_Subadult,,,,,,,,,,,,,,
2,3/12/2025,3/17/2025,3/18/2025,Kodiak,AOF1,57.65784,-152.42018,522,Yellow,Subadult,2173,57,38,21,33.926,6.96,,,,,,,,,,,,,,,,,
2,3/12/2025,3/17/2025,3/18/2025,Kodiak,AOF1,57.65784,-152.42018,522,Yellow,Subadult,2174,54,29,20,26.574,5.739,,,,,,,,,,,,,,,,,
2,3/12/2025,3/17/2025,3/18/2025,Kodiak,AOF1,57.65784,-152.42018,522,Yellow,Subadult,2175,55,35,20,29.77,5.45,,,,,,,,,,,,,,,,,
2,3/12/2025,3/17/2025,3/18/2025,Kodiak,AOF1,57.65784,-152.42018,523,Yellow,Subadult,2176,63,40,23,40.161,7.804,14.402,22.087,EVOS_AOF1_2176_523_3/18/2025_Subadult,,,,,,,,,,,,,,
2,3/12/2025,3/17/2025,3/18/2025,Kodiak,AOF1,57.65784,-152.42018,523,Yellow,Subadult,2177,76,42,24,41.509,11.265,14.386,25.517,EVOS_AOF1_2177_523_3/18/2025_Subadult,,,,,,,,,,,,,,
2,3/12/2025,3/17/2025,3/18/2025,Kodiak,AOF1,57.65784,-152.42018,523,Yellow,Subadult,2178,66,37,22,36.763,7.145,14.375,21.316,EVOS_AOF1_2178_523_3/18/2025_Subadult,,,,,,,,,,,,,,
2,3/12/2025,3/17/2025,3/18/2025,Kodiak,AOF1,57.65784,-152.42018,523,Yellow,Subadult,2179,62,43,26,41.664,8.46,14.299,22.82,EVOS_AOF1_2179_523_3/18/2025_Subadult,,,,,,,,,,,,,,
2,3/12/2025,3/17/2025,3/18/2025,Kodiak,AOF1,57.65784,-152.42018,523,Yellow,Subadult,2180,57,42,25,41.403,7.171,,,,,,,,,,,,,,,,,
2,3/12/2025,3/17/2025,3/18/2025,Kodiak,AOF1,57.65784,-152.42018,523,Yellow,Subadult,2181,66,40,25,45.943,8.531,,,,,,,,,,,,,,,,,
2,3/12/2025,3/17/2025,3/18/2025,Kodiak,AOF1,57.65784,-152.42018,523,Yellow,Subadult,2182,58,38,23,36.589,7.84,,,,,,,,,,,,,,,,,
2,3/12/2025,3/17/2025,3/18/2025,Kodiak,AOF1,57.65784,-152.42018,524,Yellow,Subadult,2197,74,33,20,47.588,9.446,14.332,23.488,EVOS_AOF1_2197_524_3/18/2025_Subadult,,,,,,,,,,,,,,
2,3/12/2025,3/17/2025,3/18/2025,Kodiak,AOF1,57.65784,-152.42018,524,Yellow,Subadult,2198,59,32,20,27.511,6.248,14.148,20.29,EVOS_AOF1_2198_524_3/18/2025_Subadult,,,,,,,,,,,,,,
2,3/12/2025,3/17/2025,3/18/2025,Kodiak,AOF1,57.65784,-152.42018,524,Yellow,Subadult,2199,71,37,24,41.391,9.397,14.3,23.479,EVOS_AOF1_2199_524_3/18/2025_Subadult,,,,,,,,,,,,,,
2,3/12/2025,3/17/2025,3/18/2025,Kodiak,AOF1,57.65784,-152.42018,524,Yellow,Subadult,2200,59,35,23,30.856,6.522,14.18,20.731,EVOS_AOF1_2200_524_3/18/2025_Subadult,,,,,,,,,,,,,,
2,3/12/2025,3/17/2025,3/18/2025,Kodiak,AOF1,57.65784,-152.42018,524,Yellow,Subadult,2201,52,35,25,32.617,7.722,,,,,,,,,,,,,,,,,
2,3/12/2025,3/17/2025,3/18/2025,Kodiak,AOF1,57.65784,-152.42018,524,Yellow,Subadult,2202,56,35,23,33.2,6.658,,,,,,,,,,,,,,,,,
2,3/12/2025,3/17/2025,3/18/2025,Kodiak,AOF1,57.65784,-152.42018,524,Yellow,Subadult,2203,66,32,22,37.736,7.161,,,,,,,,,,,,,,,,,
2,3/12/2025,3/17/2025,3/18/2025,Kodiak,AOF1,57.65784,-152.42018,223,Orange,Juvenile,2204,56,37,17,21.362,2.652,14.404,27.077,EVOS_AOF1_2204-2208_223_3/18/2025_Juvenile,Bag 223 had some barnacles.,,,,,,,,,,,,,
2,3/12/2025,3/17/2025,3/18/2025,Kodiak,AOF1,57.65784,-152.42018,223,Orange,Juvenile,2205,55,30,14,15.731,2.346,14.404,27.077,EVOS_AOF1_2204-2208_223_3/18/2025_Juvenile,,,,,,,,,,,,,,
2,3/12/2025,3/17/2025,3/18/2025,Kodiak,AOF1,57.65784,-152.42018,223,Orange,Juvenile,2206,53,36,16,16.861,2.517,14.404,27.077,EVOS_AOF1_2204-2208_223_3/18/2025_Juvenile,,,,,,,,,,,,,,
2,3/12/2025,3/17/2025,3/18/2025,Kodiak,AOF1,57.65784,-152.42018,223,Orange,Juvenile,2207,54,35,16,16.062,2.518,14.404,27.077,EVOS_AOF1_2204-2208_223_3/18/2025_Juvenile,,,,,,,,,,,,,,
2,3/12/2025,3/17/2025,3/18/2025,Kodiak,AOF1,57.65784,-152.42018,223,Orange,Juvenile,2208,50,38,18,19.747,3.1,14.404,27.077,EVOS_AOF1_2204-2208_223_3/18/2025_Juvenile,,,,,,,,,,,,,,
2,3/12/2025,3/17/2025,3/18/2025,Kodiak,AOF1,57.65784,-152.42018,223,Orange,Juvenile,2209,53,38,17,18.277,2.655,14.335,25.217,EVOS_AOF1_2209-2213_223_3/18/2025_Juvenile,,,,,,,,,,,,,,
2,3/12/2025,3/17/2025,3/18/2025,Kodiak,AOF1,57.65784,-152.42018,223,Orange,Juvenile,2210,52,41,16,16.3,2.113,14.335,25.217,EVOS_AOF1_2209-2213_223_3/18/2025_Juvenile,,,,,,,,,,,,,,
2,3/12/2025,3/17/2025,3/18/2025,Kodiak,AOF1,57.65784,-152.42018,223,Orange,Juvenile,2211,55,35,15,15.89,2.006,14.335,25.217,EVOS_AOF1_2209-2213_223_3/18/2025_Juvenile,,,,,,,,,,,,,,
2,3/12/2025,3/17/2025,3/18/2025,Kodiak,AOF1,57.65784,-152.42018,223,Orange,Juvenile,2212,56,35,16,16.445,2.195,14.335,25.217,EVOS_AOF1_2209-2213_223_3/18/2025_Juvenile,,,,,,,,,,,,,,
2,3/12/2025,3/17/2025,3/18/2025,Kodiak,AOF1,57.65784,-152.42018,223,Orange,Juvenile,2213,52,35,16,15.171,2.271,14.335,25.217,EVOS_AOF1_2209-2213_223_3/18/2025_Juvenile,,,,,,,,,,,,,,
2,3/12/2025,3/17/2025,3/18/2025,Kodiak,AOF1,57.65784,-152.42018,223,Orange,Juvenile,2214,52,31,15,14.381,2.296,14.328,28.382,EVOS_AOF1_2214-2218_223_3/18/2025_Juvenile,,,,,,,,,,,,,,
2,3/12/2025,3/17/2025,3/18/2025,Kodiak,AOF1,57.65784,-152.42018,223,Orange,Juvenile,2215,59,39,15,20.559,2.837,14.328,28.382,EVOS_AOF1_2214-2218_223_3/18/2025_Juvenile,,,,,,,,,,,,,,
2,3/12/2025,3/17/2025,3/18/2025,Kodiak,AOF1,57.65784,-152.42018,223,Orange,Juvenile,2216,51,38,17,19.749,3.035,14.328,28.382,EVOS_AOF1_2214-2218_223_3/18/2025_Juvenile,,,,,,,,,,,,,,
2,3/12/2025,3/17/2025,3/18/2025,Kodiak,AOF1,57.65784,-152.42018,223,Orange,Juvenile,2217,54,41,18,20.327,3.819,14.328,28.382,EVOS_AOF1_2214-2218_223_3/18/2025_Juvenile,,,,,,,,,,,,,,
2,3/12/2025,3/17/2025,3/18/2025,Kodiak,AOF1,57.65784,-152.42018,223,Orange,Juvenile,2218,60,34,16,18.927,2.605,14.328,28.382,EVOS_AOF1_2214-2218_223_3/18/2025_Juvenile,,,,,,,,,,,,,,
2,3/12/2025,3/17/2025,3/18/2025,Kodiak,AOF1,57.65784,-152.42018,223,Orange,Juvenile,2219,59,37,18,20.846,3.229,14.333,27.602,EVOS_AOF1_2219-2223_223_3/18/2025_Juvenile,,,,,,,,,,,,,,
2,3/12/2025,3/17/2025,3/18/2025,Kodiak,AOF1,57.65784,-152.42018,223,Orange,Juvenile,2220,56,32,17,19.204,3.536,14.333,27.602,EVOS_AOF1_2219-2223_223_3/18/2025_Juvenile,,,,,,,,,,,,,,
2,3/12/2025,3/17/2025,3/18/2025,Kodiak,AOF1,57.65784,-152.42018,223,Orange,Juvenile,2221,49,39,16,16.812,2.444,14.333,27.602,EVOS_AOF1_2219-2223_223_3/18/2025_Juvenile,,,,,,,,,,,,,,
2,3/12/2025,3/17/2025,3/18/2025,Kodiak,AOF1,57.65784,-152.42018,223,Orange,Juvenile,2222,46,38,17,14.091,2.5,14.333,27.602,EVOS_AOF1_2219-2223_223_3/18/2025_Juvenile,,,,,,,,,,,,,,
2,3/12/2025,3/17/2025,3/18/2025,Kodiak,AOF1,57.65784,-152.42018,223,Orange,Juvenile,2223,46,31,16,12.574,2.073,14.333,27.602,EVOS_AOF1_2219-2223_223_3/18/2025_Juvenile,,,,,,,,,,,,,,
2,3/12/2025,3/17/2025,3/19/2025,Kodiak,AOF1,57.65784,-152.42018,224,Orange,Juvenile,2244,43,28,15,11.467,1.904,14.339,24.69,EVOS_AOF1_2244-2248_224_3/19/2025_Juvenile,Bag 224 had some barnacles,,,,,,,,,,,,,
2,3/12/2025,3/17/2025,3/19/2025,Kodiak,AOF1,57.65784,-152.42018,224,Orange,Juvenile,2245,43,29,15,12.048,2.039,14.339,24.69,EVOS_AOF1_2244-2248_224_3/19/2025_Juvenile,,,,,,,,,,,,,,
2,3/12/2025,3/17/2025,3/19/2025,Kodiak,AOF1,57.65784,-152.42018,224,Orange,Juvenile,2246,45,28,15,15.283,2.183,14.339,24.69,EVOS_AOF1_2244-2248_224_3/19/2025_Juvenile,,,,,,,,,,,,,,
2,3/12/2025,3/17/2025,3/19/2025,Kodiak,AOF1,57.65784,-152.42018,224,Orange,Juvenile,2247,45,27,14,12.169,2.201,14.339,24.69,EVOS_AOF1_2244-2248_224_3/19/2025_Juvenile,,,,,,,,,,,,,,
2,3/12/2025,3/17/2025,3/19/2025,Kodiak,AOF1,57.65784,-152.42018,224,Orange,Juvenile,2248,39,26,16,11.974,2.307,14.339,24.69,EVOS_AOF1_2244-2248_224_3/19/2025_Juvenile,,,,,,,,,,,,,,
2,3/12/2025,3/17/2025,3/19/2025,Kodiak,AOF1,57.65784,-152.42018,224,Orange,Juvenile,2249,41,27,15,11.721,1.876,14.318,22.563,EVOS_AOF1_2249-2253_224_3/19/2025_Juvenile,,,,,,,,,,,,,,
2,3/12/2025,3/17/2025,3/19/2025,Kodiak,AOF1,57.65784,-152.42018,224,Orange,Juvenile,2250,38,24,14,9.373,1.573,14.318,22.563,EVOS_AOF1_2249-2253_224_3/19/2025_Juvenile,,,,,,,,,,,,,,
2,3/12/2025,3/17/2025,3/19/2025,Kodiak,AOF1,57.65784,-152.42018,224,Orange,Juvenile,2251,35,23,14,9.379,1.555,14.318,22.563,EVOS_AOF1_2249-2253_224_3/19/2025_Juvenile,,,,,,,,,,,,,,
2,3/12/2025,3/17/2025,3/19/2025,Kodiak,AOF1,57.65784,-152.42018,224,Orange,Juvenile,2252,46,28,13,13.511,2.14,14.318,22.563,EVOS_AOF1_2249-2253_224_3/19/2025_Juvenile,,,,,,,,,,,,,,
2,3/12/2025,3/17/2025,3/19/2025,Kodiak,AOF1,57.65784,-152.42018,224,Orange,Juvenile,2253,41,26,14,11.882,1.406,14.318,22.563,EVOS_AOF1_2249-2253_224_3/19/2025_Juvenile,,,,,,,,,,,,,,
2,3/12/2025,3/17/2025,3/19/2025,Kodiak,AOF1,57.65784,-152.42018,224,Orange,Juvenile,2254,40,25,17,11.3,1.72,14.296,21.512,EVOS_AOF1_2254-2258_224_3/19/2025_Juvenile,,,,,,,,,,,,,,
2,3/12/2025,3/17/2025,3/19/2025,Kodiak,AOF1,57.65784,-152.42018,224,Orange,Juvenile,2255,39,20,13,8.168,1.434,14.296,21.512,EVOS_AOF1_2254-2258_224_3/19/2025_Juvenile,,,,,,,,,,,,,,
2,3/12/2025,3/17/2025,3/19/2025,Kodiak,AOF1,57.65784,-152.42018,224,Orange,Juvenile,2256,37,26,15,10.312,1.483,14.296,21.512,EVOS_AOF1_2254-2258_224_3/19/2025_Juvenile,,,,,,,,,,,,,,
2,3/12/2025,3/17/2025,3/19/2025,Kodiak,AOF1,57.65784,-152.42018,224,Orange,Juvenile,2257,37,27,15,10.742,1.611,14.296,21.512,EVOS_AOF1_2254-2258_224_3/19/2025_Juvenile,,,,,,,,,,,,,,
2,3/12/2025,3/17/2025,3/19/2025,Kodiak,AOF1,57.65784,-152.42018,224,Orange,Juvenile,2258,36,27,12,9.079,1.308,14.296,21.512,EVOS_AOF1_2254-2258_224_3/19/2025_Juvenile,,,,,,,,,,,,,,
2,3/12/2025,3/17/2025,3/19/2025,Kodiak,AOF1,57.65784,-152.42018,224,Orange,Juvenile,2259,36,26,14,10.893,1.512,14.386,22.619,EVOS_AOF1_2259-2263_224_3/19/2025_Juvenile,,,,,,,,,,,,,,
2,3/12/2025,3/17/2025,3/19/2025,Kodiak,AOF1,57.65784,-152.42018,224,Orange,Juvenile,2260,38,29,13,10.209,1.732,14.386,22.619,EVOS_AOF1_2259-2263_224_3/19/2025_Juvenile,,,,,,,,,,,,,,
2,3/12/2025,3/17/2025,3/19/2025,Kodiak,AOF1,57.65784,-152.42018,224,Orange,Juvenile,2261,37,27,16,9.942,1.777,14.386,22.619,EVOS_AOF1_2259-2263_224_3/19/2025_Juvenile,,,,,,,,,,,,,,
2,3/12/2025,3/17/2025,3/19/2025,Kodiak,AOF1,57.65784,-152.42018,224,Orange,Juvenile,2262,32,25,13,8.239,1.431,14.386,22.619,EVOS_AOF1_2259-2263_224_3/19/2025_Juvenile,,,,,,,,,,,,,,
2,3/12/2025,3/17/2025,3/19/2025,Kodiak,AOF1,57.65784,-152.42018,224,Orange,Juvenile,2263,43,28,16,12.315,1.983,14.386,22.619,EVOS_AOF1_2259-2263_224_3/19/2025_Juvenile,,,,,,,,,,,,,,
2,3/12/2025,3/17/2025,3/19/2025,Kodiak,AOF1,57.65784,-152.42018,222,Orange,Juvenile,2304,45,21,14,10.408,1.922,14.146,24.067,EVOS_AOF1_2304-2308_222_3/19/2025_Juvenile,Bag 222 had some barnacles,,,,,,,,,,,,,
2,3/12/2025,3/17/2025,3/19/2025,Kodiak,AOF1,57.65784,-152.42018,222,Orange,Juvenile,2305,39,28,16,11.331,2.566,14.146,24.067,EVOS_AOF1_2304-2308_222_3/19/2025_Juvenile,,,,,,,,,,,,,,
2,3/12/2025,3/17/2025,3/19/2025,Kodiak,AOF1,57.65784,-152.42018,222,Orange,Juvenile,2306,35,24,15,9.221,1.487,14.146,24.067,EVOS_AOF1_2304-2308_222_3/19/2025_Juvenile,,,,,,,,,,,,,,
2,3/12/2025,3/17/2025,3/19/2025,Kodiak,AOF1,57.65784,-152.42018,222,Orange,Juvenile,2307,41,26,18,12.855,2.318,14.146,24.067,EVOS_AOF1_2304-2308_222_3/19/2025_Juvenile,,,,,,,,,,,,,,
2,3/12/2025,3/17/2025,3/19/2025,Kodiak,AOF1,57.65784,-152.42018,222,Orange,Juvenile,2308,42,32,12,12.733,2.015,14.146,24.067,EVOS_AOF1_2304-2308_222_3/19/2025_Juvenile,,,,,,,,,,,,,,
2,3/12/2025,3/17/2025,3/19/2025,Kodiak,AOF1,57.65784,-152.42018,222,Orange,Juvenile,2309,46,28,16,13.745,2.939,14.324,22.854,EVOS_AOF1_2309-2313_222_3/19/2025_Juvenile,,,,,,,,,,,,,,
2,3/12/2025,3/17/2025,3/19/2025,Kodiak,AOF1,57.65784,-152.42018,222,Orange,Juvenile,2310,40,27,12,10.199,1.615,14.324,22.854,EVOS_AOF1_2309-2313_222_3/19/2025_Juvenile,,,,,,,,,,,,,,
2,3/12/2025,3/17/2025,3/19/2025,Kodiak,AOF1,57.65784,-152.42018,222,Orange,Juvenile,2311,36,32,12,9.093,1.66,14.324,22.854,EVOS_AOF1_2309-2313_222_3/19/2025_Juvenile,,,,,,,,,,,,,,
2,3/12/2025,3/17/2025,3/19/2025,Kodiak,AOF1,57.65784,-152.42018,222,Orange,Juvenile,2312,31,24,14,7.234,1.128,14.324,22.854,EVOS_AOF1_2309-2313_222_3/19/2025_Juvenile,,,,,,,,,,,,,,
2,3/12/2025,3/17/2025,3/19/2025,Kodiak,AOF1,57.65784,-152.42018,222,Orange,Juvenile,2313,36,27,14,8.929,1.508,14.324,22.854,EVOS_AOF1_2309-2313_222_3/19/2025_Juvenile,,,,,,,,,,,,,,
2,3/12/2025,3/17/2025,3/19/2025,Kodiak,AOF1,57.65784,-152.42018,222,Orange,Juvenile,2314,39,25,14,9.475,1.678,14.408,24.525,EVOS_AOF1_2314-2318_222_3/19/2025_Juvenile,,,,,,,,,,,,,,
2,3/12/2025,3/17/2025,3/19/2025,Kodiak,AOF1,57.65784,-152.42018,222,Orange,Juvenile,2315,40,24,14,11.466,2.29,14.408,24.525,EVOS_AOF1_2314-2318_222_3/19/2025_Juvenile,,,,,,,,,,,,,,
2,3/12/2025,3/17/2025,3/19/2025,Kodiak,AOF1,57.65784,-152.42018,222,Orange,Juvenile,2316,36,22,17,9.262,1.511,14.408,24.525,EVOS_AOF1_2314-2318_222_3/19/2025_Juvenile,,,,,,,,,,,,,,
2,3/12/2025,3/17/2025,3/19/2025,Kodiak,AOF1,57.65784,-152.42018,222,Orange,Juvenile,2317,36,31,15,12.117,2.639,14.408,24.525,EVOS_AOF1_2314-2318_222_3/19/2025_Juvenile,,,,,,,,,,,,,,
2,3/12/2025,3/17/2025,3/19/2025,Kodiak,AOF1,57.65784,-152.42018,222,Orange,Juvenile,2318,41,23,17,11.229,2.012,14.408,24.525,EVOS_AOF1_2314-2318_222_3/19/2025_Juvenile,,,,,,,,,,,,,,
2,3/12/2025,3/17/2025,3/19/2025,Kodiak,AOF1,57.65784,-152.42018,222,Orange,Juvenile,2319,40,22,15,11.278,2.228,14.374,24.076,EVOS_AOF1_2319-2323_222_3/19/2025_Juvenile,,,,,,,,,,,,,,
2,3/12/2025,3/17/2025,3/19/2025,Kodiak,AOF1,57.65784,-152.42018,222,Orange,Juvenile,2320,42,27,13,10.132,1.92,14.374,24.076,EVOS_AOF1_2319-2323_222_3/19/2025_Juvenile,,,,,,,,,,,,,,
2,3/12/2025,3/17/2025,3/19/2025,Kodiak,AOF1,57.65784,-152.42018,222,Orange,Juvenile,2321,40,28,14,10.725,2.038,14.374,24.076,EVOS_AOF1_2319-2323_222_3/19/2025_Juvenile,,,,,,,,,,,,,,
2,3/12/2025,3/17/2025,3/19/2025,Kodiak,AOF1,57.65784,-152.42018,222,Orange,Juvenile,2322,43,22,13,10.782,1.933,14.374,24.076,EVOS_AOF1_2319-2323_222_3/19/2025_Juvenile,,,,,,,,,,,,,,
2,3/12/2025,3/17/2025,3/19/2025,Kodiak,AOF1,57.65784,-152.42018,222,Orange,Juvenile,2323,38,24,14,9.086,1.691,14.374,24.076,EVOS_AOF1_2319-2323_222_3/19/2025_Juvenile,,,,,,,,,,,,,,
2,3/17/2025,3/20/2025,3/21/2025,KBY,BCF1,59.46783,-151.5184,516,Yellow,Subadult,2324,82,59,25,52.387,10.933,14.343,24.864,EVOS_BCF1_2324_516_3/21/2025_Subadult,Bag 516 had some fouling (barnacles/tunicates). Shell is less crumbly compared to Sept samples.,,,,,,,,,,,,,
2,3/17/2025,3/20/2025,3/21/2025,KBY,BCF1,59.46783,-151.5184,516,Yellow,Subadult,2325,74,60,38,57.528,12.078,14.304,26.075,EVOS_BCF1_2325_516_3/21/2025_Subadult,Falcon tubes for bag 516 may say 3/22/2025 ,,,,,,,,,,,,,
2,3/17/2025,3/20/2025,3/21/2025,KBY,BCF1,59.46783,-151.5184,516,Yellow,Subadult,2326,83,64,26,58.909,13.214,14.398,26.588,EVOS_BCF1_2326_516_3/21/2025_Subadult,,,,,,,,,,,,,,
2,3/17/2025,3/20/2025,3/21/2025,KBY,BCF1,59.46783,-151.5184,516,Yellow,Subadult,2327,80,48,23,48.505,10.459,14.302,23.771,EVOS_BCF1_2327_516_3/21/2025_Subadult,,,,,,,,,,,,,,
2,3/17/2025,3/20/2025,3/21/2025,KBY,BCF1,59.46783,-151.5184,516,Yellow,Subadult,2328,73,50,32,41.347,6.733,,,,,,,,,,,,,,,,,
2,3/17/2025,3/20/2025,3/21/2025,KBY,BCF1,59.46783,-151.5184,516,Yellow,Subadult,2329,82,60,31,55.393,11.715,,,,,,,,,,,,,,,,,
2,3/17/2025,3/20/2025,3/21/2025,KBY,BCF1,59.46783,-151.5184,516,Yellow,Subadult,2330,69,51,34,40.433,7.192,,,,,,,,,,,,,,,,,
2,3/17/2025,3/20/2025,3/21/2025,KBY,BCF1,59.46783,-151.5184,517,Yellow,Subadult,2331,60,60,26,39.645,6.184,14.353,20.241,EVOS_BCF1_2331_517_3/21/2025_Subadult,Bag 517 had some fouling (barnacles/tunicates). Shell is less crumbly compared to Sept samples.,,,,,,,,,,,,,
2,3/17/2025,3/20/2025,3/21/2025,KBY,BCF1,59.46783,-151.5184,517,Yellow,Subadult,2332,76,55,30,53.404,8.073,14.344,22.159,EVOS_BCF1_2332_517_3/21/2025_Subadult,Falcon tubes for bag 517 may say 3/22/2025 ,,,,,,,,,,,,,
2,3/17/2025,3/20/2025,3/21/2025,KBY,BCF1,59.46783,-151.5184,517,Yellow,Subadult,2333,78,43,27,45.88,8.685,14.325,22.616,EVOS_BCF1_2333_517_3/21/2025_Subadult,,,,,,,,,,,,,,
2,3/17/2025,3/20/2025,3/21/2025,KBY,BCF1,59.46783,-151.5184,517,Yellow,Subadult,2334,74,51,27,45.037,7.898,14.316,21.468,EVOS_BCF1_2334_517_3/21/2025_Subadult,,,,,,,,,,,,,,
2,3/17/2025,3/20/2025,3/21/2025,KBY,BCF1,59.46783,-151.5184,517,Yellow,Subadult,2335,92,65,26,54.329,12.787,,,,,,,,,,,,,,,,,
2,3/17/2025,3/20/2025,3/21/2025,KBY,BCF1,59.46783,-151.5184,517,Yellow,Subadult,2336,87,48,22,49.857,9.892,,,,,,,,,,,,,,,,,
2,3/17/2025,3/20/2025,3/21/2025,KBY,BCF1,59.46783,-151.5184,517,Yellow,Subadult,2337,84,56,25,58.736,11.354,,,,,,,,,,,,,,,,,
2,3/17/2025,3/20/2025,3/21/2025,KBY,BCF1,59.46783,-151.5184,518,Yellow,Subadult,2338,97,60,37,97.65,16.064,14.375,29.807,EVOS_BCF1_2338_518_3/21/2025_Subadult,Bag 518 had some fouling (barnacles/tunicates). Shell is less crumbly compared to Sept samples.,,,,,,,,,,,,,
2,3/17/2025,3/20/2025,3/21/2025,KBY,BCF1,59.46783,-151.5184,518,Yellow,Subadult,2339,82,59,40,73.202,14.101,14.293,27.997,EVOS_BCF1_2339_518_3/21/2025_Subadult,Falcon tubes for bag 518 may say 3/22/2025 ,,,,,,,,,,,,,
2,3/17/2025,3/20/2025,3/21/2025,KBY,BCF1,59.46783,-151.5184,518,Yellow,Subadult,2340,68,56,27,42.503,7.124,14.384,21.082,EVOS_BCF1_2340_518_3/21/2025_Subadult,,,,,,,,,,,,,,
2,3/17/2025,3/20/2025,3/21/2025,KBY,BCF1,59.46783,-151.5184,518,Yellow,Subadult,2341,81,57,37,51.739,9.108,14.322,23.124,EVOS_BCF1_2341_518_3/21/2025_Subadult,,,,,,,,,,,,,,
2,3/17/2025,3/20/2025,3/21/2025,KBY,BCF1,59.46783,-151.5184,518,Yellow,Subadult,2342,81,61,30,57.002,10.374,,,,,,,,,,,,,,,,,
2,3/17/2025,3/20/2025,3/21/2025,KBY,BCF1,59.46783,-151.5184,518,Yellow,Subadult,2343,86,60,33,62.415,14.577,,,,,,,,,,,,,,,,,
2,3/17/2025,3/20/2025,3/21/2025,KBY,BCF1,59.46783,-151.5184,518,Yellow,Subadult,2344,70,61,33,59.264,8.854,,,,,,,,,,,,,,,,,
2,3/17/2025,3/20/2025,3/21/2025,KBY,BCF1,59.46783,-151.5184,217,Orange,Juvenile,2345,44,31,19,13.629,1.938,14.364,19.978,EVOS_BCF1_2345-2349_217_3/21/2025_Juvenile,,,,,,,,,,,,,,
2,3/17/2025,3/20/2025,3/21/2025,KBY,BCF1,59.46783,-151.5184,217,Orange,Juvenile,2346,37,28,10,4.922,0.51,14.364,19.978,EVOS_BCF1_2345-2349_217_3/21/2025_Juvenile,,,,,,,,,,,,,,
2,3/17/2025,3/20/2025,3/21/2025,KBY,BCF1,59.46783,-151.5184,217,Orange,Juvenile,2347,56,31,13,10.376,1.073,14.364,19.978,EVOS_BCF1_2345-2349_217_3/21/2025_Juvenile,,,,,,,,,,,,,,
2,3/17/2025,3/20/2025,3/21/2025,KBY,BCF1,59.46783,-151.5184,217,Orange,Juvenile,2348,49,40,15,15.737,1.724,14.364,19.978,EVOS_BCF1_2345-2349_217_3/21/2025_Juvenile,,,,,,,,,,,,,,
2,3/17/2025,3/20/2025,3/21/2025,KBY,BCF1,59.46783,-151.5184,217,Orange,Juvenile,2349,43,30,13,6.425,0.614,14.364,19.978,EVOS_BCF1_2345-2349_217_3/21/2025_Juvenile,,,,,,,,,,,,,,
2,3/17/2025,3/20/2025,3/21/2025,KBY,BCF1,59.46783,-151.5184,217,Orange,Juvenile,2350,57,29,17,11.539,1.416,14.342,19.618,EVOS_BCF1_2350-2354_217_3/21/2025_Juvenile,,,,,,,,,,,,,,
2,3/17/2025,3/20/2025,3/21/2025,KBY,BCF1,59.46783,-151.5184,217,Orange,Juvenile,2351,38,25,10,5.492,0.456,14.342,19.618,EVOS_BCF1_2350-2354_217_3/21/2025_Juvenile,,,,,,,,,,,,,,
2,3/17/2025,3/20/2025,3/21/2025,KBY,BCF1,59.46783,-151.5184,217,Orange,Juvenile,2352,47,25,13,9.671,1.179,14.342,19.618,EVOS_BCF1_2350-2354_217_3/21/2025_Juvenile,,,,,,,,,,,,,,
2,3/17/2025,3/20/2025,3/21/2025,KBY,BCF1,59.46783,-151.5184,217,Orange,Juvenile,2353,29,23,11,3.744,0.308,14.342,19.618,EVOS_BCF1_2350-2354_217_3/21/2025_Juvenile,,,,,,,,,,,,,,
2,3/17/2025,3/20/2025,3/21/2025,KBY,BCF1,59.46783,-151.5184,217,Orange,Juvenile,2354,53,35,16,16.766,2.252,14.342,19.618,EVOS_BCF1_2350-2354_217_3/21/2025_Juvenile,,,,,,,,,,,,,,
2,3/17/2025,3/20/2025,3/21/2025,KBY,BCF1,59.46783,-151.5184,217,Orange,Juvenile,2355,59,39,21,8.386,0.78,14.377,20.258,EVOS_BCF1_2355-2359_217_3/21/2025_Juvenile,,,,,,,,,,,,,,
2,3/17/2025,3/20/2025,3/21/2025,KBY,BCF1,59.46783,-151.5184,217,Orange,Juvenile,2356,38,25,10,5.007,0.577,14.377,20.258,EVOS_BCF1_2355-2359_217_3/21/2025_Juvenile,,,,,,,,,,,,,,
2,3/17/2025,3/20/2025,3/21/2025,KBY,BCF1,59.46783,-151.5184,217,Orange,Juvenile,2357,55,40,15,15.648,1.73,14.377,20.258,EVOS_BCF1_2355-2359_217_3/21/2025_Juvenile,,,,,,,,,,,,,,
2,3/17/2025,3/20/2025,3/21/2025,KBY,BCF1,59.46783,-151.5184,217,Orange,Juvenile,2358,45,26,15,8.291,0.745,14.377,20.258,EVOS_BCF1_2355-2359_217_3/21/2025_Juvenile,,,,,,,,,,,,,,
2,3/17/2025,3/20/2025,3/21/2025,KBY,BCF1,59.46783,-151.5184,217,Orange,Juvenile,2359,45,28,13,21.366,2.68,14.377,20.258,EVOS_BCF1_2355-2359_217_3/21/2025_Juvenile,,,,,,,,,,,,,,
2,3/17/2025,3/20/2025,3/21/2025,KBY,BCF1,59.46783,-151.5184,217,Orange,Juvenile,2360,50,30,15,10.848,1.092,14.396,18.746,EVOS_BCF1_2360-2364_217_3/21/2025_Juvenile,,,,,,,,,,,,,,
2,3/17/2025,3/20/2025,3/21/2025,KBY,BCF1,59.46783,-151.5184,217,Orange,Juvenile,2361,66,28,15,13.409,1.258,14.396,18.746,EVOS_BCF1_2360-2364_217_3/21/2025_Juvenile,,,,,,,,,,,,,,
2,3/17/2025,3/20/2025,3/21/2025,KBY,BCF1,59.46783,-151.5184,217,Orange,Juvenile,2362,55,29,15,11.726,1.201,14.396,18.746,EVOS_BCF1_2360-2364_217_3/21/2025_Juvenile,,,,,,,,,,,,,,
2,3/17/2025,3/20/2025,3/21/2025,KBY,BCF1,59.46783,-151.5184,217,Orange,Juvenile,2363,37,27,11,5.107,0.308,14.396,18.746,EVOS_BCF1_2360-2364_217_3/21/2025_Juvenile,,,,,,,,,,,,,,
2,3/17/2025,3/20/2025,3/21/2025,KBY,BCF1,59.46783,-151.5184,217,Orange,Juvenile,2364,45,29,16,10.545,0.917,14.396,18.746,EVOS_BCF1_2360-2364_217_3/21/2025_Juvenile,,,,,,,,,,,,,,
2,3/17/2025,3/20/2025,3/21/2025,KBY,BCF1,59.46783,-151.5184,218,Orange,Juvenile,2365,63,38,17,24.08,2.66,14.315,23.141,EVOS_BCF1_2365-2369_218_3/21/2025_Juvenile,,,,,,,,,,,,,,
2,3/17/2025,3/20/2025,3/21/2025,KBY,BCF1,59.46783,-151.5184,218,Orange,Juvenile,2366,65,32,15,16.138,1.413,14.315,23.141,EVOS_BCF1_2365-2369_218_3/21/2025_Juvenile,,,,,,,,,,,,,,
2,3/17/2025,3/20/2025,3/21/2025,KBY,BCF1,59.46783,-151.5184,218,Orange,Juvenile,2367,48,32,19,14.848,1.315,14.315,23.141,EVOS_BCF1_2365-2369_218_3/21/2025_Juvenile,,,,,,,,,,,,,,
2,3/17/2025,3/20/2025,3/21/2025,KBY,BCF1,59.46783,-151.5184,218,Orange,Juvenile,2368,51,30,27,22.928,2.822,14.315,23.141,EVOS_BCF1_2365-2369_218_3/21/2025_Juvenile,,,,,,,,,,,,,,
2,3/17/2025,3/20/2025,3/21/2025,KBY,BCF1,59.46783,-151.5184,218,Orange,Juvenile,2369,49,35,14,13.825,1.31,14.315,23.141,EVOS_BCF1_2365-2369_218_3/21/2025_Juvenile,,,,,,,,,,,,,,
2,3/17/2025,3/20/2025,3/21/2025,KBY,BCF1,59.46783,-151.5184,218,Orange,Juvenile,2370,67,31,17,15.224,1.398,14.415,18.92,EVOS_BCF1_2370-2374_218_3/21/2025_Juvenile,,,,,,,,,,,,,,
2,3/17/2025,3/20/2025,3/21/2025,KBY,BCF1,59.46783,-151.5184,218,Orange,Juvenile,2371,46,23,12,5.854,0.571,14.415,18.92,EVOS_BCF1_2370-2374_218_3/21/2025_Juvenile,,,,,,,,,,,,,,
2,3/17/2025,3/20/2025,3/21/2025,KBY,BCF1,59.46783,-151.5184,218,Orange,Juvenile,2372,39,21,13,6.018,0.727,14.415,18.92,EVOS_BCF1_2370-2374_218_3/21/2025_Juvenile,,,,,,,,,,,,,,
2,3/17/2025,3/20/2025,3/21/2025,KBY,BCF1,59.46783,-151.5184,218,Orange,Juvenile,2373,43,30,13,7.497,0.786,14.415,18.92,EVOS_BCF1_2370-2374_218_3/21/2025_Juvenile,,,,,,,,,,,,,,
2,3/17/2025,3/20/2025,3/21/2025,KBY,BCF1,59.46783,-151.5184,218,Orange,Juvenile,2374,58,29,15,12.934,1.525,14.415,18.92,EVOS_BCF1_2370-2374_218_3/21/2025_Juvenile,,,,,,,,,,,,,,
2,3/17/2025,3/20/2025,3/21/2025,KBY,BCF1,59.46783,-151.5184,218,Orange,Juvenile,2375,36,33,11,6.856,0.613,14.389,19.882,EVOS_BCF1_2375-2379_218_3/21/2025_Juvenile,,,,,,,,,,,,,,
2,3/17/2025,3/20/2025,3/21/2025,KBY,BCF1,59.46783,-151.5184,218,Orange,Juvenile,2376,61,48,18,22.318,2.734,14.389,19.882,EVOS_BCF1_2375-2379_218_3/21/2025_Juvenile,,,,,,,,,,,,,,
2,3/17/2025,3/20/2025,3/21/2025,KBY,BCF1,59.46783,-151.5184,218,Orange,Juvenile,2377,44,36,11,7.603,0.855,14.389,19.882,EVOS_BCF1_2375-2379_218_3/21/2025_Juvenile,,,,,,,,,,,,,,
2,3/17/2025,3/20/2025,3/21/2025,KBY,BCF1,59.46783,-151.5184,218,Orange,Juvenile,2378,50,29,19,10.803,0.825,14.389,19.882,EVOS_BCF1_2375-2379_218_3/21/2025_Juvenile,,,,,,,,,,,,,,
2,3/17/2025,3/20/2025,3/21/2025,KBY,BCF1,59.46783,-151.5184,218,Orange,Juvenile,2379,46,31,13,8.395,0.805,14.389,19.882,EVOS_BCF1_2375-2379_218_3/21/2025_Juvenile,,,,,,,,,,,,,,
2,3/17/2025,3/20/2025,3/21/2025,KBY,BCF1,59.46783,-151.5184,218,Orange,Juvenile,2380,64,32,14,11.596,0.954,14.274,20.961,EVOS_BCF1_2380-2384_218_3/21/2025_Juvenile,,,,,,,,,,,,,,
2,3/17/2025,3/20/2025,3/21/2025,KBY,BCF1,59.46783,-151.5184,218,Orange,Juvenile,2381,64,36,15,16.511,1.677,14.274,20.961,EVOS_BCF1_2380-2384_218_3/21/2025_Juvenile,,,,,,,,,,,,,,
2,3/17/2025,3/20/2025,3/21/2025,KBY,BCF1,59.46783,-151.5184,218,Orange,Juvenile,2382,69,37,21,19.567,2.001,14.274,20.961,EVOS_BCF1_2380-2384_218_3/21/2025_Juvenile,,,,,,,,,,,,,,
2,3/17/2025,3/20/2025,3/21/2025,KBY,BCF1,59.46783,-151.5184,218,Orange,Juvenile,2383,55,33,15,13.381,1.291,14.274,20.961,EVOS_BCF1_2380-2384_218_3/21/2025_Juvenile,,,,,,,,,,,,,,
2,3/17/2025,3/20/2025,3/21/2025,KBY,BCF1,59.46783,-151.5184,218,Orange,Juvenile,2384,54,30,18,12.348,1.289,14.274,20.961,EVOS_BCF1_2380-2384_218_3/21/2025_Juvenile,,,,,,,,,,,,,,
2,3/17/2025,3/20/2025,3/21/2025,KBY,BCF1,59.46783,-151.5184,216,Orange,Juvenile,2385,43,40,15,12.428,1.424,14.371,20.023,EVOS_BCF1_2385-2389_216_3/21/2025_Juvenile,,,,,,,,,,,,,,
2,3/17/2025,3/20/2025,3/21/2025,KBY,BCF1,59.46783,-151.5184,216,Orange,Juvenile,2386,51,30,15,12.114,1.211,14.371,20.023,EVOS_BCF1_2385-2389_216_3/21/2025_Juvenile,,,,,,,,,,,,,,
2,3/17/2025,3/20/2025,3/21/2025,KBY,BCF1,59.46783,-151.5184,216,Orange,Juvenile,2387,64,43,19,26.256,2.691,14.371,20.023,EVOS_BCF1_2385-2389_216_3/21/2025_Juvenile,,,,,,,,,,,,,,
2,3/17/2025,3/20/2025,3/21/2025,KBY,BCF1,59.46783,-151.5184,216,Orange,Juvenile,2388,43,23,12,5.799,0.58,14.371,20.023,EVOS_BCF1_2385-2389_216_3/21/2025_Juvenile,,,,,,,,,,,,,,
2,3/17/2025,3/20/2025,3/21/2025,KBY,BCF1,59.46783,-151.5184,216,Orange,Juvenile,2389,35,22,10,3.718,0.347,14.371,20.023,EVOS_BCF1_2385-2389_216_3/21/2025_Juvenile,,,,,,,,,,,,,,
2,3/17/2025,3/20/2025,3/21/2025,KBY,BCF1,59.46783,-151.5184,216,Orange,Juvenile,2390,39,28,11,5.924,0.69,14.362,18.77,EVOS_BCF1_2390-2394_216_3/21/2025_Juvenile,,,,,,,,,,,,,,
2,3/17/2025,3/20/2025,3/21/2025,KBY,BCF1,59.46783,-151.5184,216,Orange,Juvenile,2391,40,26,11,5.46,0.526,14.362,18.77,EVOS_BCF1_2390-2394_216_3/21/2025_Juvenile,,,,,,,,,,,,,,
2,3/17/2025,3/20/2025,3/21/2025,KBY,BCF1,59.46783,-151.5184,216,Orange,Juvenile,2392,53,31,15,14.145,1.047,14.362,18.77,EVOS_BCF1_2390-2394_216_3/21/2025_Juvenile,,,,,,,,,,,,,,
2,3/17/2025,3/20/2025,3/21/2025,KBY,BCF1,59.46783,-151.5184,216,Orange,Juvenile,2393,49,35,19,15.478,1.623,14.362,18.77,EVOS_BCF1_2390-2394_216_3/21/2025_Juvenile,,,,,,,,,,,,,,
2,3/17/2025,3/20/2025,3/21/2025,KBY,BCF1,59.46783,-151.5184,216,Orange,Juvenile,2394,45,32,14,8.298,0.795,14.362,18.77,EVOS_BCF1_2390-2394_216_3/21/2025_Juvenile,,,,,,,,,,,,,,
2,3/17/2025,3/20/2025,3/21/2025,KBY,BCF1,59.46783,-151.5184,216,Orange,Juvenile,2395,46,28,14,9.028,0.882,14.352,18.763,EVOS_BCF1_2395-2398_216_3/21/2025_Juvenile,,,,,,,,,,,,,,
2,3/17/2025,3/20/2025,3/21/2025,KBY,BCF1,59.46783,-151.5184,216,Orange,Juvenile,2396,55,34,15,15.431,1.364,14.352,18.763,EVOS_BCF1_2395-2398_216_3/21/2025_Juvenile,,,,,,,,,,,,,,
2,3/17/2025,3/20/2025,3/21/2025,KBY,BCF1,59.46783,-151.5184,216,Orange,Juvenile,2397,44,25,12,5.608,0.417,14.352,18.763,EVOS_BCF1_2395-2398_216_3/21/2025_Juvenile,,,,,,,,,,,,,,
2,3/17/2025,3/20/2025,3/21/2025,KBY,BCF1,59.46783,-151.5184,216,Orange,Juvenile,2398,53,41,16,18.053,1.963,14.352,18.763,EVOS_BCF1_2395-2398_216_3/21/2025_Juvenile,,,,,,,,,,,,,,
2,3/17/2025,3/20/2025,3/21/2025,KBY,BCF1,59.46783,-151.5184,216,Orange,Juvenile,2399,20,15,6,1.131,Dead,N/A,N/A,,Was dead when we opened it. ,,,,,,,,,,,,,
2,3/17/2025,3/20/2025,3/21/2025,KBY,BCF1,59.46783,-151.5184,216,Orange,Juvenile,2400,42,33,17,11.541,1.029,14.164,19.165,EVOS_BCF1_2400-2404_216_3/21/2025_Juvenile,,,,,,,,,,,,,,
2,3/17/2025,3/20/2025,3/21/2025,KBY,BCF1,59.46783,-151.5184,216,Orange,Juvenile,2401,48,26,12,6.94,0.385,14.164,19.165,EVOS_BCF1_2400-2404_216_3/21/2025_Juvenile,,,,,,,,,,,,,,
2,3/17/2025,3/20/2025,3/21/2025,KBY,BCF1,59.46783,-151.5184,216,Orange,Juvenile,2402,47,37,16,12.727,1.291,14.164,19.165,EVOS_BCF1_2400-2404_216_3/21/2025_Juvenile,,,,,,,,,,,,,,
2,3/17/2025,3/20/2025,3/21/2025,KBY,BCF1,59.46783,-151.5184,216,Orange,Juvenile,2403,52,33,13,9.172,1.098,14.164,19.165,EVOS_BCF1_2400-2404_216_3/21/2025_Juvenile,,,,,,,,,,,,,,
2,3/17/2025,3/20/2025,3/21/2025,KBY,BCF1,59.46783,-151.5184,216,Orange,Juvenile,2404,59,33,13,12.072,1.399,14.164,19.165,EVOS_BCF1_2400-2404_216_3/21/2025_Juvenile,,,,,,,,,,,,,,
2,3/16/2025,3/20/2025,3/21/2025,PWS,SSF1,59.46033,-151.51878,510,Yellow,Subadult,2405,77,39,29,47.668,8.469,14.331,22.13,EVOS_SSF1_2405_510_3/21/2025_Subadult,Bag 510 has some mussels and brittle shells. ,,,,,,,,,,,,,
2,3/16/2025,3/20/2025,3/21/2025,PWS,SSF1,59.46033,-151.51878,510,Yellow,Subadult,2406,85,50,25,54.573,10.81,14.371,24.275,EVOS_SSF1_2406_510_3/21/2025_Subadult,,,,,,,,,,,,,,
2,3/16/2025,3/20/2025,3/21/2025,PWS,SSF1,59.46033,-151.51878,510,Yellow,Subadult,2407,75,56,36,48.486,8.096,14.401,22.059,EVOS_SSF1_2407_510_3/21/2025_Subadult,,,,,,,,,,,,,,
2,3/16/2025,3/20/2025,3/21/2025,PWS,SSF1,59.46033,-151.51878,510,Yellow,Subadult,2408,89,50,26,50.893,7.861,14.304,21.577,EVOS_SSF1_2408_510_3/21/2025_Subadult,,,,,,,,,,,,,,
2,3/16/2025,3/20/2025,3/21/2025,PWS,SSF1,59.46033,-151.51878,510,Yellow,Subadult,2409,57,33,19,18.21,2.241,,,,,,,,,,,,,,,,,
2,3/16/2025,3/20/2025,3/21/2025,PWS,SSF1,59.46033,-151.51878,510,Yellow,Subadult,2410,72,57,23,38.771,5.815,,,,,,,,,,,,,,,,,
2,3/16/2025,3/20/2025,3/21/2025,PWS,SSF1,59.46033,-151.51878,510,Yellow,Subadult,2411,67,39,24,29.46,4.509,,,,,,,,,,,,,,,,,
2,3/16/2025,3/20/2025,3/21/2025,PWS,SSF1,59.46033,-151.51878,511,Yellow,Subadult,2412,80,54,26,35.57,5.421,14.303,19.392,EVOS_SSF1_2412_511_3/21/2025_Subadult,Bag 511 has some mussels and brittle shells. ,,,,,,,,,,,,,
2,3/16/2025,3/20/2025,3/21/2025,PWS,SSF1,59.46033,-151.51878,511,Yellow,Subadult,2413,79,43,27,40.007,6.806,14.354,20.741,EVOS_SSF1_2413_511_3/21/2025_Subadult,,,,,,,,,,,,,,
2,3/16/2025,3/20/2025,3/21/2025,PWS,SSF1,59.46033,-151.51878,511,Yellow,Subadult,2414,82,44,29,45.694,7.442,14.141,21.068,EVOS_SSF1_2414_511_3/21/2025_Subadult,,,,,,,,,,,,,,
2,3/16/2025,3/20/2025,3/21/2025,PWS,SSF1,59.46033,-151.51878,511,Yellow,Subadult,2415,63,37,29,34.47,5.459,14.327,19.666,EVOS_SSF1_2415_511_3/21/2025_Subadult,,,,,,,,,,,,,,
2,3/16/2025,3/20/2025,3/21/2025,PWS,SSF1,59.46033,-151.51878,511,Yellow,Subadult,2416,58,49,25,19.327,2.427,,,,,,,,,,,,,,,,,
2,3/16/2025,3/20/2025,3/21/2025,PWS,SSF1,59.46033,-151.51878,511,Yellow,Subadult,2417,76,51,31,46.561,7.574,,,,,,,,,,,,,,,,,
2,3/16/2025,3/20/2025,3/21/2025,PWS,SSF1,59.46033,-151.51878,511,Yellow,Subadult,2418,80,43,37,43.688,7.175,,,,,,,,,,,,,,,,,
2,3/16/2025,3/20/2025,3/21/2025,PWS,SSF1,59.46033,-151.51878,512,Yellow,Subadult,2419,54,42,20,25.462,4.654,14.163,18.588,EVOS_SSF1_2419_512_3/21/2025_Subadult,Bag 512 has some mussels and brittle shells. ,,,,,,,,,,,,,
2,3/16/2025,3/20/2025,3/21/2025,PWS,SSF1,59.46033,-151.51878,512,Yellow,Subadult,2420,55,49,28,31.193,4.278,14.339,18.38,EVOS_SSF1_2420_512_3/21/2025_Subadult,,,,,,,,,,,,,,
2,3/16/2025,3/20/2025,3/21/2025,PWS,SSF1,59.46033,-151.51878,512,Yellow,Subadult,2421,76,40,25,32.833,5.933,14.302,20.045,EVOS_SSF1_2421_512_3/21/2025_Subadult,,,,,,,,,,,,,,
2,3/16/2025,3/20/2025,3/21/2025,PWS,SSF1,59.46033,-151.51878,512,Yellow,Subadult,2422,70,49,25,34.516,5.523,14.336,19.699,EVOS_SSF1_2422_512_3/21/2025_Subadult,,,,,,,,,,,,,,
2,3/16/2025,3/20/2025,3/21/2025,PWS,SSF1,59.46033,-151.51878,512,Yellow,Subadult,2423,74,40,26,39.882,5.845,,,,,,,,,,,,,,,,,
2,3/16/2025,3/20/2025,3/21/2025,PWS,SSF1,59.46033,-151.51878,512,Yellow,Subadult,2424,73,51,24,40.256,7.01,,,,,,,,,,,,,,,,,
2,3/16/2025,3/20/2025,3/21/2025,PWS,SSF1,59.46033,-151.51878,512,Yellow,Subadult,2425,88,45,25,34.153,4.521,,,,,,,,,,,,,,,,,
2,3/16/2025,3/20/2025,3/21/2025,PWS,SSF1,59.46033,-151.51878,212,Orange,Juvenile,2426,58,31,13,11.582,1.305,14.278,22.039,EVOS_SSF1_2426-2430_212_3/21/2025_Juvenile,,,,,,,,,,,,,,
2,3/16/2025,3/20/2025,3/21/2025,PWS,SSF1,59.46033,-151.51878,212,Orange,Juvenile,2427,50,34,18,15.732,1.79,14.278,22.039,EVOS_SSF1_2426-2430_212_3/21/2025_Juvenile,,,,,,,,,,,,,,
2,3/16/2025,3/20/2025,3/21/2025,PWS,SSF1,59.46033,-151.51878,212,Orange,Juvenile,2428,65,35,18,18.908,2.098,14.278,22.039,EVOS_SSF1_2426-2430_212_3/21/2025_Juvenile,,,,,,,,,,,,,,
2,3/16/2025,3/20/2025,3/21/2025,PWS,SSF1,59.46033,-151.51878,212,Orange,Juvenile,2429,51,35,13,10.241,1.316,14.278,22.039,EVOS_SSF1_2426-2430_212_3/21/2025_Juvenile,,,,,,,,,,,,,,
2,3/16/2025,3/20/2025,3/21/2025,PWS,SSF1,59.46033,-151.51878,212,Orange,Juvenile,2430,48,32,17,13.45,1.606,14.278,22.039,EVOS_SSF1_2426-2430_212_3/21/2025_Juvenile,,,,,,,,,,,,,,
2,3/16/2025,3/20/2025,3/21/2025,PWS,SSF1,59.46033,-151.51878,212,Orange,Juvenile,2431,60,40,14,11.639,1.221,14.349,20.793,EVOS_SSF1_2431-2435_212_3/21/2025_Juvenile,,,,,,,,,,,,,,
2,3/16/2025,3/20/2025,3/21/2025,PWS,SSF1,59.46033,-151.51878,212,Orange,Juvenile,2432,50,32,19,12.937,1.177,14.349,20.793,EVOS_SSF1_2431-2435_212_3/21/2025_Juvenile,,,,,,,,,,,,,,
2,3/16/2025,3/20/2025,3/21/2025,PWS,SSF1,59.46033,-151.51878,212,Orange,Juvenile,2433,39,30,10,4.954,0.637,14.349,20.793,EVOS_SSF1_2431-2435_212_3/21/2025_Juvenile,,,,,,,,,,,,,,
2,3/16/2025,3/20/2025,3/21/2025,PWS,SSF1,59.46033,-151.51878,212,Orange,Juvenile,2434,58,27,17,13.134,1.551,14.349,20.793,EVOS_SSF1_2431-2435_212_3/21/2025_Juvenile,,,,,,,,,,,,,,
2,3/16/2025,3/20/2025,3/21/2025,PWS,SSF1,59.46033,-151.51878,212,Orange,Juvenile,2435,55,35,15,14.841,2.058,14.349,20.793,EVOS_SSF1_2431-2435_212_3/21/2025_Juvenile,,,,,,,,,,,,,,
2,3/16/2025,3/20/2025,3/21/2025,PWS,SSF1,59.46033,-151.51878,212,Orange,Juvenile,2436,56,45,17,19.53,1.969,14.279,21.786,EVOS_SSF1_2436-2440_212_3/21/2025_Juvenile,,,,,,,,,,,,,,
2,3/16/2025,3/20/2025,3/21/2025,PWS,SSF1,59.46033,-151.51878,212,Orange,Juvenile,2437,58,39,15,16.022,2.196,14.279,21.786,EVOS_SSF1_2436-2440_212_3/21/2025_Juvenile,,,,,,,,,,,,,,
2,3/16/2025,3/20/2025,3/21/2025,PWS,SSF1,59.46033,-151.51878,212,Orange,Juvenile,2438,59,34,17,15.644,1.66,14.279,21.786,EVOS_SSF1_2436-2440_212_3/21/2025_Juvenile,,,,,,,,,,,,,,
2,3/16/2025,3/20/2025,3/21/2025,PWS,SSF1,59.46033,-151.51878,212,Orange,Juvenile,2439,53,38,15,12.479,1.159,14.279,21.786,EVOS_SSF1_2436-2440_212_3/21/2025_Juvenile,,,,,,,,,,,,,,
2,3/16/2025,3/20/2025,3/21/2025,PWS,SSF1,59.46033,-151.51878,212,Orange,Juvenile,2440,48,34,14,9.154,0.875,14.279,21.786,EVOS_SSF1_2436-2440_212_3/21/2025_Juvenile,,,,,,,,,,,,,,
2,3/16/2025,3/20/2025,3/21/2025,PWS,SSF1,59.46033,-151.51878,212,Orange,Juvenile,2441,45,36,14,8.11,0.807,14.41,17.625,EVOS_SSF1_2441-2444_212_3/21/2025_Juvenile,,,,,,,,,,,,,,
2,3/16/2025,3/20/2025,3/21/2025,PWS,SSF1,59.46033,-151.51878,212,Orange,Juvenile,2442,42,25,12,6.309,0.648,14.41,17.625,EVOS_SSF1_2441-2444_212_3/21/2025_Juvenile,,,,,,,,,,,,,,
2,3/16/2025,3/20/2025,3/21/2025,PWS,SSF1,59.46033,-151.51878,212,Orange,Juvenile,2443,62,28,15,11.086,1.162,14.41,17.625,EVOS_SSF1_2441-2444_212_3/21/2025_Juvenile,2443 and 2444 were connected (double) but were separated,,,,,,,,,,,,,
2,3/16/2025,3/20/2025,3/21/2025,PWS,SSF1,59.46033,-151.51878,212,Orange,Juvenile,2444,44,25,10,6.241,0.664,14.41,17.625,EVOS_SSF1_2441-2444_212_3/21/2025_Juvenile,2443 and 2444 were connected (double) but were separated,,,,,,,,,,,,,
2,3/16/2025,3/20/2025,3/21/2025,PWS,SSF1,59.46033,-151.51878,212,Orange,Juvenile,2445,N/A,N/A,N/A,N/A,N/A,N/A,N/A,N/A,No 2445 b/c of doubles,,,,,,,,,,,,,
2,3/16/2025,3/20/2025,3/21/2025,PWS,SSF1,59.46033,-151.51878,211,Orange,Juvenile,2446,71,34,15,15.736,1.162,14.313,19.634,EVOS_SSF1_2446-2448 &2450_211_3/21/2025_Juvenile,,,,,,,,,,,,,,
2,3/16/2025,3/20/2025,3/21/2025,PWS,SSF1,59.46033,-151.51878,211,Orange,Juvenile,2447,51,30,12,7.861,0.773,14.313,19.634,EVOS_SSF1_2446-2448 &2450_211_3/21/2025_Juvenile,,,,,,,,,,,,,,
2,3/16/2025,3/20/2025,3/21/2025,PWS,SSF1,59.46033,-151.51878,211,Orange,Juvenile,2448,65,33,21,25.102,2.26,14.313,19.634,EVOS_SSF1_2446-2448 &2450_211_3/21/2025_Juvenile,,,,,,,,,,,,,,
2,3/16/2025,3/20/2025,3/21/2025,PWS,SSF1,59.46033,-151.51878,211,Orange,Juvenile,2449,62,29,16,7.553 (Shell only),N/A,N/A,N/A,,2449 only had shell,,,,,,,,,,,,,
2,3/16/2025,3/20/2025,3/21/2025,PWS,SSF1,59.46033,-151.51878,211,Orange,Juvenile,2450,56,26,16,12.23,1.148,14.313,19.634,EVOS_SSF1_2446-2448 & 2450_211_3/21/2025_Juvenile,,,,,,,,,,,,,,
2,3/16/2025,3/20/2025,3/21/2025,PWS,SSF1,59.46033,-151.51878,211,Orange,Juvenile,2451,69,37,19,11.264,1.396,14.317,24.128,EVOS_SSF1_2451-2455_211_3/21/2025_Juvenile,,,,,,,,,,,,,,
2,3/16/2025,3/20/2025,3/21/2025,PWS,SSF1,59.46033,-151.51878,211,Orange,Juvenile,2452,43,35,15,23.28,2.476,14.317,24.128,EVOS_SSF1_2451-2455_211_3/21/2025_Juvenile,,,,,,,,,,,,,,
2,3/16/2025,3/20/2025,3/21/2025,PWS,SSF1,59.46033,-151.51878,211,Orange,Juvenile,2453,71,39,20,23.06,1.963,14.317,24.128,EVOS_SSF1_2451-2455_211_3/21/2025_Juvenile,,,,,,,,,,,,,,
2,3/16/2025,3/20/2025,3/21/2025,PWS,SSF1,59.46033,-151.51878,211,Orange,Juvenile,2454,82,36,16,27.605,2.978,14.317,24.128,EVOS_SSF1_2451-2455_211_3/21/2025_Juvenile,,,,,,,,,,,,,,
2,3/16/2025,3/20/2025,3/21/2025,PWS,SSF1,59.46033,-151.51878,211,Orange,Juvenile,2455,59,35,22,20.324,1.814,14.317,24.128,EVOS_SSF1_2451-2455_211_3/21/2025_Juvenile,,,,,,,,,,,,,,
2,3/16/2025,3/20/2025,3/21/2025,PWS,SSF1,59.46033,-151.51878,211,Orange,Juvenile,2456,61,32,16,14.651,1.206,14.298,19.887,EVOS_SSF1_2456-2460_211_3/21/2025_Juvenile,,,,,,,,,,,,,,
2,3/16/2025,3/20/2025,3/21/2025,PWS,SSF1,59.46033,-151.51878,211,Orange,Juvenile,2457,61,32,14,13.101,1.174,14.298,19.887,EVOS_SSF1_2456-2460_211_3/21/2025_Juvenile,,,,,,,,,,,,,,
2,3/16/2025,3/20/2025,3/21/2025,PWS,SSF1,59.46033,-151.51878,211,Orange,Juvenile,2458,49,37,21,14.642,1.799,14.298,19.887,EVOS_SSF1_2456-2460_211_3/21/2025_Juvenile,,,,,,,,,,,,,,
2,3/16/2025,3/20/2025,3/21/2025,PWS,SSF1,59.46033,-151.51878,211,Orange,Juvenile,2459,54,26,16,9.694,0.777,14.298,19.887,EVOS_SSF1_2456-2460_211_3/21/2025_Juvenile,,,,,,,,,,,,,,
2,3/16/2025,3/20/2025,3/21/2025,PWS,SSF1,59.46033,-151.51878,211,Orange,Juvenile,2460,46,29,14,10.603,0.939,14.298,19.887,EVOS_SSF1_2456-2460_211_3/21/2025_Juvenile,,,,,,,,,,,,,,
2,3/16/2025,3/20/2025,3/21/2025,PWS,SSF1,59.46033,-151.51878,211,Orange,Juvenile,2461,59,26,17,13.536,1.4,14.353,20.23,EVOS_SSF1_2461-2465_211_3/21/2025_Juvenile,,,,,,,,,,,,,,
2,3/16/2025,3/20/2025,3/21/2025,PWS,SSF1,59.46033,-151.51878,211,Orange,Juvenile,2462,47,29,13,12.551,1.56,14.353,20.23,EVOS_SSF1_2461-2465_211_3/21/2025_Juvenile,,,,,,,,,,,,,,
2,3/16/2025,3/20/2025,3/21/2025,PWS,SSF1,59.46033,-151.51878,211,Orange,Juvenile,2463,51,28,16,12.966,1.406,14.353,20.23,EVOS_SSF1_2461-2465_211_3/21/2025_Juvenile,,,,,,,,,,,,,,
2,3/16/2025,3/20/2025,3/21/2025,PWS,SSF1,59.46033,-151.51878,211,Orange,Juvenile,2464,63,26,17,11.503,1.054,14.353,20.23,EVOS_SSF1_2461-2465_211_3/21/2025_Juvenile,,,,,,,,,,,,,,
2,3/16/2025,3/20/2025,3/21/2025,PWS,SSF1,59.46033,-151.51878,211,Orange,Juvenile,2465,45,29,12,9.06,0.959,14.353,20.23,EVOS_SSF1_2461-2465_211_3/21/2025_Juvenile,,,,,,,,,,,,,,
2,3/16/2025,3/20/2025,3/24/2025,PWS,SSF1,59.46033,-151.51878,210,Orange,Juvenile,2466,62,28,21,15.948,1.721,14.367,20.819,EVOS_SSF1_2466-2470_210_3/24/2025_Juvenile,,,,,,,,,,,,,,
2,3/16/2025,3/20/2025,3/24/2025,PWS,SSF1,59.46033,-151.51878,210,Orange,Juvenile,2467,73,38,18,22.008,2.14,14.367,20.819,EVOS_SSF1_2466-2470_210_3/24/2025_Juvenile,,,,,,,,,,,,,,
2,3/16/2025,3/20/2025,3/24/2025,PWS,SSF1,59.46033,-151.51878,210,Orange,Juvenile,2468,48,25,14,9.153,0.909,14.367,20.819,EVOS_SSF1_2466-2470_210_3/24/2025_Juvenile,,,,,,,,,,,,,,
2,3/16/2025,3/20/2025,3/24/2025,PWS,SSF1,59.46033,-151.51878,210,Orange,Juvenile,2469,61,32,12,13.272,1.1,14.367,20.819,EVOS_SSF1_2466-2470_210_3/24/2025_Juvenile,,,,,,,,,,,,,,
2,3/16/2025,3/20/2025,3/24/2025,PWS,SSF1,59.46033,-151.51878,210,Orange,Juvenile,2470,47,35,13,8.131,0.809,14.367,20.819,EVOS_SSF1_2466-2470_210_3/24/2025_Juvenile,,,,,,,,,,,,,,
2,3/16/2025,3/20/2025,3/24/2025,PWS,SSF1,59.46033,-151.51878,210,Orange,Juvenile,2471,59,29,14,11.335,1.438,14.302,21.967,EVOS_SSF1_2471-2475_210_3/24/2025_Juvenile,,,,,,,,,,,,,,
2,3/16/2025,3/20/2025,3/24/2025,PWS,SSF1,59.46033,-151.51878,210,Orange,Juvenile,2472,62,41,13,14.866,1.456,14.302,21.967,EVOS_SSF1_2471-2475_210_3/24/2025_Juvenile,,,,,,,,,,,,,,
2,3/16/2025,3/20/2025,3/24/2025,PWS,SSF1,59.46033,-151.51878,210,Orange,Juvenile,2473,47,31,13,9.225,1.134,14.302,21.967,EVOS_SSF1_2471-2475_210_3/24/2025_Juvenile,,,,,,,,,,,,,,
2,3/16/2025,3/20/2025,3/24/2025,PWS,SSF1,59.46033,-151.51878,210,Orange,Juvenile,2474,65,32,15,15.504,1.545,14.302,21.967,EVOS_SSF1_2471-2475_210_3/24/2025_Juvenile,,,,,,,,,,,,,,
2,3/16/2025,3/20/2025,3/24/2025,PWS,SSF1,59.46033,-151.51878,210,Orange,Juvenile,2475,58,36,20,16.668,2.291,14.302,21.967,EVOS_SSF1_2471-2475_210_3/24/2025_Juvenile,,,,,,,,,,,,,,
2,3/16/2025,3/20/2025,3/24/2025,PWS,SSF1,59.46033,-151.51878,210,Orange,Juvenile,2476,66,41,18,23.055,2.436,14.331,20.499,EVOS_SSF1_2476-2480_210_3/24/2025_Juvenile,,,,,,,,,,,,,,
2,3/16/2025,3/20/2025,3/24/2025,PWS,SSF1,59.46033,-151.51878,210,Orange,Juvenile,2477,42,30,10,5.553,0.605,14.331,20.499,EVOS_SSF1_2476-2480_210_3/24/2025_Juvenile,,,,,,,,,,,,,,
2,3/16/2025,3/20/2025,3/24/2025,PWS,SSF1,59.46033,-151.51878,210,Orange,Juvenile,2478,49,34,13,11.663,1.071,14.331,20.499,EVOS_SSF1_2476-2480_210_3/24/2025_Juvenile,,,,,,,,,,,,,,
2,3/16/2025,3/20/2025,3/24/2025,PWS,SSF1,59.46033,-151.51878,210,Orange,Juvenile,2479,59,31,16,13.245,1.136,14.331,20.499,EVOS_SSF1_2476-2480_210_3/24/2025_Juvenile,,,,,,,,,,,,,,
2,3/16/2025,3/20/2025,3/24/2025,PWS,SSF1,59.46033,-151.51878,210,Orange,Juvenile,2480,56,31,16,11.69,1.057,14.331,20.499,EVOS_SSF1_2476-2480_210_3/24/2025_Juvenile,,,,,,,,,,,,,,
2,3/16/2025,3/20/2025,3/24/2025,PWS,SSF1,59.46033,-151.51878,210,Orange,Juvenile,2481,47,33,14,9.33,1.177,14.281,19.216,EVOS_SSF1_2481-2485_210_3/24/2025_Juvenile,,,,,,,,,,,,,,
2,3/16/2025,3/20/2025,3/24/2025,PWS,SSF1,59.46033,-151.51878,210,Orange,Juvenile,2482,38,28,13,6.331,0.62,14.281,19.216,EVOS_SSF1_2481-2485_210_3/24/2025_Juvenile,,,,,,,,,,,,,,
2,3/16/2025,3/20/2025,3/24/2025,PWS,SSF1,59.46033,-151.51878,210,Orange,Juvenile,2483,35,27,14,6.78,0.898,14.281,19.216,EVOS_SSF1_2481-2485_210_3/24/2025_Juvenile,,,,,,,,,,,,,,
2,3/16/2025,3/20/2025,3/24/2025,PWS,SSF1,59.46033,-151.51878,210,Orange,Juvenile,2484,46,33,15,11.458,1.423,14.281,19.216,EVOS_SSF1_2481-2485_210_3/24/2025_Juvenile,,,,,,,,,,,,,,
2,3/16/2025,3/20/2025,3/24/2025,PWS,SSF1,59.46033,-151.51878,210,Orange,Juvenile,2485,56,33,14,10.789,0.907,14.281,19.216,EVOS_SSF1_2481-2485_210_3/24/2025_Juvenile,,,,,,,,,,,,,,
2,3/19/2025,3/20/2025,3/24/2025,KBY,MIO1,59.57137,-151.27263,515,Yellow,Subadult,2546,83,39,25,50.555,9.144,14.418,23.484,EVOS_MIO1_2546_515_3/24/2025_Subadult,Bag 515 had some barnacles set,,,,,,,,,,,,,
2,3/19/2025,3/20/2025,3/24/2025,KBY,MIO1,59.57137,-151.27263,515,Yellow,Subadult,2547,81,53,29,53.421,13.634,14.347,27.318,EVOS_MIO1_2547_515_3/24/2025_Subadult,,,,,,,,,,,,,,
2,3/19/2025,3/20/2025,3/24/2025,KBY,MIO1,59.57137,-151.27263,515,Yellow,Subadult,2548,87,70,32,74.1,13.761,14.142,27.362,EVOS_MIO1_2548_515_3/24/2025_Subadult,,,,,,,,,,,,,,
2,3/19/2025,3/20/2025,3/24/2025,KBY,MIO1,59.57137,-151.27263,515,Yellow,Subadult,2549,76,49,26,45.301,9.892,14.371,24.09,EVOS_MIO1_2549_515_3/24/2025_Subadult,,,,,,,,,,,,,,
2,3/19/2025,3/20/2025,3/24/2025,KBY,MIO1,59.57137,-151.27263,515,Yellow,Subadult,2550,83,65,26,71.463,13.924,,,,,,,,,,,,,,,,,
2,3/19/2025,3/20/2025,3/24/2025,KBY,MIO1,59.57137,-151.27263,515,Yellow,Subadult,2551,82,62,25,55.753,9.952,,,,,,,,,,,,,,,,,
2,3/19/2025,3/20/2025,3/24/2025,KBY,MIO1,59.57137,-151.27263,515,Yellow,Subadult,2552,77,53,29,56.668,11.646,,,,,,,,,,,,,,,,,
2,3/19/2025,3/20/2025,3/24/2025,KBY,MIO1,59.57137,-151.27263,513,Yellow,Subadult,2553,91,59,28,61.645,13.641,14.311,27.388,EVOS_MIO1_2553_513_3/24/2025_Subadult,Bag 513 had some barnacles set,,,,,,,,,,,,,
2,3/19/2025,3/20/2025,3/24/2025,KBY,MIO1,59.57137,-151.27263,513,Yellow,Subadult,2554,89,52,31,76.349,14.053,14.365,28.043,EVOS_MIO1_2554_513_3/24/2025_Subadult,,,,,,,,,,,,,,
2,3/19/2025,3/20/2025,3/24/2025,KBY,MIO1,59.57137,-151.27263,513,Yellow,Subadult,2555,68,45,26,42.45,7.979,14.35,22.192,EVOS_MIO1_2555_513_3/24/2025_Subadult,,,,,,,,,,,,,,
2,3/19/2025,3/20/2025,3/24/2025,KBY,MIO1,59.57137,-151.27263,513,Yellow,Subadult,2556,96,58,33,82.43,17.239,14.296,30.959,EVOS_MIO1_2556_513_3/24/2025_Subadult,,,,,,,,,,,,,,
2,3/19/2025,3/20/2025,3/24/2025,KBY,MIO1,59.57137,-151.27263,513,Yellow,Subadult,2557,65,55,27,41.754,9.888,,,,,,,,,,,,,,,,,
2,3/19/2025,3/20/2025,3/24/2025,KBY,MIO1,59.57137,-151.27263,513,Yellow,Subadult,2558,86,60,30,70.11,15.056,,,,,,,,,,,,,,,,,
2,3/19/2025,3/20/2025,3/24/2025,KBY,MIO1,59.57137,-151.27263,513,Yellow,Subadult,2559,105,70,25,78.959,15.002,,,,,,,,,,,,,,,,,
2,3/19/2025,3/20/2025,3/24/2025,KBY,MIO1,59.57137,-151.27263,514,Yellow,Subadult,2560,83,59,35,70.357,14.381,14.299,28.443,EVOS_MIO1_2560_514_3/24/2025_Subadult,Bag 514 had some barnacles set,,,,,,,,,,,,,
2,3/19/2025,3/20/2025,3/24/2025,KBY,MIO1,59.57137,-151.27263,514,Yellow,Subadult,2561,84,56,25,64.783,11.946,14.303,26.072,EVOS_MIO1_2561_514_3/24/2025_Subadult,,,,,,,,,,,,,,
2,3/19/2025,3/20/2025,3/24/2025,KBY,MIO1,59.57137,-151.27263,514,Yellow,Subadult,2562,81,53,28,66.88,13.971,14.167,27.689,EVOS_MIO1_2562_514_3/24/2025_Subadult,,,,,,,,,,,,,,
2,3/19/2025,3/20/2025,3/24/2025,KBY,MIO1,59.57137,-151.27263,514,Yellow,Subadult,2563,90,49,23,66.561,12.562,14.378,26.857,EVOS_MIO1_2563_514_3/24/2025_Subadult,,,,,,,,,,,,,,
2,3/19/2025,3/20/2025,3/24/2025,KBY,MIO1,59.57137,-151.27263,514,Yellow,Subadult,2564,57,39,19,16.928,2.451,,,,,,,,,,,,,,,,,
2,3/19/2025,3/20/2025,3/24/2025,KBY,MIO1,59.57137,-151.27263,514,Yellow,Subadult,2565,102,56,28,75.925,16.165,,,,,,,,,,,,,,,,,
2,3/19/2025,3/20/2025,3/24/2025,KBY,MIO1,59.57137,-151.27263,514,Yellow,Subadult,2566,85,51,30,62.544,14.792,,,,,,,,,,,,,,,,,
2,3/19/2025,3/20/2025,3/24/2025,KBY,MIO1,59.57137,-151.27263,213,Orange,Juvenile,2486,75,42,25,35.942,4.174,14.38,28.848,EVOS_MIO1_2486-2490_213_3/24/2025_Juvenile,,,,,,,,,,,,,,
2,3/19/2025,3/20/2025,3/24/2025,KBY,MIO1,59.57137,-151.27263,213,Orange,Juvenile,2487,65,38,21,19.439,2.759,14.38,28.848,EVOS_MIO1_2486-2490_213_3/24/2025_Juvenile,,,,,,,,,,,,,,
2,3/19/2025,3/20/2025,3/24/2025,KBY,MIO1,59.57137,-151.27263,213,Orange,Juvenile,2488,63,48,20,26.004,2.862,14.38,28.848,EVOS_MIO1_2486-2490_213_3/24/2025_Juvenile,,,,,,,,,,,,,,
2,3/19/2025,3/20/2025,3/24/2025,KBY,MIO1,59.57137,-151.27263,213,Orange,Juvenile,2489,66,42,15,21.082,2.93,14.38,28.848,EVOS_MIO1_2486-2490_213_3/24/2025_Juvenile,,,,,,,,,,,,,,
2,3/19/2025,3/20/2025,3/24/2025,KBY,MIO1,59.57137,-151.27263,213,Orange,Juvenile,2490,63,34,13,18.7,2.118,14.38,28.848,EVOS_MIO1_2486-2490_213_3/24/2025_Juvenile,,,,,,,,,,,,,,
2,3/19/2025,3/20/2025,3/24/2025,KBY,MIO1,59.57137,-151.27263,213,Orange,Juvenile,2491,57,33,12,17.569,1.741,14.337,27.674,EVOS_MIO1_2491-2495_213_3/24/2025_Juvenile,,,,,,,,,,,,,,
2,3/19/2025,3/20/2025,3/24/2025,KBY,MIO1,59.57137,-151.27263,213,Orange,Juvenile,2492,68,41,17,27.252,3.479,14.337,27.674,EVOS_MIO1_2491-2495_213_3/24/2025_Juvenile,,,,,,,,,,,,,,
2,3/19/2025,3/20/2025,3/24/2025,KBY,MIO1,59.57137,-151.27263,213,Orange,Juvenile,2493,76,50,17,33.435,3.286,14.337,27.674,EVOS_MIO1_2491-2495_213_3/24/2025_Juvenile,,,,,,,,,,,,,,
2,3/19/2025,3/20/2025,3/24/2025,KBY,MIO1,59.57137,-151.27263,213,Orange,Juvenile,2494,71,37,19,19.824,2.184,14.337,27.674,EVOS_MIO1_2491-2495_213_3/24/2025_Juvenile,,,,,,,,,,,,,,
2,3/19/2025,3/20/2025,3/24/2025,KBY,MIO1,59.57137,-151.27263,213,Orange,Juvenile,2495,66,39,16,20.796,2.938,14.337,27.674,EVOS_MIO1_2491-2495_213_3/24/2025_Juvenile,,,,,,,,,,,,,,
2,3/19/2025,3/20/2025,3/24/2025,KBY,MIO1,59.57137,-151.27263,213,Orange,Juvenile,2496,51,30,16,13.222,1.393,14.331,26.946,EVOS_MIO1_2496-2500_213_3/24/2025_Juvenile,,,,,,,,,,,,,,
2,3/19/2025,3/20/2025,3/24/2025,KBY,MIO1,59.57137,-151.27263,213,Orange,Juvenile,2497,55,32,14,11.489,1.384,14.331,26.946,EVOS_MIO1_2496-2500_213_3/24/2025_Juvenile,,,,,,,,,,,,,,
2,3/19/2025,3/20/2025,3/24/2025,KBY,MIO1,59.57137,-151.27263,213,Orange,Juvenile,2498,54,38,14,13.078,1.155,14.331,26.946,EVOS_MIO1_2496-2500_213_3/24/2025_Juvenile,,,,,,,,,,,,,,
2,3/19/2025,3/20/2025,3/24/2025,KBY,MIO1,59.57137,-151.27263,213,Orange,Juvenile,2499,71,37,18,19.941,3.772,14.331,26.946,EVOS_MIO1_2496-2500_213_3/24/2025_Juvenile,,,,,,,,,,,,,,
2,3/19/2025,3/20/2025,3/24/2025,KBY,MIO1,59.57137,-151.27263,213,Orange,Juvenile,2500,74,51,22,36.031,5.18,14.331,26.946,EVOS_MIO1_2496-2500_213_3/24/2025_Juvenile,,,,,,,,,,,,,,
2,3/19/2025,3/20/2025,3/24/2025,KBY,MIO1,59.57137,-151.27263,213,Orange,Juvenile,2501,67,42,20,20.046,2.081,14.313,24.609,EVOS_MIO1_2501-2505_213_3/24/2025_Juvenile,,,,,,,,,,,,,,
2,3/19/2025,3/20/2025,3/24/2025,KBY,MIO1,59.57137,-151.27263,213,Orange,Juvenile,2502,61,43,19,26.849,3.02,14.313,24.609,EVOS_MIO1_2501-2505_213_3/24/2025_Juvenile,,,,,,,,,,,,,,
2,3/19/2025,3/20/2025,3/24/2025,KBY,MIO1,59.57137,-151.27263,213,Orange,Juvenile,2503,61,31,13,13.387,1.167,14.313,24.609,EVOS_MIO1_2501-2505_213_3/24/2025_Juvenile,,,,,,,,,,,,,,
2,3/19/2025,3/20/2025,3/24/2025,KBY,MIO1,59.57137,-151.27263,213,Orange,Juvenile,2504,62,49,12,24.15,2.662,14.313,24.609,EVOS_MIO1_2501-2505_213_3/24/2025_Juvenile,,,,,,,,,,,,,,
2,3/19/2025,3/20/2025,3/24/2025,KBY,MIO1,59.57137,-151.27263,213,Orange,Juvenile,2505,46,42,19,15.53,1.701,14.313,24.609,EVOS_MIO1_2501-2505_213_3/24/2025_Juvenile,,,,,,,,,,,,,,
2,3/19/2025,3/20/2025,3/24/2025,KBY,MIO1,59.57137,-151.27263,215,Orange,Juvenile,2506,63,43,13,21.99,2.691,14.317,29.851,EVOS_MIO1_2506-2510_215_3/24/2025_Juvenile,,,,,,,,,,,,,,
2,3/19/2025,3/20/2025,3/24/2025,KBY,MIO1,59.57137,-151.27263,215,Orange,Juvenile,2507,61,41,23,21.096,2.569,14.317,29.851,EVOS_MIO1_2506-2510_215_3/24/2025_Juvenile,,,,,,,,,,,,,,
2,3/19/2025,3/20/2025,3/24/2025,KBY,MIO1,59.57137,-151.27263,215,Orange,Juvenile,2508,71,47,17,34.215,4.594,14.317,29.851,EVOS_MIO1_2506-2510_215_3/24/2025_Juvenile,,,,,,,,,,,,,,
2,3/19/2025,3/20/2025,3/24/2025,KBY,MIO1,59.57137,-151.27263,215,Orange,Juvenile,2509,64,41,19,18.216,1.844,14.317,29.851,EVOS_MIO1_2506-2510_215_3/24/2025_Juvenile,,,,,,,,,,,,,,
2,3/19/2025,3/20/2025,3/24/2025,KBY,MIO1,59.57137,-151.27263,215,Orange,Juvenile,2510,67,45,23,31.712,4.349,14.317,29.851,EVOS_MIO1_2506-2510_215_3/24/2025_Juvenile,,,,,,,,,,,,,,
2,3/19/2025,3/20/2025,3/24/2025,KBY,MIO1,59.57137,-151.27263,215,Orange,Juvenile,2511,62,43,24,27.482,3.167,14.353,31.878,EVOS_MIO1_2511-2515_215_3/24/2025_Juvenile,,,,,,,,,,,,,,
2,3/19/2025,3/20/2025,3/24/2025,KBY,MIO1,59.57137,-151.27263,215,Orange,Juvenile,2512,72,35,20,26.137,3.27,14.353,31.878,EVOS_MIO1_2511-2515_215_3/24/2025_Juvenile,,,,,,,,,,,,,,
2,3/19/2025,3/20/2025,3/24/2025,KBY,MIO1,59.57137,-151.27263,215,Orange,Juvenile,2513,73,46,17,23.612,3.633,14.353,31.878,EVOS_MIO1_2511-2515_215_3/24/2025_Juvenile,,,,,,,,,,,,,,
2,3/19/2025,3/20/2025,3/24/2025,KBY,MIO1,59.57137,-151.27263,215,Orange,Juvenile,2514,66,43,15,21.358,3.636,14.353,31.878,EVOS_MIO1_2511-2515_215_3/24/2025_Juvenile,,,,,,,,,,,,,,
2,3/19/2025,3/20/2025,3/24/2025,KBY,MIO1,59.57137,-151.27263,215,Orange,Juvenile,2515,72,39,26,33.851,4.707,14.353,31.878,EVOS_MIO1_2511-2515_215_3/24/2025_Juvenile,,,,,,,,,,,,,,
2,3/19/2025,3/20/2025,3/24/2025,KBY,MIO1,59.57137,-151.27263,215,Orange,Juvenile,2516,52,37,20,24.381,2.994,14.353,31.243,EVOS_MIO1_2516-2520_215_3/24/2025_Juvenile,,,,,,,,,,,,,,
2,3/19/2025,3/20/2025,3/24/2025,KBY,MIO1,59.57137,-151.27263,215,Orange,Juvenile,2517,60,42,20,23.806,4.102,14.353,31.243,EVOS_MIO1_2516-2520_215_3/24/2025_Juvenile,,,,,,,,,,,,,,
2,3/19/2025,3/20/2025,3/24/2025,KBY,MIO1,59.57137,-151.27263,215,Orange,Juvenile,2518,62,54,19,28.629,4.059,14.353,31.243,EVOS_MIO1_2516-2520_215_3/24/2025_Juvenile,,,,,,,,,,,,,,
2,3/19/2025,3/20/2025,3/24/2025,KBY,MIO1,59.57137,-151.27263,215,Orange,Juvenile,2519,77,47,26,36.24,3.919,14.353,31.243,EVOS_MIO1_2516-2520_215_3/24/2025_Juvenile,,,,,,,,,,,,,,
2,3/19/2025,3/20/2025,3/24/2025,KBY,MIO1,59.57137,-151.27263,215,Orange,Juvenile,2520,61,44,16,20.817,2.376,14.353,31.243,EVOS_MIO1_2516-2520_215_3/24/2025_Juvenile,,,,,,,,,,,,,,
2,3/19/2025,3/20/2025,3/24/2025,KBY,MIO1,59.57137,-151.27263,215,Orange,Juvenile,2521,74,50,15,29.733,4.213,14.174,31.986,EVOS_MIO1_2521-2525_215_3/24/2025_Juvenile,,,,,,,,,,,,,,
2,3/19/2025,3/20/2025,3/24/2025,KBY,MIO1,59.57137,-151.27263,215,Orange,Juvenile,2522,67,42,12,21.439,3.2,14.174,31.986,EVOS_MIO1_2521-2525_215_3/24/2025_Juvenile,,,,,,,,,,,,,,
2,3/19/2025,3/20/2025,3/24/2025,KBY,MIO1,59.57137,-151.27263,215,Orange,Juvenile,2523,72,55,26,30.193,4.767,14.174,31.986,EVOS_MIO1_2521-2525_215_3/24/2025_Juvenile,,,,,,,,,,,,,,
2,3/19/2025,3/20/2025,3/24/2025,KBY,MIO1,59.57137,-151.27263,215,Orange,Juvenile,2524,55,47,20,23.296,2.468,14.174,31.986,EVOS_MIO1_2521-2525_215_3/24/2025_Juvenile,,,,,,,,,,,,,,
2,3/19/2025,3/20/2025,3/24/2025,KBY,MIO1,59.57137,-151.27263,215,Orange,Juvenile,2525,72,41,19,28.228,3.703,14.174,31.986,EVOS_MIO1_2521-2525_215_3/24/2025_Juvenile,,,,,,,,,,,,,,
2,3/19/2025,3/20/2025,3/24/2025,KBY,MIO1,59.57137,-151.27263,214,Orange,Juvenile,2526,64,43,21,28.879,4.217,14.374,30.6,EVOS_MIO1_2526-2530_214_3/24/2025_Juvenile,,,,,,,,,,,,,,
2,3/19/2025,3/20/2025,3/24/2025,KBY,MIO1,59.57137,-151.27263,214,Orange,Juvenile,2527,63,35,27,22.909,2.565,14.374,30.6,EVOS_MIO1_2526-2530_214_3/24/2025_Juvenile,,,,,,,,,,,,,,
2,3/19/2025,3/20/2025,3/24/2025,KBY,MIO1,59.57137,-151.27263,214,Orange,Juvenile,2528,80,38,21,34.541,3.423,14.374,30.6,EVOS_MIO1_2526-2530_214_3/24/2025_Juvenile,,,,,,,,,,,,,,
2,3/19/2025,3/20/2025,3/24/2025,KBY,MIO1,59.57137,-151.27263,214,Orange,Juvenile,2529,68,36,21,26.502,3.016,14.374,30.6,EVOS_MIO1_2526-2530_214_3/24/2025_Juvenile,,,,,,,,,,,,,,
2,3/19/2025,3/20/2025,3/24/2025,KBY,MIO1,59.57137,-151.27263,214,Orange,Juvenile,2530,72,36,24,22.494,3.627,14.374,30.6,EVOS_MIO1_2526-2530_214_3/24/2025_Juvenile,,,,,,,,,,,,,,
2,3/19/2025,3/20/2025,3/24/2025,KBY,MIO1,59.57137,-151.27263,214,Orange,Juvenile,2531,57,37,17,22.667,2.478,14.331,23.845,EVOS_MIO1_2531-2535_214_3/24/2025_Juvenile,,,,,,,,,,,,,,
2,3/19/2025,3/20/2025,3/24/2025,KBY,MIO1,59.57137,-151.27263,214,Orange,Juvenile,2532,66,31,20,17.707,2.284,14.331,23.845,EVOS_MIO1_2531-2535_214_3/24/2025_Juvenile,,,,,,,,,,,,,,
2,3/19/2025,3/20/2025,3/24/2025,KBY,MIO1,59.57137,-151.27263,214,Orange,Juvenile,2533,39,27,16,7.312,0.846,14.331,23.845,EVOS_MIO1_2531-2535_214_3/24/2025_Juvenile,,,,,,,,,,,,,,
2,3/19/2025,3/20/2025,3/24/2025,KBY,MIO1,59.57137,-151.27263,214,Orange,Juvenile,2534,55,24,16,13.35,1.492,14.331,23.845,EVOS_MIO1_2531-2535_214_3/24/2025_Juvenile,,,,,,,,,,,,,,
2,3/19/2025,3/20/2025,3/24/2025,KBY,MIO1,59.57137,-151.27263,214,Orange,Juvenile,2535,66,39,21,24.02,2.804,14.331,23.845,EVOS_MIO1_2531-2535_214_3/24/2025_Juvenile,,,,,,,,,,,,,,
2,3/19/2025,3/20/2025,3/24/2025,KBY,MIO1,59.57137,-151.27263,214,Orange,Juvenile,2536,57,39,17,14.303,1.922,14.388,27.334,EVOS_MIO1_2536-2540_214_3/24/2025_Juvenile,,,,,,,,,,,,,,
2,3/19/2025,3/20/2025,3/24/2025,KBY,MIO1,59.57137,-151.27263,214,Orange,Juvenile,2537,50,35,28,13.917,1.735,14.388,27.334,EVOS_MIO1_2536-2540_214_3/24/2025_Juvenile,,,,,,,,,,,,,,
2,3/19/2025,3/20/2025,3/24/2025,KBY,MIO1,59.57137,-151.27263,214,Orange,Juvenile,2538,57,41,17,19.612,3.395,14.388,27.334,EVOS_MIO1_2536-2540_214_3/24/2025_Juvenile,,,,,,,,,,,,,,
2,3/19/2025,3/20/2025,3/24/2025,KBY,MIO1,59.57137,-151.27263,214,Orange,Juvenile,2539,67,39,20,24.846,3.733,14.388,27.334,EVOS_MIO1_2536-2540_214_3/24/2025_Juvenile,,,,,,,,,,,,,,
2,3/19/2025,3/20/2025,3/24/2025,KBY,MIO1,59.57137,-151.27263,214,Orange,Juvenile,2540,65,35,19,24.258,2.601,14.388,27.334,EVOS_MIO1_2536-2540_214_3/24/2025_Juvenile,,,,,,,,,,,,,,
2,3/19/2025,3/20/2025,3/24/2025,KBY,MIO1,59.57137,-151.27263,214,Orange,Juvenile,2541,56,41,25,25.674,2.61,14.299,28.567,EVOS_MIO1_2541-2545_214_3/24/2025_Juvenile,,,,,,,,,,,,,,
2,3/19/2025,3/20/2025,3/24/2025,KBY,MIO1,59.57137,-151.27263,214,Orange,Juvenile,2542,68,39,26,33.583,4.73,14.299,28.567,EVOS_MIO1_2541-2545_214_3/24/2025_Juvenile,,,,,,,,,,,,,,
2,3/19/2025,3/20/2025,3/24/2025,KBY,MIO1,59.57137,-151.27263,214,Orange,Juvenile,2543,55,39,20,18.7,2.127,14.299,28.567,EVOS_MIO1_2541-2545_214_3/24/2025_Juvenile,,,,,,,,,,,,,,
2,3/19/2025,3/20/2025,3/24/2025,KBY,MIO1,59.57137,-151.27263,214,Orange,Juvenile,2544,57,39,16,20.515,2.228,14.299,28.567,EVOS_MIO1_2541-2545_214_3/24/2025_Juvenile,,,,,,,,,,,,,,
2,3/19/2025,3/20/2025,3/24/2025,KBY,MIO1,59.57137,-151.27263,214,Orange,Juvenile,2545,60,36,24,27.214,3.04,14.299,28.567,EVOS_MIO1_2541-2545_214_3/24/2025_Juvenile,,,,,,,,,,,,,,
2,4/9/2025,4/10/2025,4/11/2025,Kodiak,KOB1,57.53318,-154.02696,525,Yellow,Subadult,2567,56,32,25,30.128,7.268,14.288,21.345,EVOS_KOB1_2567_525_4/11/2025_Subadult,Ispopods. Bag 525 and 526 didn't get transported to -80C until 3 days later,,,,,,,,,,,,,
2,4/9/2025,4/10/2025,4/11/2025,Kodiak,KOB1,57.53318,-154.02696,525,Yellow,Subadult,2568,53,32,21,25.047,5.962,14.342,20.197,EVOS_KOB1_2568_525_4/11/2025_Subadult,,,,,,,,,,,,,,
2,4/9/2025,4/10/2025,4/11/2025,Kodiak,KOB1,57.53318,-154.02696,525,Yellow,Subadult,2569,58,30,26,30.561,6.62,14.348,20.806,EVOS_KOB1_2569_525_4/11/2025_Subadult,,,,,,,,,,,,,,
2,4/9/2025,4/10/2025,4/11/2025,Kodiak,KOB1,57.53318,-154.02696,525,Yellow,Subadult,2570,48,32,22,22.178,4.418,14.36,18.629,EVOS_KOB1_2570_525_4/11/2025_Subadult,,,,,,,,,,,,,,
2,4/9/2025,4/10/2025,4/11/2025,Kodiak,KOB1,57.53318,-154.02696,525,Yellow,Subadult,2571,46,33,25,25.095,6.86,,,,,,,,,,,,,,,,,
2,4/9/2025,4/10/2025,4/11/2025,Kodiak,KOB1,57.53318,-154.02696,525,Yellow,Subadult,2572,60,31,20,26.226,6.353,,,,,,,,,,,,,,,,,
2,4/9/2025,4/10/2025,4/11/2025,Kodiak,KOB1,57.53318,-154.02696,525,Yellow,Subadult,2573,43,29,20,16.346,3.796,,,,,,,,,,,,,,,,,
2,4/9/2025,4/10/2025,4/11/2025,Kodiak,KOB1,57.53318,-154.02696,526,Yellow,Subadult,2574,68,41,23,39.379,9.729,14.338,23.704,EVOS_KOB1_2574_526_4/11/2025_Subadult,Lots of ispopods and barnacles. Milky. Bag 525 and 526 didn't get transported to -80C until 3 days later,,,,,,,,,,,,,
2,4/9/2025,4/10/2025,4/11/2025,Kodiak,KOB1,57.53318,-154.02696,526,Yellow,Subadult,2575,65,35,24,41.055,7.605,14.3,21.728,EVOS_KOB1_2575_526_4/11/2025_Subadult,,,,,,,,,,,,,,
2,4/9/2025,4/10/2025,4/11/2025,Kodiak,KOB1,57.53318,-154.02696,526,Yellow,Subadult,2576,56,31,30,35.596,8.286,14.322,22.315,EVOS_KOB1_2576_526_4/11/2025_Subadult,,,,,,,,,,,,,,
2,4/9/2025,4/10/2025,4/11/2025,Kodiak,KOB1,57.53318,-154.02696,526,Yellow,Subadult,2577,42,30,18,16.166,4.474,14.367,18.727,EVOS_KOB1_2577_526_4/11/2025_Subadult,,,,,,,,,,,,,,
2,4/9/2025,4/10/2025,4/11/2025,Kodiak,KOB1,57.53318,-154.02696,526,Yellow,Subadult,2578,71,42,26,40.654,8.902,,,,,,,,,,,,,,,,,
2,4/9/2025,4/10/2025,4/11/2025,Kodiak,KOB1,57.53318,-154.02696,526,Yellow,Subadult,2579,68,38,24,36.856,8.748,,,,,,,,,,,,,,,,,
2,4/9/2025,4/10/2025,4/11/2025,Kodiak,KOB1,57.53318,-154.02696,526,Yellow,Subadult,2580,58,38,28,32.889,5.351,,,,,,,,,,,,,,,,,
2,4/9/2025,4/10/2025,4/14/2025,Kodiak,KOB1,57.53318,-154.02696,527,Yellow,Subadult,2581,58,32,19,26.339,6.871,14.163,20.774,EVOS_KOB1_2581_527_4/14/2025_Subadult,,,,,,,,,,,,,,
2,4/9/2025,4/10/2025,4/14/2025,Kodiak,KOB1,57.53318,-154.02696,527,Yellow,Subadult,2582,61,32,25,30.701,6.865,14.491,20.931,EVOS_KOB1_2582_527_4/14/2025_Subadult,,,,,,,,,,,,,,
2,4/9/2025,4/10/2025,4/14/2025,Kodiak,KOB1,57.53318,-154.02696,527,Yellow,Subadult,2583,52,32,23,30.678,6.985,14.356,20.76,EVOS_KOB1_2583_527_4/14/2025_Subadult,,,,,,,,,,,,,,
2,4/9/2025,4/10/2025,4/14/2025,Kodiak,KOB1,57.53318,-154.02696,527,Yellow,Subadult,2584,42,28,20,24.225,3.108,14.411,17.496,EVOS_KOB1_2584_527_4/14/2025_Subadult,,,,,,,,,,,,,,
2,4/9/2025,4/10/2025,4/14/2025,Kodiak,KOB1,57.53318,-154.02696,527,Yellow,Subadult,2585,60,34,20,15.533,6.284,,,,,,,,,,,,,,,,,
2,4/9/2025,4/10/2025,4/14/2025,Kodiak,KOB1,57.53318,-154.02696,527,Yellow,Subadult,2586,58,30,27,32.577,6.516,,,,,,,,,,,,,,,,,
2,4/9/2025,4/10/2025,4/14/2025,Kodiak,KOB1,57.53318,-154.02696,527,Yellow,Subadult,2587,39,29,16,17.86,3.895,,,,,,,,,,,,,,,,,
2,4/9/2025,4/10/2025,4/15/2025,Kodiak,KOB1,57.53318,-154.02696,227,Orange,Juvenile,2588,27,19,13,NA,0.777,14.335,19.496,EVOS_KOB1_2588-2592_227_4/15/2025_Juvenile,Bag 227 had isopods and whole weights were not taken. Overall size seemed smaller than the other bags.  Looked overtumbled and had sponge growth on growing edge. ,,,,,,,,,,,,,
2,4/9/2025,4/10/2025,4/15/2025,Kodiak,KOB1,57.53318,-154.02696,227,Orange,Juvenile,2589,30,20,11,NA,0.932,14.335,19.496,EVOS_KOB1_2588-2592_227_4/15/2025_Juvenile,,,,,,,,,,,,,,
2,4/9/2025,4/10/2025,4/15/2025,Kodiak,KOB1,57.53318,-154.02696,227,Orange,Juvenile,2590,29,22,14,NA,1.434,14.335,19.496,EVOS_KOB1_2588-2592_227_4/15/2025_Juvenile,,,,,,,,,,,,,,
2,4/9/2025,4/10/2025,4/15/2025,Kodiak,KOB1,57.53318,-154.02696,227,Orange,Juvenile,2591,28,22,14,NA,1.474,14.335,19.496,EVOS_KOB1_2588-2592_227_4/15/2025_Juvenile,,,,,,,,,,,,,,
2,4/9/2025,4/10/2025,4/15/2025,Kodiak,KOB1,57.53318,-154.02696,227,Orange,Juvenile,2592,26,17,12,NA,0.758,14.335,19.496,EVOS_KOB1_2588-2592_227_4/15/2025_Juvenile,,,,,,,,,,,,,,
2,4/9/2025,4/10/2025,4/15/2025,Kodiak,KOB1,57.53318,-154.02696,227,Orange,Juvenile,2593,32,20,14,NA,1.311,14.298,19.632,EVOS_KOB1_2593-2597_227_4/15/2025_Juvenile,,,,,,,,,,,,,,
2,4/9/2025,4/10/2025,4/15/2025,Kodiak,KOB1,57.53318,-154.02696,227,Orange,Juvenile,2594,30,25,15,NA,1.27,14.298,19.632,EVOS_KOB1_2593-2597_227_4/15/2025_Juvenile,,,,,,,,,,,,,,
2,4/9/2025,4/10/2025,4/15/2025,Kodiak,KOB1,57.53318,-154.02696,227,Orange,Juvenile,2595,26,23,13,NA,1.103,14.298,19.632,EVOS_KOB1_2593-2597_227_4/15/2025_Juvenile,,,,,,,,,,,,,,
2,4/9/2025,4/10/2025,4/15/2025,Kodiak,KOB1,57.53318,-154.02696,227,Orange,Juvenile,2596,28,18,10,NA,0.809,14.298,19.632,EVOS_KOB1_2593-2597_227_4/15/2025_Juvenile,,,,,,,,,,,,,,
2,4/9/2025,4/10/2025,4/15/2025,Kodiak,KOB1,57.53318,-154.02696,227,Orange,Juvenile,2597,34,20,10,NA,1.111,14.298,19.632,EVOS_KOB1_2593-2597_227_4/15/2025_Juvenile,,,,,,,,,,,,,,
2,4/9/2025,4/10/2025,4/15/2025,Kodiak,KOB1,57.53318,-154.02696,227,Orange,Juvenile,2598,29,20,15,NA,1.242,14.318,20.462,EVOS_KOB1_2598-2602_227_4/15/2025_Juvenile,,,,,,,,,,,,,,
2,4/9/2025,4/10/2025,4/15/2025,Kodiak,KOB1,57.53318,-154.02696,227,Orange,Juvenile,2599,29,24,13,NA,1.523,14.318,20.462,EVOS_KOB1_2598-2602_227_4/15/2025_Juvenile,,,,,,,,,,,,,,
2,4/9/2025,4/10/2025,4/15/2025,Kodiak,KOB1,57.53318,-154.02696,227,Orange,Juvenile,2600,24,20,12,NA,0.703,14.318,20.462,EVOS_KOB1_2598-2602_227_4/15/2025_Juvenile,,,,,,,,,,,,,,
2,4/9/2025,4/10/2025,4/15/2025,Kodiak,KOB1,57.53318,-154.02696,227,Orange,Juvenile,2601,34,22,14,NA,1.411,14.318,20.462,EVOS_KOB1_2598-2602_227_4/15/2025_Juvenile,,,,,,,,,,,,,,
2,4/9/2025,4/10/2025,4/15/2025,Kodiak,KOB1,57.53318,-154.02696,227,Orange,Juvenile,2602,31,20,13,NA,1.53,14.318,20.462,EVOS_KOB1_2598-2602_227_4/15/2025_Juvenile,,,,,,,,,,,,,,
2,4/9/2025,4/10/2025,4/15/2025,Kodiak,KOB1,57.53318,-154.02696,227,Orange,Juvenile,2603,30,21,13,NA,1.009,14.391,18.198,EVOS_KOB1_2603-2607_227_4/15/2025_Juvenile,,,,,,,,,,,,,,
2,4/9/2025,4/10/2025,4/15/2025,Kodiak,KOB1,57.53318,-154.02696,227,Orange,Juvenile,2604,21,18,10,NA,0.555,14.391,18.198,EVOS_KOB1_2603-2607_227_4/15/2025_Juvenile,,,,,,,,,,,,,,
2,4/9/2025,4/10/2025,4/15/2025,Kodiak,KOB1,57.53318,-154.02696,227,Orange,Juvenile,2605,26,17,12,NA,0.844,14.391,18.198,EVOS_KOB1_2603-2607_227_4/15/2025_Juvenile,,,,,,,,,,,,,,
2,4/9/2025,4/10/2025,4/15/2025,Kodiak,KOB1,57.53318,-154.02696,227,Orange,Juvenile,2606,30,17,13,NA,0.651,14.391,18.198,EVOS_KOB1_2603-2607_227_4/15/2025_Juvenile,,,,,,,,,,,,,,
2,4/9/2025,4/10/2025,4/15/2025,Kodiak,KOB1,57.53318,-154.02696,227,Orange,Juvenile,2607,34,18,12,NA,0.997,14.391,18.198,EVOS_KOB1_2603-2607_227_4/15/2025_Juvenile,,,,,,,,,,,,,,
2,4/9/2025,4/10/2025,4/15/2025,Kodiak,KOB1,57.53318,-154.02696,225,Orange,Juvenile,2608,32,19,14,6.325,1.254,14.31,20.823,EVOS_KOB1_2608-2612_225_4/15/2025_Juvenile,Bag 225 only had 15 oysters sent and 1 was a double so only 14 oysters were sampled. Isopods. ,,,,,,,,,,,,,
2,4/9/2025,4/10/2025,4/15/2025,Kodiak,KOB1,57.53318,-154.02696,225,Orange,Juvenile,2609,33,20,15,7.962,1.668,14.31,20.823,EVOS_KOB1_2608-2612_225_4/15/2025_Juvenile,,,,,,,,,,,,,,
2,4/9/2025,4/10/2025,4/15/2025,Kodiak,KOB1,57.53318,-154.02696,225,Orange,Juvenile,2610,32,23,14,6.718,1.252,14.31,20.823,EVOS_KOB1_2608-2612_225_4/15/2025_Juvenile,,,,,,,,,,,,,,
2,4/9/2025,4/10/2025,4/15/2025,Kodiak,KOB1,57.53318,-154.02696,225,Orange,Juvenile,2611,30,18,15,6.579,1.556,14.31,20.823,EVOS_KOB1_2608-2612_225_4/15/2025_Juvenile,,,,,,,,,,,,,,
2,4/9/2025,4/10/2025,4/15/2025,Kodiak,KOB1,57.53318,-154.02696,225,Orange,Juvenile,2612,27,22,12,5.797,1.085,14.31,20.823,EVOS_KOB1_2608-2612_225_4/15/2025_Juvenile,,,,,,,,,,,,,,
2,4/9/2025,4/10/2025,4/15/2025,Kodiak,KOB1,57.53318,-154.02696,225,Orange,Juvenile,2613,30,19,13,5.521,1.014,14.347,23.001,EVOS_KOB1_2613-2617_225_4/15/2025_Juvenile,,,,,,,,,,,,,,
2,4/9/2025,4/10/2025,4/15/2025,Kodiak,KOB1,57.53318,-154.02696,225,Orange,Juvenile,2614,39,23,17,10.573,2.149,14.347,23.001,EVOS_KOB1_2613-2617_225_4/15/2025_Juvenile,,,,,,,,,,,,,,
2,4/9/2025,4/10/2025,4/15/2025,Kodiak,KOB1,57.53318,-154.02696,225,Orange,Juvenile,2615,33,21,13,6.851,1.518,14.347,23.001,EVOS_KOB1_2613-2617_225_4/15/2025_Juvenile,,,,,,,,,,,,,,
2,4/9/2025,4/10/2025,4/15/2025,Kodiak,KOB1,57.53318,-154.02696,225,Orange,Juvenile,2616,36,26,16,9.884,2.354,14.347,23.001,EVOS_KOB1_2613-2617_225_4/15/2025_Juvenile,,,,,,,,,,,,,,
2,4/9/2025,4/10/2025,4/15/2025,Kodiak,KOB1,57.53318,-154.02696,225,Orange,Juvenile,2617,38,24,15,9.801,1.964,14.347,23.001,EVOS_KOB1_2613-2617_225_4/15/2025_Juvenile,,,,,,,,,,,,,,
2,4/9/2025,4/10/2025,4/15/2025,Kodiak,KOB1,57.53318,-154.02696,225,Orange,Juvenile,2618,30,21,14,6.174,1.302,14.305,20.505,EVOS_KOB1_2618-2621_225_4/15/2025_Juvenile,Only 4 oysters in this falcon tube,,,,,,,,,,,,,
2,4/9/2025,4/10/2025,4/15/2025,Kodiak,KOB1,57.53318,-154.02696,225,Orange,Juvenile,2619,42,25,14,9.842,1.864,14.305,20.505,EVOS_KOB1_2618-2621_225_4/15/2025_Juvenile,Only 4 oysters in this falcon tube,,,,,,,,,,,,,
2,4/9/2025,4/10/2025,4/15/2025,Kodiak,KOB1,57.53318,-154.02696,225,Orange,Juvenile,2620,33,21,12,6.713,1.377,14.305,20.505,EVOS_KOB1_2618-2621_225_4/15/2025_Juvenile,Only 4 oysters in this falcon tube,,,,,,,,,,,,,
2,4/9/2025,4/10/2025,4/15/2025,Kodiak,KOB1,57.53318,-154.02696,225,Orange,Juvenile,2621,37,26,15,8.965,1.897,14.305,20.505,EVOS_KOB1_2618-2621_225_4/15/2025_Juvenile,Only 4 oysters in this falcon tube,,,,,,,,,,,,,
2,4/9/2025,4/10/2025,4/15/2025,Kodiak,KOB1,57.53318,-154.02696,226,Orange,Juvenile,2622,54,31,16,16.154,3.051,14.421,28.493,EVOS_KOB1_2622-2626_226_4/15/2025_Juvenile,Bag 226 had some sponge growth,,,,,,,,,,,,,
2,4/9/2025,4/10/2025,4/15/2025,Kodiak,KOB1,57.53318,-154.02696,226,Orange,Juvenile,2623,54,32,17,20.979,3.221,14.421,28.493,EVOS_KOB1_2622-2626_226_4/15/2025_Juvenile,,,,,,,,,,,,,,
2,4/9/2025,4/10/2025,4/15/2025,Kodiak,KOB1,57.53318,-154.02696,226,Orange,Juvenile,2624,57,31,14,17.488,3.546,14.421,28.493,EVOS_KOB1_2622-2626_226_4/15/2025_Juvenile,,,,,,,,,,,,,,
2,4/9/2025,4/10/2025,4/15/2025,Kodiak,KOB1,57.53318,-154.02696,226,Orange,Juvenile,2625,50,29,13,13.175,2.062,14.421,28.493,EVOS_KOB1_2622-2626_226_4/15/2025_Juvenile,,,,,,,,,,,,,,
2,4/9/2025,4/10/2025,4/15/2025,Kodiak,KOB1,57.53318,-154.02696,226,Orange,Juvenile,2626,48,32,16,14.378,2.7,14.421,28.493,EVOS_KOB1_2622-2626_226_4/15/2025_Juvenile,,,,,,,,,,,,,,
2,4/9/2025,4/10/2025,4/15/2025,Kodiak,KOB1,57.53318,-154.02696,226,Orange,Juvenile,2627,43,30,17,12.89,2.242,14.179,26.415,EVOS_KOB1_2627-2631_226_4/15/2025_Juvenile,,,,,,,,,,,,,,
2,4/9/2025,4/10/2025,4/15/2025,Kodiak,KOB1,57.53318,-154.02696,226,Orange,Juvenile,2628,48,32,13,12.909,2.202,14.179,26.415,EVOS_KOB1_2627-2631_226_4/15/2025_Juvenile,,,,,,,,,,,,,,
2,4/9/2025,4/10/2025,4/15/2025,Kodiak,KOB1,57.53318,-154.02696,226,Orange,Juvenile,2629,36,23,14,7.479,1.415,14.179,26.145,EVOS_KOB1_2627-2631_226_4/15/2025_Juvenile,,,,,,,,,,,,,,
2,4/9/2025,4/10/2025,4/15/2025,Kodiak,KOB1,57.53318,-154.02696,226,Orange,Juvenile,2630,51,30,16,13.828,2.493,14.179,26.145,EVOS_KOB1_2627-2631_226_4/15/2025_Juvenile,,,,,,,,,,,,,,
2,4/9/2025,4/10/2025,4/15/2025,Kodiak,KOB1,57.53318,-154.02696,226,Orange,Juvenile,2631,60,38,19,23.711,4.258,14.179,26.145,EVOS_KOB1_2627-2631_226_4/15/2025_Juvenile,,,,,,,,,,,,,,
2,4/9/2025,4/10/2025,4/15/2025,Kodiak,KOB1,57.53318,-154.02696,226,Orange,Juvenile,2632,43,28,15,10.674,1.959,14.374,25.574,EVOS_KOB1_2632-2636_226_4/15/2025_Juvenile,,,,,,,,,,,,,,
2,4/9/2025,4/10/2025,4/15/2025,Kodiak,KOB1,57.53318,-154.02696,226,Orange,Juvenile,2633,49,33,13,12.444,2.402,14.374,25.574,EVOS_KOB1_2632-2636_226_4/15/2025_Juvenile,,,,,,,,,,,,,,
2,4/9/2025,4/10/2025,4/15/2025,Kodiak,KOB1,57.53318,-154.02696,226,Orange,Juvenile,2634,49,34,16,16.075,3.156,14.374,25.574,EVOS_KOB1_2632-2636_226_4/15/2025_Juvenile,,,,,,,,,,,,,,
2,4/9/2025,4/10/2025,4/15/2025,Kodiak,KOB1,57.53318,-154.02696,226,Orange,Juvenile,2635,35,25,15,8.907,1.808,14.374,25.574,EVOS_KOB1_2632-2636_226_4/15/2025_Juvenile,,,,,,,,,,,,,,
2,4/9/2025,4/10/2025,4/15/2025,Kodiak,KOB1,57.53318,-154.02696,226,Orange,Juvenile,2636,41,30,16,12.179,2.218,14.374,25.574,EVOS_KOB1_2632-2636_226_4/15/2025_Juvenile,,,,,,,,,,,,,,
2,4/9/2025,4/10/2025,4/15/2025,Kodiak,KOB1,57.53318,-154.02696,226,Orange,Juvenile,2637,43,31,13,12.474,1.999,14.302,26.574,EVOS_KOB1_2637-2641_226_4/15/2025_Juvenile,,,,,,,,,,,,,,
2,4/9/2025,4/10/2025,4/15/2025,Kodiak,KOB1,57.53318,-154.02696,226,Orange,Juvenile,2638,50,30,17,14.156,2.936,14.302,26.574,EVOS_KOB1_2637-2641_226_4/15/2025_Juvenile,,,,,,,,,,,,,,
2,4/9/2025,4/10/2025,4/15/2025,Kodiak,KOB1,57.53318,-154.02696,226,Orange,Juvenile,2639,53,31,16,16.484,2.611,14.302,26.574,EVOS_KOB1_2637-2641_226_4/15/2025_Juvenile,,,,,,,,,,,,,,
2,4/9/2025,4/10/2025,4/15/2025,Kodiak,KOB1,57.53318,-154.02696,226,Orange,Juvenile,2640,50,34,15,17.684,3.336,14.302,26.574,EVOS_KOB1_2637-2641_226_4/15/2025_Juvenile,,,,,,,,,,,,,,
2,4/9/2025,4/10/2025,4/15/2025,Kodiak,KOB1,57.53318,-154.02696,226,Orange,Juvenile,2641,44,25,13,8.433,1.687,14.302,26.574,EVOS_KOB1_2637-2641_226_4/15/2025_Juvenile,,,,,,,,,,,,,,
3,6/4/2025,6/7/2025,6/9/2025,KBY,SSF1,59.46033,-151.51878,210,Orange,Juvenile,3000,60,40,15,21.724,2.906,6.745,11.083,EVOS_SSF1_3000-3001_210_6/9/2025_Juvenile,Brittle Suells For all SSF1 groups,,,,,,,,,,,,,
3,6/4/2025,6/7/2025,6/9/2025,KBY,SSF1,59.46033,-151.51878,210,Orange,Juvenile,3001,61,33,12,14.149,1.688,6.745,11.083,EVOS_SSF1_3000-3001_210_6/9/2025_Juvenile,,,,,,,,,,,,,,
3,6/4/2025,6/7/2025,6/9/2025,KBY,SSF1,59.46033,-151.51878,210,Orange,Juvenile,3002,70,34,13,16.358,2.141,6.599,12.092,EVOS_SSF1_3002-3003_210_6/9/2025_Juvenile,,,,,,,,,,,,,,
3,6/4/2025,6/7/2025,6/9/2025,KBY,SSF1,59.46033,-151.51878,210,Orange,Juvenile,3003,72,37,17,27.135,3.485,6.599,12.092,EVOS_SSF1_3002-3003_210_6/9/2025_Juvenile,,,,,,,,,,,,,,
3,6/4/2025,6/7/2025,6/9/2025,KBY,SSF1,59.46033,-151.51878,210,Orange,Juvenile,3004,57,40,22,20.283,3.189,6.63,10.565,EVOS_SSF1_3004-3005_210_6/9/2025_Juvenile,,,,,,,,,,,,,,
3,6/4/2025,6/7/2025,6/9/2025,KBY,SSF1,59.46033,-151.51878,210,Orange,Juvenile,3005,50,28,14,10.708,1.056,6.63,10.565,EVOS_SSF1_3004-3005_210_6/9/2025_Juvenile,,,,,,,,,,,,,,
3,6/4/2025,6/7/2025,6/9/2025,KBY,SSF1,59.46033,-151.51878,210,Orange,Juvenile,3006,57,26,13,12.297,1.163,6.593,9.714,EVOS_SSF1_3006-3007_210_6/9/2025_Juvenile,,,,,,,,,,,,,,
3,6/4/2025,6/7/2025,6/9/2025,KBY,SSF1,59.46033,-151.51878,210,Orange,Juvenile,3007,60,32,9,15.83,2.203,6.593,9.714,EVOS_SSF1_3006-3007_210_6/9/2025_Juvenile,,,,,,,,,,,,,,
3,6/4/2025,6/7/2025,6/9/2025,KBY,SSF1,59.46033,-151.51878,210,Orange,Juvenile,3008,44,33,11,9.879,1.304,,,,,,,,,,,,,,,,,
3,6/4/2025,6/7/2025,6/9/2025,KBY,SSF1,59.46033,-151.51878,210,Orange,Juvenile,3009,59,35,9,13.505,1.931,,,,,,,,,,,,,,,,,
3,6/4/2025,6/7/2025,6/9/2025,KBY,SSF1,59.46033,-151.51878,210,Orange,Juvenile,3010,37,30,12,8.046,1.151,,,,,,,,,,,,,,,,,
3,6/4/2025,6/7/2025,6/9/2025,KBY,SSF1,59.46033,-151.51878,210,Orange,Juvenile,3011,52,31,13,11.495,1.584,,,,,,,,,,,,,,,,,
3,6/4/2025,6/7/2025,6/9/2025,KBY,SSF1,59.46033,-151.51878,210,Orange,Juvenile,3012,58,34,14,14.495,1.766,,,,,,,,,,,,,,,,,
3,6/4/2025,6/7/2025,6/9/2025,KBY,SSF1,59.46033,-151.51878,210,Orange,Juvenile,3013,57,30,12,12.271,1.464,,,,,,,,,,,,,,,,,
3,6/4/2025,6/7/2025,6/9/2025,KBY,SSF1,59.46033,-151.51878,210,Orange,Juvenile,3014,45,39,9,10.051,1.579,,,,,,,,,,,,,,,,,
3,6/4/2025,6/7/2025,6/9/2025,KBY,SSF1,59.46033,-151.51878,210,Orange,Juvenile,3015,40,28,12,7.897,0.814,,,,,,,,,,,,,,,,,
3,6/4/2025,6/7/2025,6/9/2025,KBY,SSF1,59.46033,-151.51878,210,Orange,Juvenile,3016,45,26,13,9.656,0.841,,,,,,,,,,,,,,,,,
3,6/4/2025,6/7/2025,6/9/2025,KBY,SSF1,59.46033,-151.51878,210,Orange,Juvenile,3017,54,34,13,14.791,1.856,,,,,,,,,,,,,,,,,
3,6/4/2025,6/7/2025,6/9/2025,KBY,SSF1,59.46033,-151.51878,210,Orange,Juvenile,3018,44,29,9,7.872,1.3,,,,,,,,,,,,,,,,,
3,6/4/2025,6/7/2025,6/9/2025,KBY,SSF1,59.46033,-151.51878,210,Orange,Juvenile,3019,58,25,15,14.85,1.846,,,,,,,,,,,,,,,,,
3,6/4/2025,6/7/2025,6/9/2025,KBY,SSF1,59.46033,-151.51878,212,Orange,Juvenile,3020,60,31,17,14.373,2.009,6.632,10.165,EVOS_SSF1_3020-3021_212_6/9/2025_Juvenile,,,,,,,,,,,,,,
3,6/4/2025,6/7/2025,6/9/2025,KBY,SSF1,59.46033,-151.51878,212,Orange,Juvenile,3021,53,31,15,11.57,1.591,6.632,10.165,EVOS_SSF1_3020-3021_212_6/9/2025_Juvenile,,,,,,,,,,,,,,
3,6/4/2025,6/7/2025,6/9/2025,KBY,SSF1,59.46033,-151.51878,212,Orange,Juvenile,3022,48,36,10,11.244,1.351,6.611,9.202,EVOS_SSF1_3022-3023_212_6/9/2025_Juvenile,,,,,,,,,,,,,,
3,6/4/2025,6/7/2025,6/9/2025,KBY,SSF1,59.46033,-151.51878,212,Orange,Juvenile,3023,59,30,9,8.646,1.26,6.611,9.202,EVOS_SSF1_3022-3023_212_6/9/2025_Juvenile,,,,,,,,,,,,,,
3,6/4/2025,6/7/2025,6/9/2025,KBY,SSF1,59.46033,-151.51878,212,Orange,Juvenile,3024,36,28,8,6.173,0.33,6.619,8.141,EVOS_SSF1_3024-3025_212_6/9/2025_Juvenile,,,,,,,,,,,,,,
3,6/4/2025,6/7/2025,6/9/2025,KBY,SSF1,59.46033,-151.51878,212,Orange,Juvenile,3025,52,35,11,10.86,1.27,6.619,8.141,EVOS_SSF1_3024-3025_212_6/9/2025_Juvenile,,,,,,,,,,,,,,
3,6/4/2025,6/7/2025,6/9/2025,KBY,SSF1,59.46033,-151.51878,212,Orange,Juvenile,3026,51,29,11,10.787,0.971,6.586,9.288,EVOS_SSF1_3026-3027_212_6/9/2025_Juvenile,,,,,,,,,,,,,,
3,6/4/2025,6/7/2025,6/9/2025,KBY,SSF1,59.46033,-151.51878,212,Orange,Juvenile,3027,71,33,11,19.649,1.766,6.586,9.288,EVOS_SSF1_3026-3027_212_6/9/2025_Juvenile,,,,,,,,,,,,,,
3,6/4/2025,6/7/2025,6/9/2025,KBY,SSF1,59.46033,-151.51878,212,Orange,Juvenile,3028,57,31,15,13.383,1.43,,,,,,,,,,,,,,,,,
3,6/4/2025,6/7/2025,6/9/2025,KBY,SSF1,59.46033,-151.51878,212,Orange,Juvenile,3029,56,32,16,16.463,2.002,,,,,,,,,,,,,,,,,
3,6/4/2025,6/7/2025,6/9/2025,KBY,SSF1,59.46033,-151.51878,212,Orange,Juvenile,3030,74,46,19,23.01,3.303,,,,,,,,,,,,,,,,,
3,6/4/2025,6/7/2025,6/9/2025,KBY,SSF1,59.46033,-151.51878,212,Orange,Juvenile,3031,63,28,13,14.031,2.107,,,,,,,,,,,,,,,,,
3,6/4/2025,6/7/2025,6/9/2025,KBY,SSF1,59.46033,-151.51878,212,Orange,Juvenile,3032,65,33,10,11.474,1.23,,,,,,,,,,,,,,,,,
3,6/4/2025,6/7/2025,6/9/2025,KBY,SSF1,59.46033,-151.51878,212,Orange,Juvenile,3033,55,35,9,10.419,1.027,,,,,,,,,,,,,,,,,
3,6/4/2025,6/7/2025,6/9/2025,KBY,SSF1,59.46033,-151.51878,212,Orange,Juvenile,3034,35,44,12,8.535,1.221,,,,,,,,,,,,,,,,,
3,6/4/2025,6/7/2025,6/9/2025,KBY,SSF1,59.46033,-151.51878,212,Orange,Juvenile,3035,44,43,14,15.654,1.634,,,,,,,,,,,,,,,,,
3,6/4/2025,6/7/2025,6/9/2025,KBY,SSF1,59.46033,-151.51878,212,Orange,Juvenile,3036,55,32,12,12.434,2.385,,,,,,,,,,,,,,,,,
3,6/4/2025,6/7/2025,6/9/2025,KBY,SSF1,59.46033,-151.51878,212,Orange,Juvenile,3037,48,30,10,7.972,0.949,,,,,,,,,,,,,,,,,
3,6/4/2025,6/7/2025,6/9/2025,KBY,SSF1,59.46033,-151.51878,212,Orange,Juvenile,3038,54,26,11,9.888,1.333,,,,,,,,,,,,,,,,,
3,6/4/2025,6/7/2025,6/9/2025,KBY,SSF1,59.46033,-151.51878,212,Orange,Juvenile,3039,50,23,10,9.669,1.074,,,,,,,,,,,,,,,,,
3,6/4/2025,6/7/2025,6/9/2025,KBY,SSF1,59.46033,-151.51878,211,Orange,Juvenile,3040,65,32,14,16.536,1.977,6.624,10.335,EVOS_SSF1_30040-3041_211_6/9/2025_Juvenile,,,,,,,,,,,,,,
3,6/4/2025,6/7/2025,6/9/2025,KBY,SSF1,59.46033,-151.51878,211,Orange,Juvenile,3041,51,34,14,13.63,1.885,6.624,10.335,EVOS_SSF1_30040-3041_211_6/9/2025_Juvenile,,,,,,,,,,,,,,
3,6/4/2025,6/7/2025,6/9/2025,KBY,SSF1,59.46033,-151.51878,211,Orange,Juvenile,3042,49,24,6,9.766,0.992,6.633,8.6,EVOS_SSF1_3042-3043_211_6/9/2025_Juvenile,,,,,,,,,,,,,,
3,6/4/2025,6/7/2025,6/9/2025,KBY,SSF1,59.46033,-151.51878,211,Orange,Juvenile,3043,50,28,8,8.137,1.117,6.633,8.6,EVOS_SSF1_3042-3043_211_6/9/2025_Juvenile,,,,,,,,,,,,,,
3,6/4/2025,6/7/2025,6/9/2025,KBY,SSF1,59.46033,-151.51878,211,Orange,Juvenile,3044,45,35,10,11.138,1.532,6.605,9.306,EVOS_SSF1_3044-3045_211_6/9/2025_Juvenile,,,,,,,,,,,,,,
3,6/4/2025,6/7/2025,6/9/2025,KBY,SSF1,59.46033,-151.51878,211,Orange,Juvenile,3045,38,33,12,6.019,1.359,6.605,9.306,EVOS_SSF1_3044-3045_211_6/9/2025_Juvenile,,,,,,,,,,,,,,.
3,6/4/2025,6/7/2025,6/9/2025,KBY,SSF1,59.46033,-151.51878,211,Orange,Juvenile,3046,45,29,13,8.631,1.553,6.633,9.946,EVOS_SSF1_3046-3047_211_6/9/2025_Juvenile,,,,,,,,,,,,,,
3,6/4/2025,6/7/2025,6/9/2025,KBY,SSF1,59.46033,-151.51878,211,Orange,Juvenile,3047,51,34,8,12.848,1.859,6.633,9.946,EVOS_SSF1_3046-3047_211_6/9/2025_Juvenile,,,,,,,,,,,,,,
3,6/4/2025,6/7/2025,6/9/2025,KBY,SSF1,59.46033,-151.51878,211,Orange,Juvenile,3048,65,39,18,25.316,4.555,,,,,,,,,,,,,,,,,
3,6/4/2025,6/7/2025,6/9/2025,KBY,SSF1,59.46033,-151.51878,211,Orange,Juvenile,3049,48,25,13,10.991,1.727,,,,,,,,,,,,,,,,,
3,6/4/2025,6/7/2025,6/9/2025,KBY,SSF1,59.46033,-151.51878,211,Orange,Juvenile,3050,42,30,14,9.593,1.73,,,,,,,,,,,,,,,,,
3,6/4/2025,6/7/2025,6/9/2025,KBY,SSF1,59.46033,-151.51878,211,Orange,Juvenile,3051,68,34,13,22.276,3.966,,,,,,,,,,,,,,,,,
3,6/4/2025,6/7/2025,6/9/2025,KBY,SSF1,59.46033,-151.51878,211,Orange,Juvenile,3052,40,37,14,10.652,1.779,,,,,,,,,,,,,,,,,
3,6/4/2025,6/7/2025,6/9/2025,KBY,SSF1,59.46033,-151.51878,211,Orange,Juvenile,3053,60,40,12,18.639,2.176,,,,,,,,,,,,,,,,,
3,6/4/2025,6/7/2025,6/9/2025,KBY,SSF1,59.46033,-151.51878,211,Orange,Juvenile,3054,50,23,11,9.897,0.895,,,,,,,,,,,,,,,,,
3,6/4/2025,6/7/2025,6/9/2025,KBY,SSF1,59.46033,-151.51878,211,Orange,Juvenile,3055,75,37,18,24.288,3.687,,,,,,,,,,,,,,,,,
3,6/4/2025,6/7/2025,6/9/2025,KBY,SSF1,59.46033,-151.51878,211,Orange,Juvenile,3056,51,32,12,9.898,1.532,,,,,,,,,,,,,,,,,
3,6/4/2025,6/7/2025,6/9/2025,KBY,SSF1,59.46033,-151.51878,211,Orange,Juvenile,3057,44,34,12,9.551,1.668,,,,,,,,,,,,,,,,,
3,6/4/2025,6/7/2025,6/9/2025,KBY,SSF1,59.46033,-151.51878,211,Orange,Juvenile,3058,63,28,17,16.83,1.036,,,,,,,,,,,,,,,,,
3,6/4/2025,6/7/2025,6/9/2025,KBY,SSF1,59.46033,-151.51878,211,Orange,Juvenile,3059,NA,NA,NA,NA,NA,,,,Dead Oyster,,,,,,,,,,,,,
3,6/3/2025,6/7/2025,6/9/2025,KBY,MIO1,59.57137,-151.27263,213,Orange,Juvenile,3060,61,42,15,26.198,3.931,6.59,14.618,EVOS_MIO1_3060-3061_213_6/9/2025_Juvenile,,,,,,,,,,,,,,
3,6/3/2025,6/7/2025,6/9/2025,KBY,MIO1,59.57137,-151.27263,213,Orange,Juvenile,3061,77,45,16,36.589,4.301,6.59,14.618,EVOS_MIO1_3060-3061_213_6/9/2025_Juvenile,,,,,,,,,,,,,,
3,6/3/2025,6/7/2025,6/9/2025,KBY,MIO1,59.57137,-151.27263,213,Orange,Juvenile,3062,75,43,15,35.149,4.176,6.614,12.993,EVOS_MIO1_3062-3063_213_6/9/2025_Juvenile,,,,,,,,,,,,,,
3,6/3/2025,6/7/2025,6/9/2025,KBY,MIO1,59.57137,-151.27263,213,Orange,Juvenile,3063,59,42,20,24.718,2.722,6.614,12.993,EVOS_MIO1_3062-3063_213_6/9/2025_Juvenile,,,,,,,,,,,,,,
3,6/3/2025,6/7/2025,6/9/2025,KBY,MIO1,59.57137,-151.27263,213,Orange,Juvenile,3064,65,35,18,22.855,2.411,6.604,13.041,EVOS_MIO1_3064-3065_213_6/9/2025_Juvenile,,,,,,,,,,,,,,
3,6/3/2025,6/7/2025,6/9/2025,KBY,MIO1,59.57137,-151.27263,213,Orange,Juvenile,3065,67,43,15,24.101,4.279,6.604,13.041,EVOS_MIO1_3064-3065_213_6/9/2025_Juvenile,,,,,,,,,,,,,,
3,6/3/2025,6/7/2025,6/9/2025,KBY,MIO1,59.57137,-151.27263,213,Orange,Juvenile,3066,54,38,17,19.712,2.635,6.58,10.086,EVOS_MIO1_3066-3067_213_6/9/2025_Juvenile,,,,,,,,,,,,,,
3,6/3/2025,6/7/2025,6/9/2025,KBY,MIO1,59.57137,-151.27263,213,Orange,Juvenile,3067,57,32,13,17.601,1.007,6.58,10.086,EVOS_MIO1_3066-3067_213_6/9/2025_Juvenile,,,,,,,,,,,,,,
3,6/3/2025,6/7/2025,6/9/2025,KBY,MIO1,59.57137,-151.27263,213,Orange,Juvenile,3068,67,39,15,21.393,2.386,,,,,,,,,,,,,,,,,
3,6/3/2025,6/7/2025,6/9/2025,KBY,MIO1,59.57137,-151.27263,213,Orange,Juvenile,3069,70,63,21,39.763,6.408,,,,,,,,,,,,,,,,,
3,6/3/2025,6/7/2025,6/9/2025,KBY,MIO1,59.57137,-151.27263,213,Orange,Juvenile,3070,61,44,18,25.192,2.53,,,,,,,,,,,,,,,,,
3,6/3/2025,6/7/2025,6/9/2025,KBY,MIO1,59.57137,-151.27263,213,Orange,Juvenile,3071,76,45,18,37.796,5.443,,,,,,,,,,,,,,,,,
3,6/3/2025,6/7/2025,6/9/2025,KBY,MIO1,59.57137,-151.27263,213,Orange,Juvenile,3072,66,44,19,28.046,3.546,,,,,,,,,,,,,,,,,
3,6/3/2025,6/7/2025,6/9/2025,KBY,MIO1,59.57137,-151.27263,213,Orange,Juvenile,3073,70,40,18,31.763,3.439,,,,,,,,,,,,,,,,,
3,6/3/2025,6/7/2025,6/9/2025,KBY,MIO1,59.57137,-151.27263,213,Orange,Juvenile,3074,56,38,17,21.417,2.799,,,,,,,,,,,,,,,,,
3,6/3/2025,6/7/2025,6/9/2025,KBY,MIO1,59.57137,-151.27263,213,Orange,Juvenile,3075,56,42,18,18.637,2.069,,,,,,,,,,,,,,,,,
3,6/3/2025,6/7/2025,6/9/2025,KBY,MIO1,59.57137,-151.27263,213,Orange,Juvenile,3076,40,36,15,10.29,1.404,,,,,,,,,,,,,,,,,
3,6/3/2025,6/7/2025,6/9/2025,KBY,MIO1,59.57137,-151.27263,213,Orange,Juvenile,3077,70,50,20,35.325,7.288,,,,,,,,,,,,,,,,,
3,6/3/2025,6/7/2025,6/9/2025,KBY,MIO1,59.57137,-151.27263,213,Orange,Juvenile,3078,68,34,16,23.23,2.192,,,,,,,,,,,,,,,,,
3,6/3/2025,6/7/2025,6/9/2025,KBY,MIO1,59.57137,-151.27263,213,Orange,Juvenile,3079,34,28,11,8.41,1.032,,,,,,,,,,,,,,,,,
3,6/3/2025,6/7/2025,6/9/2025,KBY,MIO1,59.57137,-151.27263,214,Orange,Juvenile,3080,61,50,19,31.296,4.46,6.606,13.6,EVOS_MIO1_3080-3081_214_6/9/2025_Juvenile,,,,,,,,,,,,,,
3,6/3/2025,6/7/2025,6/9/2025,KBY,MIO1,59.57137,-151.27263,214,Orange,Juvenile,3081,56,41,21,29.295,2.943,6.606,13.6,EVOS_MIO1_3080-3081_214_6/9/2025_Juvenile,,,,,,,,,,,,,,
3,6/3/2025,6/7/2025,6/9/2025,KBY,MIO1,59.57137,-151.27263,214,Orange,Juvenile,3082,54,41,20,24.797,2.928,6.628,11.667,EVOS_MIO1_3082-3083_214_6/9/2025_Juvenile,,,,,,,,,,,,,,
3,6/3/2025,6/7/2025,6/9/2025,KBY,MIO1,59.57137,-151.27263,214,Orange,Juvenile,3083,61,41,18,24.51,2.819,6.628,11.667,EVOS_MIO1_3082-3083_214_6/9/2025_Juvenile,,,,,,,,,,,,,,
3,6/3/2025,6/7/2025,6/9/2025,KBY,MIO1,59.57137,-151.27263,214,Orange,Juvenile,3084,74,41,20,29.537,3.26,6.598,11.971,EVOS_MIO1_3084-3085_214_6/9/2025_Juvenile,,,,,,,,,,,,,,
3,6/3/2025,6/7/2025,6/9/2025,KBY,MIO1,59.57137,-151.27263,214,Orange,Juvenile,3085,49,36,18,17.564,1.89,6.598,11.971,EVOS_MIO1_3084-3085_214_6/9/2025_Juvenile,,,,,,,,,,,,,,
3,6/3/2025,6/7/2025,6/9/2025,KBY,MIO1,59.57137,-151.27263,214,Orange,Juvenile,3086,60,43,15,25.332,3.723,6.61,13.566,EVOS_MIO1_3086-3087_214_6/9/2025_Juvenile,,,,,,,,,,,,,,
3,6/3/2025,6/7/2025,6/9/2025,KBY,MIO1,59.57137,-151.27263,214,Orange,Juvenile,3087,70,39,19,26.139,3.314,6.61,13.566,EVOS_MIO1_3086-3087_214_6/9/2025_Juvenile,,,,,,,,,,,,,,
3,6/3/2025,6/7/2025,6/9/2025,KBY,MIO1,59.57137,-151.27263,214,Orange,Juvenile,3088,60,36,18,19.017,1.993,,,,,,,,,,,,,,,,,
3,6/3/2025,6/7/2025,6/9/2025,KBY,MIO1,59.57137,-151.27263,214,Orange,Juvenile,3089,63,42,19,28.027,3.936,,,,,,,,,,,,,,,,,
3,6/3/2025,6/7/2025,6/9/2025,KBY,MIO1,59.57137,-151.27263,214,Orange,Juvenile,3090,39,27,9,7.73,0.933,,,,,,,,,,,,,,,,,
3,6/3/2025,6/7/2025,6/9/2025,KBY,MIO1,59.57137,-151.27263,214,Orange,Juvenile,3091,59,38,15,15.861,2.17,,,,,,,,,,,,,,,,,
3,6/3/2025,6/7/2025,6/9/2025,KBY,MIO1,59.57137,-151.27263,214,Orange,Juvenile,3092,80,48,18,40.846,5.051,,,,,,,,,,,,,,,,,
3,6/3/2025,6/7/2025,6/9/2025,KBY,MIO1,59.57137,-151.27263,214,Orange,Juvenile,3093,57,42,13,18.984,2.73,,,,,,,,,,,,,,,,,
3,6/3/2025,6/7/2025,6/9/2025,KBY,MIO1,59.57137,-151.27263,214,Orange,Juvenile,3094,65,50,17,35.731,6.394,,,,,,,,,,,,,,,,,
3,6/3/2025,6/7/2025,6/9/2025,KBY,MIO1,59.57137,-151.27263,214,Orange,Juvenile,3095,34,26,10,7.322,0.843,,,,,,,,,,,,,,,,,
3,6/3/2025,6/7/2025,6/9/2025,KBY,MIO1,59.57137,-151.27263,214,Orange,Juvenile,3096,52,37,17,20.372,1.973,,,,,,,,,,,,,,,,,
3,6/3/2025,6/7/2025,6/9/2025,KBY,MIO1,59.57137,-151.27263,214,Orange,Juvenile,3097,48,34,18,16.118,1.855,,,,,,,,,,,,,,,,,
3,6/3/2025,6/7/2025,6/9/2025,KBY,MIO1,59.57137,-151.27263,214,Orange,Juvenile,3098,60,31,15,15.576,1.865,,,,,,,,,,,,,,,,,
3,6/3/2025,6/7/2025,6/9/2025,KBY,MIO1,59.57137,-151.27263,214,Orange,Juvenile,3099,68,47,17,25.606,4.113,,,,,,,,,,,,,,,,,
3,6/3/2025,6/7/2025,6/9/2025,KBY,MIO1,59.57137,-151.27263,215,Orange,Juvenile,3100,66,44,23,30.925,4.441,6.634,16.507,EVOS_MIO1_3100-3101_215_6/9/2025_Juvenile,,,,,,,,,,,,,,
3,6/3/2025,6/7/2025,6/9/2025,KBY,MIO1,59.57137,-151.27263,215,Orange,Juvenile,3101,79,40,20,38.498,5.536,6.634,16.507,EVOS_MIO1_3100-3101_215_6/9/2025_Juvenile,,,,,,,,,,,,,,
3,6/3/2025,6/7/2025,6/9/2025,KBY,MIO1,59.57137,-151.27263,215,Orange,Juvenile,3102,61,44,14,23.496,2.753,6.957,10.556,EVOS_MIO1_3102-3103_215_6/9/2025_Juvenile,,,,,,,,,,,,,,
3,6/3/2025,6/7/2025,6/9/2025,KBY,MIO1,59.57137,-151.27263,215,Orange,Juvenile,3103,43,25,13,10.436,1.446,6.957,10.556,EVOS_MIO1_3102-3103_215_6/9/2025_Juvenile,,,,,,,,,,,,,,
3,6/3/2025,6/7/2025,6/9/2025,KBY,MIO1,59.57137,-151.27263,215,Orange,Juvenile,3104,59,35,20,23.639,2.318,6.673,11.337,EVOS_MIO1_3104-3105_215_6/9/2025_Juvenile,,,,,,,,,,,,,,
3,6/3/2025,6/7/2025,6/9/2025,KBY,MIO1,59.57137,-151.27263,215,Orange,Juvenile,3105,63,36,14,22.016,2.5,6.673,11.337,EVOS_MIO1_3104-3105_215_6/9/2025_Juvenile,,,,,,,,,,,,,,
3,6/3/2025,6/7/2025,6/9/2025,KBY,MIO1,59.57137,-151.27263,215,Orange,Juvenile,3106,44,31,17,16.734,1.956,6.643,11.624,EVOS_MIO1_3106-3107_215_6/9/2025_Juvenile,,,,,,,,,,,,,,
3,6/3/2025,6/7/2025,6/9/2025,KBY,MIO1,59.57137,-151.27263,215,Orange,Juvenile,3107,52,40,18,22.632,3.06,6.643,11.624,EVOS_MIO1_3106-3107_215_6/9/2025_Juvenile,,,,,,,,,,,,,,
3,6/3/2025,6/7/2025,6/9/2025,KBY,MIO1,59.57137,-151.27263,215,Orange,Juvenile,3108,59,35,17,22.925,3.741,,,,,,,,,,,,,,,,,
3,6/3/2025,6/7/2025,6/9/2025,KBY,MIO1,59.57137,-151.27263,215,Orange,Juvenile,3109,66,45,20,42.518,5.026,,,,,,,,,,,,,,,,,
3,6/3/2025,6/7/2025,6/9/2025,KBY,MIO1,59.57137,-151.27263,215,Orange,Juvenile,3110,70,40,17,31.715,5.087,,,,,,,,,,,,,,,,,
3,6/3/2025,6/7/2025,6/9/2025,KBY,MIO1,59.57137,-151.27263,215,Orange,Juvenile,3111,64,50,15,24.803,2.874,,,,,,,,,,,,,,,,,
3,6/3/2025,6/7/2025,6/9/2025,KBY,MIO1,59.57137,-151.27263,215,Orange,Juvenile,3112,72,41,24,31,5.114,,,,,,,,,,,,,,,,,
3,6/3/2025,6/7/2025,6/9/2025,KBY,MIO1,59.57137,-151.27263,215,Orange,Juvenile,3113,80,44,15,36.647,5.143,,,,,,,,,,,,,,,,,
3,6/3/2025,6/7/2025,6/9/2025,KBY,MIO1,59.57137,-151.27263,215,Orange,Juvenile,3114,73,38,20,29.35,3.801,,,,,,,,,,,,,,,,,
3,6/3/2025,6/7/2025,6/9/2025,KBY,MIO1,59.57137,-151.27263,215,Orange,Juvenile,3115,71,56,21,38.94,5.775,,,,,,,,,,,,,,,,,
3,6/3/2025,6/7/2025,6/9/2025,KBY,MIO1,59.57137,-151.27263,215,Orange,Juvenile,3116,60,37,16,20.198,3.139,,,,,,,,,,,,,,,,,
3,6/3/2025,6/7/2025,6/9/2025,KBY,MIO1,59.57137,-151.27263,215,Orange,Juvenile,3117,60,43,18,25.23,4.12,,,,,,,,,,,,,,,,,
3,6/3/2025,6/7/2025,6/9/2025,KBY,MIO1,59.57137,-151.27263,215,Orange,Juvenile,3118,73,35,18,30.519,3.981,,,,,,,,,,,,,,,,,
3,6/3/2025,6/7/2025,6/9/2025,KBY,MIO1,59.57137,-151.27263,215,Orange,Juvenile,3119,NA,NA,NA,NA,NA,,,,Dead Oyster,,,,,,,,,,,,,
3,6/3/2025,6/7/2025,6/9/2025,KBY,BCF1,59.46783,-151.5184,217,Orange,Juvenile,3120,62,36,24,14.494,1.464,6.61,10.779,EVOS_BCF1_3120-3121_217_6/9/2025_Juvenile,,,,,,,,,,,,,,
3,6/3/2025,6/7/2025,6/9/2025,KBY,BCF1,59.46783,-151.5184,217,Orange,Juvenile,3121,59,45,20,24.556,2.738,6.61,10.779,EVOS_BCF1_3120-3121_217_6/9/2025_Juvenile,,,,,,,,,,,,,,
3,6/3/2025,6/7/2025,6/9/2025,KBY,BCF1,59.46783,-151.5184,217,Orange,Juvenile,3122,67,37,25,22.118,2.746,6.611,11.195,EVOS_BCF1_3122-3123_217_6/9/2025_Juvenile,,,,,,,,,,,,,,
3,6/3/2025,6/7/2025,6/9/2025,KBY,BCF1,59.46783,-151.5184,217,Orange,Juvenile,3123,66,37,26,19.261,1.881,6.611,11.195,EVOS_BCF1_3122-3123_217_6/9/2025_Juvenile,,,,,,,,,,,,,,
3,6/3/2025,6/7/2025,6/9/2025,KBY,BCF1,59.46783,-151.5184,217,Orange,Juvenile,3124,53,38,16,13.937,1.552,6.633,8.518,EVOS_BCF1_3140-3125_217_6/9/2025_Juvenile,,,,,,,,,,,,,,
3,6/3/2025,6/7/2025,6/9/2025,KBY,BCF1,59.46783,-151.5184,217,Orange,Juvenile,3125,49,22,11,5.227,0.731,6.633,8.518,EVOS_BCF1_3140-3125_217_6/9/2025_Juvenile,,,,,,,,,,,,,,
3,6/3/2025,6/7/2025,6/9/2025,KBY,BCF1,59.46783,-151.5184,217,Orange,Juvenile,3126,54,35,21,14.598,1.395,6.695,10.782,EVOS_BCF1_3126-3127_217_6/9/2025_Juvenile,,,,,,,,,,,,,,
3,6/3/2025,6/7/2025,6/9/2025,KBY,BCF1,59.46783,-151.5184,217,Orange,Juvenile,3127,60,45,28,22.452,2.718,6.695,10.782,EVOS_BCF1_3126-3127_217_6/9/2025_Juvenile,,,,,,,,,,,,,,
3,6/3/2025,6/7/2025,6/9/2025,KBY,BCF1,59.46783,-151.5184,217,Orange,Juvenile,3128,60,43,21,23.15,2.367,,,,,,,,,,,,,,,,,
3,6/3/2025,6/7/2025,6/9/2025,KBY,BCF1,59.46783,-151.5184,217,Orange,Juvenile,3129,70,33,15,13.021,1.197,,,,,,,,,,,,,,,,,
3,6/3/2025,6/7/2025,6/9/2025,KBY,BCF1,59.46783,-151.5184,217,Orange,Juvenile,3130,49,37,18,12.113,1.147,,,,,,,,,,,,,,,,,
3,6/3/2025,6/7/2025,6/9/2025,KBY,BCF1,59.46783,-151.5184,217,Orange,Juvenile,3131,44,37,19,12.568,0.081,,,,,,,,,,,,,,,,,
3,6/3/2025,6/7/2025,6/9/2025,KBY,BCF1,59.46783,-151.5184,217,Orange,Juvenile,3132,49,26,14,5.138,0.607,,,,,,,,,,,,,,,,,
3,6/3/2025,6/7/2025,6/9/2025,KBY,BCF1,59.46783,-151.5184,217,Orange,Juvenile,3133,50,40,18,15.718,1.712,,,,,,,,,,,,,,,,,
3,6/3/2025,6/7/2025,6/9/2025,KBY,BCF1,59.46783,-151.5184,217,Orange,Juvenile,3134,64,39,20,18.978,2.159,,,,,,,,,,,,,,,,,
3,6/3/2025,6/7/2025,6/9/2025,KBY,BCF1,59.46783,-151.5184,217,Orange,Juvenile,3135,30,21,14,4.07,0.47,,,,,,,,,,,,,,,,,
3,6/3/2025,6/7/2025,6/9/2025,KBY,BCF1,59.46783,-151.5184,217,Orange,Juvenile,3136,25,20,9,2.671,0.53,,,,,,,,,,,,,,,,,
3,6/3/2025,6/7/2025,6/9/2025,KBY,BCF1,59.46783,-151.5184,217,Orange,Juvenile,3137,63,42,19,20.123,2.29,,,,,,,,,,,,,,,,,
3,6/3/2025,6/7/2025,6/9/2025,KBY,BCF1,59.46783,-151.5184,217,Orange,Juvenile,3138,64,35,14,14.173,1.724,,,,,,,,,,,,,,,,,
3,6/3/2025,6/7/2025,6/9/2025,KBY,BCF1,59.46783,-151.5184,217,Orange,Juvenile,3139,49,40,16,13.295,1.236,,,,,,,,,,,,,,,,,
3,6/3/2025,6/7/2025,6/9/2025,KBY,BCF1,59.46783,-151.5184,216,Orange,Juvenile,3140,68,51,18,21.619,2.558,6.6,10.889,EVOS_BCF1_3140-3141_216_6/9/2025_Juvenile,,,,,,,,,,,,,,
3,6/3/2025,6/7/2025,6/9/2025,KBY,BCF1,59.46783,-151.5184,216,Orange,Juvenile,3141,58,43,18,14.99,1.934,6.6,10.889,EVOS_BCF1_3140-3141_216_6/9/2025_Juvenile,,,,,,,,,,,,,,
3,6/3/2025,6/7/2025,6/9/2025,KBY,BCF1,59.46783,-151.5184,216,Orange,Juvenile,3142,55,36,12,9.569,1.3,6.634,10.024,EVOS_BCF1_3142-3143_216_6/9/2025_Juvenile,,,,,,,,,,,,,,
3,6/3/2025,6/7/2025,6/9/2025,KBY,BCF1,59.46783,-151.5184,216,Orange,Juvenile,3143,62,33,18,20.294,2.179,6.634,10.024,EVOS_BCF1_3142-3143_216_6/9/2025_Juvenile,,,,,,,,,,,,,,
3,6/3/2025,6/7/2025,6/9/2025,KBY,BCF1,59.46783,-151.5184,216,Orange,Juvenile,3144,63,44,20,18.358,2.056,6.65,9.65,EVOS_BCF1_3144-3145_216_6/9/2025_Juvenile,,,,,,,,,,,,,,
3,6/3/2025,6/7/2025,6/9/2025,KBY,BCF1,59.46783,-151.5184,216,Orange,Juvenile,3145,45,27,13,7.382,1.033,6.65,9.65,EVOS_BCF1_3144-3145_216_6/9/2025_Juvenile,,,,,,,,,,,,,,
3,6/3/2025,6/7/2025,6/9/2025,KBY,BCF1,59.46783,-151.5184,216,Orange,Juvenile,3146,48,35,21,15.684,1.307,6.643,10.195,EVOS_BCF1_3146-3147_216_6/9/2025_Juvenile,,,,,,,,,,,,,,
3,6/3/2025,6/7/2025,6/9/2025,KBY,BCF1,59.46783,-151.5184,216,Orange,Juvenile,3147,73,39,20,23.592,2.4,6.643,10.195,EVOS_BCF1_3146-3147_216_6/9/2025_Juvenile,,,,,,,,,,,,,,
3,6/3/2025,6/7/2025,6/9/2025,KBY,BCF1,59.46783,-151.5184,216,Orange,Juvenile,3148,50,32,17,13.061,1.068,,,,,,,,,,,,,,,,,
3,6/3/2025,6/7/2025,6/9/2025,KBY,BCF1,59.46783,-151.5184,216,Orange,Juvenile,3149,61,50,27,31.879,4.091,,,,,,,,,,,,,,,,,
3,6/3/2025,6/7/2025,6/9/2025,KBY,BCF1,59.46783,-151.5184,216,Orange,Juvenile,3150,49,39,21,17.779,3.003,,,,,,,,,,,,,,,,,
3,6/3/2025,6/7/2025,6/9/2025,KBY,BCF1,59.46783,-151.5184,216,Orange,Juvenile,3151,48,31,15,8.713,0.768,,,,,,,,,,,,,,,,,
3,6/3/2025,6/7/2025,6/9/2025,KBY,BCF1,59.46783,-151.5184,216,Orange,Juvenile,3152,50,37,23,15.906,1.731,,,,,,,,,,,,,,,,,
3,6/3/2025,6/7/2025,6/9/2025,KBY,BCF1,59.46783,-151.5184,216,Orange,Juvenile,3153,34,28,14,5.55,0.913,,,,,,,,,,,,,,,,,
3,6/3/2025,6/7/2025,6/9/2025,KBY,BCF1,59.46783,-151.5184,216,Orange,Juvenile,3154,na,na,na,na,na,,,,dead,,,,,,,,,,,,,
3,6/3/2025,6/7/2025,6/9/2025,KBY,BCF1,59.46783,-151.5184,216,Orange,Juvenile,3155,34,28,17,6.272,0.057,,,,,,,,,,,,,,,,,
3,6/3/2025,6/7/2025,6/9/2025,KBY,BCF1,59.46783,-151.5184,216,Orange,Juvenile,3156,66,46,18,15.957,2.341,,,,,,,,,,,,,,,,,
3,6/3/2025,6/7/2025,6/9/2025,KBY,BCF1,59.46783,-151.5184,216,Orange,Juvenile,3157,41,29,25,8.136,0.086,,,,double,,,,,,,,,,,,,
3,6/3/2025,6/7/2025,6/9/2025,KBY,BCF1,59.46783,-151.5184,216,Orange,Juvenile,3158,65,32,22,16.128,1.991,,,,,,,,,,,,,,,,,
3,6/3/2025,6/7/2025,6/9/2025,KBY,BCF1,59.46783,-151.5184,216,Orange,Juvenile,3159,63,38,21,17.198,2.281,,,,,,,,,,,,,,,,,
3,6/3/2025,6/7/2025,6/9/2025,KBY,BCF1,59.46783,-151.5184,218,Orange,Juvenile,3160,53,40,25,21.075,2.293,6.636,11.455,EVOS_BCF1_3160-3161_218_6/9/2025_Juvenile,,,,,,,,,,,,,,
3,6/3/2025,6/7/2025,6/9/2025,KBY,BCF1,59.46783,-151.5184,218,Orange,Juvenile,3161,63,43,22,24.362,2.862,6.636,11.455,EVOS_BCF1_3160-3161_218_6/9/2025_Juvenile,,,,,,,,,,,,,,
3,6/3/2025,6/7/2025,6/9/2025,KBY,BCF1,59.46783,-151.5184,218,Orange,Juvenile,3162,49,38,28,16.189,1.526,6.597,9.352,EVOS_BCF1_3162-3163_218_6/9/2025_Juvenile,,,,,,,,,,,,,,
3,6/3/2025,6/7/2025,6/9/2025,KBY,BCF1,59.46783,-151.5184,218,Orange,Juvenile,3163,53,30,19,13.606,1.424,6.597,9.352,EVOS_BCF1_3162-3163_218_6/9/2025_Juvenile,,,,,,,,,,,,,,
3,6/3/2025,6/7/2025,6/9/2025,KBY,BCF1,59.46783,-151.5184,218,Orange,Juvenile,3164,54,36,18,16.116,2.285,6.602,11.126,EVOS_BCF1_3164-3165_218_6/9/2025_Juvenile,,,,,,,,,,,,,,
3,6/3/2025,6/7/2025,6/9/2025,KBY,BCF1,59.46783,-151.5184,218,Orange,Juvenile,3165,49,35,19,18.382,2.471,6.602,11.126,EVOS_BCF1_3164-3165_218_6/9/2025_Juvenile,,,,,,,,,,,,,,
3,6/3/2025,6/7/2025,6/9/2025,KBY,BCF1,59.46783,-151.5184,218,Orange,Juvenile,3166,55,40,23,24.521,3.572,6.594,11.602,EVOS_BCF1_3166-3167_218_6/9/2025_Juvenile,,,,,,,,,,,,,,
3,6/3/2025,6/7/2025,6/9/2025,KBY,BCF1,59.46783,-151.5184,218,Orange,Juvenile,3167,53,33,16,13.412,1.59,6.594,11.602,EVOS_BCF1_3166-3167_218_6/9/2025_Juvenile,,,,,,,,,,,,,,
3,6/3/2025,6/7/2025,6/9/2025,KBY,BCF1,59.46783,-151.5184,218,Orange,Juvenile,3168,54,38,20,19.218,2.538,,,,,,,,,,,,,,,,,
3,6/3/2025,6/7/2025,6/9/2025,KBY,BCF1,59.46783,-151.5184,218,Orange,Juvenile,3169,52,35,19,13.957,2.534,,,,,,,,,,,,,,,,,
3,6/3/2025,6/7/2025,6/9/2025,KBY,BCF1,59.46783,-151.5184,218,Orange,Juvenile,3170,49,42,17,12.949,1.597,,,,,,,,,,,,,,,,,
3,6/3/2025,6/7/2025,6/9/2025,KBY,BCF1,59.46783,-151.5184,218,Orange,Juvenile,3171,54,34,22,14.46,2.604,,,,,,,,,,,,,,,,,
3,6/3/2025,6/7/2025,6/9/2025,KBY,BCF1,59.46783,-151.5184,218,Orange,Juvenile,3172,52,24,22,13.254,1.175,,,,,,,,,,,,,,,,,
3,6/3/2025,6/7/2025,6/9/2025,KBY,BCF1,59.46783,-151.5184,218,Orange,Juvenile,3173,57,35,20,15.568,2.379,,,,,,,,,,,,,,,,,
3,6/3/2025,6/7/2025,6/9/2025,KBY,BCF1,59.46783,-151.5184,218,Orange,Juvenile,3174,45,28,15,6.691,1.031,,,,,,,,,,,,,,,,,
3,6/3/2025,6/7/2025,6/9/2025,KBY,BCF1,59.46783,-151.5184,218,Orange,Juvenile,3175,61,51,22,25.069,3.18,,,,,,,,,,,,,,,,,
3,6/3/2025,6/7/2025,6/9/2025,KBY,BCF1,59.46783,-151.5184,218,Orange,Juvenile,3176,50,28,19,8.408,0.945,,,,,,,,,,,,,,,,,
3,6/3/2025,6/7/2025,6/9/2025,KBY,BCF1,59.46783,-151.5184,218,Orange,Juvenile,3177,59,38,13,12.58,1.245,,,,,,,,,,,,,,,,,
3,6/3/2025,6/7/2025,6/9/2025,KBY,BCF1,59.46783,-151.5184,218,Orange,Juvenile,3178,82,39,18,23.152,3.078,,,,,,,,,,,,,,,,,
3,6/3/2025,6/7/2025,6/9/2025,KBY,BCF1,59.46783,-151.5184,218,Orange,Juvenile,3179,46,35,17,9.863,1.149,,,,,,,,,,,,,,,,,
3,6/10/2025,6/14/2025,6/16/2025,PWS,SBR1,60.63698,-146.00447,203,Orange,Juvenile,3180,64,41,24,30.605,4.191,6.624,14.117,EVOS_SBR1_3180-3181_203_6/16/2025_Juvenile,,,,,,,,,,,,,,
3,6/10/2025,6/14/2025,6/16/2025,PWS,SBR1,60.63698,-146.00447,203,Orange,Juvenile,3181,77,44,21,38.246,3.769,6.624,14.117,EVOS_SBR1_3180-3181_203_6/16/2025_Juvenile,,,,,,,,,,,,,,
3,6/10/2025,6/14/2025,6/16/2025,PWS,SBR1,60.63698,-146.00447,203,Orange,Juvenile,3182,64,45,13,22.226,2.703,6.647,10.888,EVOS_SBR1_3182-3183_203_6/16/2025_Juvenile,,,,,,,,,,,,,,
3,6/10/2025,6/14/2025,6/16/2025,PWS,SBR1,60.63698,-146.00447,203,Orange,Juvenile,3183,51,41,18,17.155,1.728,6.647,10.888,EVOS_SBR1_3182-3183_203_6/16/2025_Juvenile,,,,,,,,,,,,,,
3,6/10/2025,6/14/2025,6/16/2025,PWS,SBR1,60.63698,-146.00447,203,Orange,Juvenile,3184,73,40,21,28.107,2.656,6.622,12.734,EVOS_SBR1_3184-3185_203_6/16/2025_Juvenile,,,,,,,,,,,,,,
3,6/10/2025,6/14/2025,6/16/2025,PWS,SBR1,60.63698,-146.00447,203,Orange,Juvenile,3185,73,46,22,31.213,3.828,6.622,12.734,EVOS_SBR1_3184-3185_203_6/16/2025_Juvenile,,,,,,,,,,,,,,
3,6/10/2025,6/14/2025,6/16/2025,PWS,SBR1,60.63698,-146.00447,203,Orange,Juvenile,3186,70,50,22,33.738,4.999,6.632,17.074,EVOS_SBR1_3186-3187_203_6/16/2025_Juvenile,,,,,,,,,,,,,,
3,6/10/2025,6/14/2025,6/16/2025,PWS,SBR1,60.63698,-146.00447,203,Orange,Juvenile,3187,69,43,22,27.473,5.77,6.632,17.074,EVOS_SBR1_3186-3187_203_6/16/2025_Juvenile,,,,,,,,,,,,,,
3,6/10/2025,6/14/2025,6/16/2025,PWS,SBR1,60.63698,-146.00447,203,Orange,Juvenile,3188,42,46,18,19.612,3.51,,,,,,,,,,,,,,,,,
3,6/10/2025,6/14/2025,6/16/2025,PWS,SBR1,60.63698,-146.00447,203,Orange,Juvenile,3189,60,40,18,22.721,2.996,,,,,,,,,,,,,,,,,
3,6/10/2025,6/14/2025,6/16/2025,PWS,SBR1,60.63698,-146.00447,203,Orange,Juvenile,3190,72,42,18,32.806,6.568,,,,,,,,,,,,,,,,,
3,6/10/2025,6/14/2025,6/16/2025,PWS,SBR1,60.63698,-146.00447,203,Orange,Juvenile,3191,70,53,19,37.454,4.851,,,,,,,,,,,,,,,,,
3,6/10/2025,6/14/2025,6/16/2025,PWS,SBR1,60.63698,-146.00447,203,Orange,Juvenile,3192,75,42,21,33.726,5.038,,,,,,,,,,,,,,,,,
3,6/10/2025,6/14/2025,6/16/2025,PWS,SBR1,60.63698,-146.00447,203,Orange,Juvenile,3193,65,39,19,25.109,4.234,,,,,,,,,,,,,,,,,
3,6/10/2025,6/14/2025,6/16/2025,PWS,SBR1,60.63698,-146.00447,203,Orange,Juvenile,3194,55,50,18,27.83,2.655,,,,,,,,,,,,,,,,,
3,6/10/2025,6/14/2025,6/16/2025,PWS,SBR1,60.63698,-146.00447,203,Orange,Juvenile,3195,76,49,20,46.082,5.961,,,,,,,,,,,,,,,,,
3,6/10/2025,6/14/2025,6/16/2025,PWS,SBR1,60.63698,-146.00447,203,Orange,Juvenile,3196,57,39,18,20.159,1.755,,,,,,,,,,,,,,,,,
3,6/10/2025,6/14/2025,6/16/2025,PWS,SBR1,60.63698,-146.00447,203,Orange,Juvenile,3197,62,35,18,21.195,2.148,,,,,,,,,,,,,,,,,
3,6/10/2025,6/14/2025,6/16/2025,PWS,SBR1,60.63698,-146.00447,203,Orange,Juvenile,3198,67,35,21,22.53,3.155,,,,,,,,,,,,,,,,,
3,6/10/2025,6/14/2025,6/16/2025,PWS,SBR1,60.63698,-146.00447,203,Orange,Juvenile,3199,na,na,na,na,na,,,,Dead,,,,,,,,,,,,,
3,6/10/2025,6/14/2025,6/16/2025,PWS,SBR1,60.63698,-146.00447,201,Orange,Juvenile,3200,65,57,20,30.376,3.642,6.632,12.789,EVOS_SBR1_3200-3201_201_6/16/2025_Juvenile,,,,,,,,,,,,,,
3,6/10/2025,6/14/2025,6/16/2025,PWS,SBR1,60.63698,-146.00447,201,Orange,Juvenile,3201,71,44,19,26.707,2.787,6.632,12.789,EVOS_SBR1_3200-3201_201_6/16/2025_Juvenile,,,,,,,,,,,,,,
3,6/10/2025,6/14/2025,6/16/2025,PWS,SBR1,60.63698,-146.00447,201,Orange,Juvenile,3202,77,43,26,35.5,5.036,6.626,14.01,EVOS_SBR1_3202-3203_201_6/16/2025_Juvenile,,,,,,,,,,,,,,
3,6/10/2025,6/14/2025,6/16/2025,PWS,SBR1,60.63698,-146.00447,201,Orange,Juvenile,3203,57,40,20,22.81,2.801,6.626,14.01,EVOS_SBR1_3202-3203_201_6/16/2025_Juvenile,,,,,,,,,,,,,,
3,6/10/2025,6/14/2025,6/16/2025,PWS,SBR1,60.63698,-146.00447,201,Orange,Juvenile,3204,83,57,24,34.023,4.634,6.629,13.736,EVOS_SBR1_3204-3205_201_6/16/2025_Juvenile,,,,,,,,,,,,,,
3,6/10/2025,6/14/2025,6/16/2025,PWS,SBR1,60.63698,-146.00447,201,Orange,Juvenile,3205,70,47,18,23.974,2.866,6.629,13.736,EVOS_SBR1_3204-3205_201_6/16/2025_Juvenile,,,,,,,,,,,,,,
3,6/10/2025,6/14/2025,6/16/2025,PWS,SBR1,60.63698,-146.00447,201,Orange,Juvenile,3206,45,42,14,10.869,1.616,6.628,10.871,EVOS_SBR1_3206-3207_201_6/16/2025_Juvenile,,,,,,,,,,,,,,
3,6/10/2025,6/14/2025,6/16/2025,PWS,SBR1,60.63698,-146.00447,201,Orange,Juvenile,3207,63,48,21,28.78,2.801,6.628,10.871,EVOS_SBR1_3206-3207_201_6/16/2025_Juvenile,,,,,,,,,,,,,,
3,6/10/2025,6/14/2025,6/16/2025,PWS,SBR1,60.63698,-146.00447,201,Orange,Juvenile,3208,65,54,21,31.327,3.358,,,,,,,,,,,,,,,,,
3,6/10/2025,6/14/2025,6/16/2025,PWS,SBR1,60.63698,-146.00447,201,Orange,Juvenile,3209,68,41,12,22.128,1.749,,,,,,,,,,,,,,,,,
3,6/10/2025,6/14/2025,6/16/2025,PWS,SBR1,60.63698,-146.00447,201,Orange,Juvenile,3210,55,38,19,20.02,2.499,,,,,,,,,,,,,,,,,
3,6/10/2025,6/14/2025,6/16/2025,PWS,SBR1,60.63698,-146.00447,201,Orange,Juvenile,3211,40,35,10,12.493,1.462,,,,,,,,,,,,,,,,,
3,6/10/2025,6/14/2025,6/16/2025,PWS,SBR1,60.63698,-146.00447,201,Orange,Juvenile,3212,67,47,19,25.52,2.307,,,,,,,,,,,,,,,,,
3,6/10/2025,6/14/2025,6/16/2025,PWS,SBR1,60.63698,-146.00447,201,Orange,Juvenile,3213,62,42,28,24.488,4.573,,,,,,,,,,,,,,,,,
3,6/10/2025,6/14/2025,6/16/2025,PWS,SBR1,60.63698,-146.00447,201,Orange,Juvenile,3214,59,46,23,27.829,3.955,,,,,,,,,,,,,,,,,
3,6/10/2025,6/14/2025,6/16/2025,PWS,SBR1,60.63698,-146.00447,201,Orange,Juvenile,3215,66,39,18,24.048,4.01,,,,,,,,,,,,,,,,,
3,6/10/2025,6/14/2025,6/16/2025,PWS,SBR1,60.63698,-146.00447,201,Orange,Juvenile,3216,60,39,19,21.932,4.027,,,,,,,,,,,,,,,,,
3,6/10/2025,6/14/2025,6/16/2025,PWS,SBR1,60.63698,-146.00447,201,Orange,Juvenile,3217,59,55,22,30.15,3.411,,,,,,,,,,,,,,,,,
3,6/10/2025,6/14/2025,6/16/2025,PWS,SBR1,60.63698,-146.00447,201,Orange,Juvenile,3218,66,43,24,29.152,3.921,,,,,,,,,,,,,,,,,
3,6/10/2025,6/14/2025,6/16/2025,PWS,SBR1,60.63698,-146.00447,201,Orange,Juvenile,3219,58,35,21,21.744,2.894,,,,,,,,,,,,,,,,,
3,6/10/2025,6/14/2025,6/17/2025,PWS,SBR1,60.63698,-146.00447,202,Orange,Juvenile,3220,81,48,19,35.369,4.235,6.632,13.819,EVOS_SBR1_3220-3221_202_6/17/2025_Juvenile,,,,,,,,,,,,,,
3,6/10/2025,6/14/2025,6/17/2025,PWS,SBR1,60.63698,-146.00447,202,Orange,Juvenile,3221,75,37,19,26.119,3.11,6.632,13.819,EVOS_SBR1_3220-3221_202_6/17/2025_Juvenile,,,,,,,,,,,,,,
3,6/10/2025,6/14/2025,6/17/2025,PWS,SBR1,60.63698,-146.00447,202,Orange,Juvenile,3222,59,35,21,24.612,2.425,6.642,11.612,EVOS_SBR1_3222-3223_202_6/17/2025_Juvenile,,,,,,,,,,,,,,
3,6/10/2025,6/14/2025,6/17/2025,PWS,SBR1,60.63698,-146.00447,202,Orange,Juvenile,3223,64,36,16,19.126,2.633,6.642,11.612,EVOS_SBR1_3222-3223_202_6/17/2025_Juvenile,,,,,,,,,,,,,,
3,6/10/2025,6/14/2025,6/17/2025,PWS,SBR1,60.63698,-146.00447,202,Orange,Juvenile,3224,67,45,17,27.997,2.043,6.628,13.199,EVOS_SBR1_3224-3225_202_6/17/2025_Juvenile,,,,,,,,,,,,,,
3,6/10/2025,6/14/2025,6/17/2025,PWS,SBR1,60.63698,-146.00447,202,Orange,Juvenile,3225,78,45,23,38.963,4.572,6.628,13.199,EVOS_SBR1_3224-3225_202_6/17/2025_Juvenile,,,,,,,,,,,,,,
3,6/10/2025,6/14/2025,6/17/2025,PWS,SBR1,60.63698,-146.00447,202,Orange,Juvenile,3226,73,35,16,21.775,2.355,6.651,10.543,EVOS_SBR1_3226-3227_202_6/17/2025_Juvenile,,,,,,,,,,,,,,
3,6/10/2025,6/14/2025,6/17/2025,PWS,SBR1,60.63698,-146.00447,202,Orange,Juvenile,3227,71,38,19,21.996,1.587,6.651,10.543,EVOS_SBR1_3226-3227_202_6/17/2025_Juvenile,,,,,,,,,,,,,,
3,6/10/2025,6/14/2025,6/17/2025,PWS,SBR1,60.63698,-146.00447,202,Orange,Juvenile,3228,72,47,17,21.957,2.361,,,,,,,,,,,,,,,,,
3,6/10/2025,6/14/2025,6/17/2025,PWS,SBR1,60.63698,-146.00447,202,Orange,Juvenile,3229,64,45,17,24.712,3.107,,,,,,,,,,,,,,,,,
3,6/10/2025,6/14/2025,6/17/2025,PWS,SBR1,60.63698,-146.00447,202,Orange,Juvenile,3230,65,35,19,20.815,2.906,,,,,,,,,,,,,,,,,
3,6/10/2025,6/14/2025,6/17/2025,PWS,SBR1,60.63698,-146.00447,202,Orange,Juvenile,3231,70,36,16,22.398,3.383,,,,,,,,,,,,,,,,,
3,6/10/2025,6/14/2025,6/17/2025,PWS,SBR1,60.63698,-146.00447,202,Orange,Juvenile,3232,66,37,17,20.889,1.155,,,,,,,,,,,,,,,,,
3,6/10/2025,6/14/2025,6/17/2025,PWS,SBR1,60.63698,-146.00447,202,Orange,Juvenile,3233,75,40,15,28.791,4.506,,,,,,,,,,,,,,,,,
3,6/10/2025,6/14/2025,6/17/2025,PWS,SBR1,60.63698,-146.00447,202,Orange,Juvenile,3234,60,42,21,30.594,3.772,,,,,,,,,,,,,,,,,
3,6/10/2025,6/14/2025,6/17/2025,PWS,SBR1,60.63698,-146.00447,202,Orange,Juvenile,3235,81,43,21,40.551,5.326,,,,,,,,,,,,,,,,,
3,6/10/2025,6/14/2025,6/17/2025,PWS,SBR1,60.63698,-146.00447,202,Orange,Juvenile,3236,69,49,18,29.915,2.851,,,,,,,,,,,,,,,,,
3,6/10/2025,6/14/2025,6/17/2025,PWS,SBR1,60.63698,-146.00447,202,Orange,Juvenile,3237,72,41,18,24.915,2.965,,,,,,,,,,,,,,,,,
3,6/10/2025,6/14/2025,6/17/2025,PWS,SBR1,60.63698,-146.00447,202,Orange,Juvenile,3238,60,40,20,19.409,3.374,,,,,,,,,,,,,,,,,
3,6/10/2025,6/14/2025,6/17/2025,PWS,SBR1,60.63698,-146.00447,202,Orange,Juvenile,3239,na,na,na,na,na,,,,,,,,,,,,,,,,,
3,6/10/2025,6/14/2025,6/17/2025,PWS,SBO1,60.65705,-145.89151,209,Orange,Juvenile,3240,63,34,13,14.732,2.012,6.601,10.332,EVOS_SBR1_3240-3241_209_6/17/2025_Juvenile,,,,,,,,,,,,,,
3,6/10/2025,6/14/2025,6/17/2025,PWS,SBO1,60.65705,-145.89151,209,Orange,Juvenile,3241,54,38,16,14.7,1.949,6.601,10.332,EVOS_SBR1_3240-3241_209_6/17/2025_Juvenile,,,,,,,,,,,,,,
3,6/10/2025,6/14/2025,6/17/2025,PWS,SBO1,60.65705,-145.89151,209,Orange,Juvenile,3242,65,43,13,17.052,2.138,6.647,10.461,EVOS_SBR1_3242-3243_209_6/17/2025_Juvenile,,,,,,,,,,,,,,
3,6/10/2025,6/14/2025,6/17/2025,PWS,SBO1,60.65705,-145.89151,209,Orange,Juvenile,3243,54,43,14,11.817,1.757,6.647,10.461,EVOS_SBR1_3242-3243_209_6/17/2025_Juvenile,,,,,,,,,,,,,,
3,6/10/2025,6/14/2025,6/17/2025,PWS,SBO1,60.65705,-145.89151,209,Orange,Juvenile,3244,56,43,18,16.849,2.156,6.585,11.238,EVOS_SBR1_3244-3245_209_6/17/2025_Juvenile,,,,,,,,,,,,,,
3,6/10/2025,6/14/2025,6/17/2025,PWS,SBO1,60.65705,-145.89151,209,Orange,Juvenile,3245,60,34,20,18.632,2.62,6.585,11.238,EVOS_SBR1_3244-3245_209_6/17/2025_Juvenile,,,,,,,,,,,,,,
3,6/10/2025,6/14/2025,6/17/2025,PWS,SBO1,60.65705,-145.89151,209,Orange,Juvenile,3246,65,49,14,15.284,2.008,6.588,10.309,EVOS_SBR1_3246-3247_209_6/17/2025_Juvenile,,,,,,,,,,,,,,
3,6/10/2025,6/14/2025,6/17/2025,PWS,SBO1,60.65705,-145.89151,209,Orange,Juvenile,3247,61,32,17,13.869,1.947,6.588,10.309,EVOS_SBR1_3246-3247_209_6/17/2025_Juvenile,,,,,,,,,,,,,,
3,6/10/2025,6/14/2025,6/17/2025,PWS,SBO1,60.65705,-145.89151,209,Orange,Juvenile,3248,57,30,18,13.067,1.654,,,,,,,,,,,,,,,,,
3,6/10/2025,6/14/2025,6/17/2025,PWS,SBO1,60.65705,-145.89151,209,Orange,Juvenile,3249,60,32,15,12.984,1.753,,,,,,,,,,,,,,,,,
3,6/10/2025,6/14/2025,6/17/2025,PWS,SBO1,60.65705,-145.89151,209,Orange,Juvenile,3250,53,44,13,13.834,2.07,,,,,,,,,,,,,,,,,
3,6/10/2025,6/14/2025,6/17/2025,PWS,SBO1,60.65705,-145.89151,209,Orange,Juvenile,3251,70,31,19,16.343,2.197,,,,,,,,,,,,,,,,,
3,6/10/2025,6/14/2025,6/17/2025,PWS,SBO1,60.65705,-145.89151,209,Orange,Juvenile,3252,46,36,12,8.68,1.357,,,,,,,,,,,,,,,,,
3,6/10/2025,6/14/2025,6/17/2025,PWS,SBO1,60.65705,-145.89151,209,Orange,Juvenile,3253,48,44,20,11.419,1.54,,,,,,,,,,,,,,,,,
3,6/10/2025,6/14/2025,6/17/2025,PWS,SBO1,60.65705,-145.89151,209,Orange,Juvenile,3254,55,34,13,10.059,1.075,,,,,,,,,,,,,,,,,
3,6/10/2025,6/14/2025,6/17/2025,PWS,SBO1,60.65705,-145.89151,209,Orange,Juvenile,3255,42,37,13,10.694,1.931,,,,,,,,,,,,,,,,,
3,6/10/2025,6/14/2025,6/17/2025,PWS,SBO1,60.65705,-145.89151,209,Orange,Juvenile,3256,57,44,18,15.087,2.599,,,,,,,,,,,,,,,,,
3,6/10/2025,6/14/2025,6/17/2025,PWS,SBO1,60.65705,-145.89151,209,Orange,Juvenile,3257,36,25,23,8.546,1.412,,,,,,,,,,,,,,,,,
3,6/10/2025,6/14/2025,6/17/2025,PWS,SBO1,60.65705,-145.89151,209,Orange,Juvenile,3258,44,34,13,10.721,1.63,,,,,,,,,,,,,,,,,
3,6/10/2025,6/14/2025,6/17/2025,PWS,SBO1,60.65705,-145.89151,209,Orange,Juvenile,3259,44,26,17,7.604,1.027,,,,,,,,,,,,,,,,,
3,6/10/2025,6/14/2025,6/17/2025,PWS,SBO1,60.65705,-145.89151,208,Orange,Juvenile,3260,59,39,15,15.636,2.837,6.605,11.366,EVOS_SBR1_3260-3261_208_6/17/2025_Juvenile,,,,,,,,,,,,,,
3,6/10/2025,6/14/2025,6/17/2025,PWS,SBO1,60.65705,-145.89151,208,Orange,Juvenile,3261,68,36,17,16.985,2.307,6.605,11.366,EVOS_SBR1_3260-3261_208_6/17/2025_Juvenile,,,,,,,,,,,,,,
3,6/10/2025,6/14/2025,6/17/2025,PWS,SBO1,60.65705,-145.89151,208,Orange,Juvenile,3262,53,34,15,10.017,1.653,6.634,10.009,EVOS_SBR1_3262-3263_208_6/17/2025_Juvenile,,,,,,,,,,,,,,
3,6/10/2025,6/14/2025,6/17/2025,PWS,SBO1,60.65705,-145.89151,208,Orange,Juvenile,3263,59,35,16,14.38,1.967,6.634,10.009,EVOS_SBR1_3262-3263_208_6/17/2025_Juvenile,,,,,,,,,,,,,,
3,6/10/2025,6/14/2025,6/17/2025,PWS,SBO1,60.65705,-145.89151,208,Orange,Juvenile,3264,36,23,10,3.973,0.737,6.621,10.047,EVOS_SBR1_3264-3265_208_6/17/2025_Juvenile,,,,,,,,,,,,,,
3,6/10/2025,6/14/2025,6/17/2025,PWS,SBO1,60.65705,-145.89151,208,Orange,Juvenile,3265,74,35,17,18.091,2.894,6.621,10.047,EVOS_SBR1_3264-3265_208_6/17/2025_Juvenile,,,,,,,,,,,,,,
3,6/10/2025,6/14/2025,6/17/2025,PWS,SBO1,60.65705,-145.89151,208,Orange,Juvenile,3266,48,33,13,10.726,1.657,6.639,9.465,EVOS_SBR1_3266-3267_208_6/17/2025_Juvenile,,,,,,,,,,,,,,
3,6/10/2025,6/14/2025,6/17/2025,PWS,SBO1,60.65705,-145.89151,208,Orange,Juvenile,3267,45,30,15,9.912,1.413,6.639,9.465,EVOS_SBR1_3266-3267_208_6/17/2025_Juvenile,,,,,,,,,,,,,,
3,6/10/2025,6/14/2025,6/17/2025,PWS,SBO1,60.65705,-145.89151,208,Orange,Juvenile,3268,58,35,18,12.687,2.278,,,,,,,,,,,,,,,,,
3,6/10/2025,6/14/2025,6/17/2025,PWS,SBO1,60.65705,-145.89151,208,Orange,Juvenile,3269,58,35,13,12.124,1.75,,,,,,,,,,,,,,,,,
3,6/10/2025,6/14/2025,6/17/2025,PWS,SBO1,60.65705,-145.89151,208,Orange,Juvenile,3270,65,38,16,17.839,2.709,,,,,,,,,,,,,,,,,
3,6/10/2025,6/14/2025,6/17/2025,PWS,SBO1,60.65705,-145.89151,208,Orange,Juvenile,3271,69,30,16,16.538,2.62,,,,,,,,,,,,,,,,,
3,6/10/2025,6/14/2025,6/17/2025,PWS,SBO1,60.65705,-145.89151,208,Orange,Juvenile,3272,55,33,16,10.565,1.64,,,,,,,,,,,,,,,,,
3,6/10/2025,6/14/2025,6/17/2025,PWS,SBO1,60.65705,-145.89151,208,Orange,Juvenile,3273,56,30,13,8.833,1.303,,,,,,,,,,,,,,,,,
3,6/10/2025,6/14/2025,6/17/2025,PWS,SBO1,60.65705,-145.89151,208,Orange,Juvenile,3274,49,34,11,9.951,1.275,,,,,,,,,,,,,,,,,
3,6/10/2025,6/14/2025,6/17/2025,PWS,SBO1,60.65705,-145.89151,208,Orange,Juvenile,3275,56,39,15,13.336,1.949,,,,,,,,,,,,,,,,,
3,6/10/2025,6/14/2025,6/17/2025,PWS,SBO1,60.65705,-145.89151,208,Orange,Juvenile,3276,58,34,16,16.447,2.268,,,,,,,,,,,,,,,,,
3,6/10/2025,6/14/2025,6/17/2025,PWS,SBO1,60.65705,-145.89151,208,Orange,Juvenile,3277,59,37,15,13.889,1.957,,,,,,,,,,,,,,,,,
3,6/10/2025,6/14/2025,6/17/2025,PWS,SBO1,60.65705,-145.89151,208,Orange,Juvenile,3278,55,39,16,13.339,2.628,,,,,,,,,,,,,,,,,
3,6/10/2025,6/14/2025,6/17/2025,PWS,SBO1,60.65705,-145.89151,208,Orange,Juvenile,3279,64,32,14,11.678,1.846,,,,,,,,,,,,,,,,,
3,6/10/2025,6/14/2025,6/17/2025,PWS,SBO1,60.65705,-145.89151,207,Orange,Juvenile,3280,55,33,15,12.468,1.733,6.624,10.187,EVOS_SBR1_3280-3281_207_6/17/2025_Juvenile,,,,,,,,,,,,,,
3,6/10/2025,6/14/2025,6/17/2025,PWS,SBO1,60.65705,-145.89151,207,Orange,Juvenile,3281,67,32,21,15.374,2.107,,,,,,,,,,,,,,,,,
3,6/10/2025,6/14/2025,6/17/2025,PWS,SBO1,60.65705,-145.89151,207,Orange,Juvenile,3282,70,38,15,16.639,1.587,6.632,9.823,EVOS_SBR1_3282-3283_207_6/17/2025_Juvenile,,,,,,,,,,,,,,
3,6/10/2025,6/14/2025,6/17/2025,PWS,SBO1,60.65705,-145.89151,207,Orange,Juvenile,3283,59,36,14,11.136,1.703,,,,,,,,,,,,,,,,,
3,6/10/2025,6/14/2025,6/17/2025,PWS,SBO1,60.65705,-145.89151,207,Orange,Juvenile,3284,55,34,12,10.917,1.271,6.62,9.715,EVOS_SBR1_3284-3285_207_6/17/2025_Juvenile,,,,,,,,,,,,,,
3,6/10/2025,6/14/2025,6/17/2025,PWS,SBO1,60.65705,-145.89151,207,Orange,Juvenile,3285,70,36,15,15.175,2.052,,,,,,,,,,,,,,,,,
3,6/10/2025,6/14/2025,6/17/2025,PWS,SBO1,60.65705,-145.89151,207,Orange,Juvenile,3286,69,33,13,15.68,1.991,6.621,11.223,EVOS_SBR1_3286-3287_207_6/17/2025_Juvenile,,,,,,,,,,,,,,
3,6/10/2025,6/14/2025,6/17/2025,PWS,SBO1,60.65705,-145.89151,207,Orange,Juvenile,3287,73,43,16,19.031,2.78,,,,,,,,,,,,,,,,,
3,6/10/2025,6/14/2025,6/17/2025,PWS,SBO1,60.65705,-145.89151,207,Orange,Juvenile,3288,59,39,14,11.274,1.698,,,,,,,,,,,,,,,,,
3,6/10/2025,6/14/2025,6/17/2025,PWS,SBO1,60.65705,-145.89151,207,Orange,Juvenile,3289,75,48,15,18.868,2.765,,,,,,,,,,,,,,,,,
3,6/10/2025,6/14/2025,6/17/2025,PWS,SBO1,60.65705,-145.89151,207,Orange,Juvenile,3290,67,32,18,19.637,1.922,,,,,,,,,,,,,,,,,
3,6/10/2025,6/14/2025,6/17/2025,PWS,SBO1,60.65705,-145.89151,207,Orange,Juvenile,3291,60,29,19,13.425,1.994,,,,,,,,,,,,,,,,,
3,6/10/2025,6/14/2025,6/17/2025,PWS,SBO1,60.65705,-145.89151,207,Orange,Juvenile,3292,55,32,13,10.122,1.53,,,,,,,,,,,,,,,,,
3,6/10/2025,6/14/2025,6/17/2025,PWS,SBO1,60.65705,-145.89151,207,Orange,Juvenile,3293,65,35,14,14.523,1.607,,,,,,,,,,,,,,,,,
3,6/10/2025,6/14/2025,6/17/2025,PWS,SBO1,60.65705,-145.89151,207,Orange,Juvenile,3294,68,31,18,16.424,1.985,,,,,,,,,,,,,,,,,
3,6/10/2025,6/14/2025,6/17/2025,PWS,SBO1,60.65705,-145.89151,207,Orange,Juvenile,3295,79,32,16,18.758,2.423,,,,,,,,,,,,,,,,,
3,6/10/2025,6/14/2025,6/17/2025,PWS,SBO1,60.65705,-145.89151,207,Orange,Juvenile,3296,80,40,15,24.71,3.157,,,,,,,,,,,,,,,,,
3,6/10/2025,6/14/2025,6/17/2025,PWS,SBO1,60.65705,-145.89151,207,Orange,Juvenile,3297,60,40,14,16.518,1.931,,,,,,,,,,,,,,,,,
3,6/10/2025,6/14/2025,6/17/2025,PWS,SBO1,60.65705,-145.89151,207,Orange,Juvenile,3298,58,27,13,10.106,1.562,,,,,,,,,,,,,,,,,
3,6/10/2025,6/14/2025,6/17/2025,PWS,SBO1,60.65705,-145.89151,207,Orange,Juvenile,3299,45,30,12,6.225,0.974,,,,,,,,,,,,,,,,,
3,6/14/2025,6/15/2025,6/17/2025,PWS,ROK1,60.5629,-145.96046,206,Orange,Juvenile,3300,68,43,17,20.362,3.055,6.589,14.903,EVOS_ROK1_3300-3301_206_6/17/2025_Juvenile,,,,,,,,,,,,,,
3,6/14/2025,6/15/2025,6/17/2025,PWS,ROK1,60.5629,-145.96046,206,Orange,Juvenile,3301,72,45,20,38.843,5.531,6.589,14.903,EVOS_ROK1_3300-3301_206_6/17/2025_Juvenile,,,,,,,,,,,,,,
3,6/14/2025,6/15/2025,6/17/2025,PWS,ROK1,60.5629,-145.96046,206,Orange,Juvenile,3302,69,39,24,26.812,2.993,6.59,12.251,EVOS_ROK1_3302-3303_206_6/17/2025_Juvenile,,,,,,,,,,,,,,
3,6/14/2025,6/15/2025,6/17/2025,PWS,ROK1,60.5629,-145.96046,206,Orange,Juvenile,3303,56,36,15,15.83,2.835,6.59,12.251,EVOS_ROK1_3302-3303_206_6/17/2025_Juvenile,,,,,,,,,,,,,,
3,6/14/2025,6/15/2025,6/17/2025,PWS,ROK1,60.5629,-145.96046,206,Orange,Juvenile,3304,72,35,20,32.437,3.404,6.637,15.831,EVOS_ROK1_3304-3305_206_6/17/2025_Juvenile,,,,,,,,,,,,,,
3,6/14/2025,6/15/2025,6/17/2025,PWS,ROK1,60.5629,-145.96046,206,Orange,Juvenile,3305,83,40,20,43.809,6.375,6.637,15.831,EVOS_ROK1_3304-3305_206_6/17/2025_Juvenile,,,,,,,,,,,,,,
3,6/14/2025,6/15/2025,6/17/2025,PWS,ROK1,60.5629,-145.96046,206,Orange,Juvenile,3306,60,41,17,23.046,3.57,6.625,13.171,EVOS_ROK1_3306-3307_206_6/17/2025_Juvenile,,,,,,,,,,,,,,
3,6/14/2025,6/15/2025,6/17/2025,PWS,ROK1,60.5629,-145.96046,206,Orange,Juvenile,3307,52,47,19,23.264,3.237,6.625,13.171,EVOS_ROK1_3306-3307_206_6/17/2025_Juvenile,,,,,,,,,,,,,,
3,6/14/2025,6/15/2025,6/17/2025,PWS,ROK1,60.5629,-145.96046,206,Orange,Juvenile,3308,52,30,14,10.77,1.994,,,,,,,,,,,,,,,,,
3,6/14/2025,6/15/2025,6/17/2025,PWS,ROK1,60.5629,-145.96046,206,Orange,Juvenile,3309,74,35,21,19.988,3.226,,,,,,,,,,,,,,,,,
3,6/14/2025,6/15/2025,6/17/2025,PWS,ROK1,60.5629,-145.96046,206,Orange,Juvenile,3310,55,32,15,13.629,1.587,,,,,,,,,,,,,,,,,
3,6/14/2025,6/15/2025,6/17/2025,PWS,ROK1,60.5629,-145.96046,206,Orange,Juvenile,3311,50,42,16,16.021,2.869,,,,,,,,,,,,,,,,,
3,6/14/2025,6/15/2025,6/17/2025,PWS,ROK1,60.5629,-145.96046,206,Orange,Juvenile,3312,55,38,21,13.371,2.114,,,,,,,,,,,,,,,,,
3,6/14/2025,6/15/2025,6/17/2025,PWS,ROK1,60.5629,-145.96046,206,Orange,Juvenile,3313,55,40,13,11.997,1.895,,,,,,,,,,,,,,,,,
3,6/14/2025,6/15/2025,6/17/2025,PWS,ROK1,60.5629,-145.96046,206,Orange,Juvenile,3314,74,47,27,50.332,7.986,,,,,,,,,,,,,,,,,
3,6/14/2025,6/15/2025,6/17/2025,PWS,ROK1,60.5629,-145.96046,206,Orange,Juvenile,3315,46,26,12,7.604,0.931,,,,,,,,,,,,,,,,,
3,6/14/2025,6/15/2025,6/17/2025,PWS,ROK1,60.5629,-145.96046,206,Orange,Juvenile,3316,50,34,15,14.759,1.7,,,,,,,,,,,,,,,,,
3,6/14/2025,6/15/2025,6/17/2025,PWS,ROK1,60.5629,-145.96046,206,Orange,Juvenile,3317,68,44,25,36.892,4.836,,,,,,,,,,,,,,,,,
3,6/14/2025,6/15/2025,6/17/2025,PWS,ROK1,60.5629,-145.96046,206,Orange,Juvenile,3318,63,43,22,24.283,4.197,,,,,,,,,,,,,,,,,
3,6/14/2025,6/15/2025,6/17/2025,PWS,ROK1,60.5629,-145.96046,205,Orange,Juvenile,3319,41,37,17,13.522,1.817,6.634,11.693,EVOS_ROK1_3320-3321_205_6/17/2025_Juvenile,,,,,,,,,,,,,,
3,6/14/2025,6/15/2025,6/17/2025,PWS,ROK1,60.5629,-145.96046,205,Orange,Juvenile,3320,83,47,21,35.156,4.309,6.634,11.693,EVOS_ROK1_3320-3321_205_6/17/2025_Juvenile,,,,,,,,,,,,,,
3,6/14/2025,6/15/2025,6/17/2025,PWS,ROK1,60.5629,-145.96046,205,Orange,Juvenile,3321,34,26,11,6.202,0.983,6.628,13.608,EVOS_ROK1_3322-3323_205_6/17/2025_Juvenile,,,,,,,,,,,,,,
3,6/14/2025,6/15/2025,6/17/2025,PWS,ROK1,60.5629,-145.96046,205,Orange,Juvenile,3322,69,40,16,18.04,2.709,6.628,13.608,EVOS_ROK1_3322-3323_205_6/17/2025_Juvenile,,,,,,,,,,,,,,
3,6/14/2025,6/15/2025,6/17/2025,PWS,ROK1,60.5629,-145.96046,205,Orange,Juvenile,3323,69,53,23,31.351,4.617,6.595,10.824,EVOS_ROK1_3324-3325_205_6/17/2025_Juvenile,,,,,,,,,,,,,,
3,6/14/2025,6/15/2025,6/17/2025,PWS,ROK1,60.5629,-145.96046,205,Orange,Juvenile,3324,50,36,20,18.831,2.23,6.595,10.824,EVOS_ROK1_3324-3325_205_6/17/2025_Juvenile,,,,,,,,,,,,,,
3,6/14/2025,6/15/2025,6/17/2025,PWS,ROK1,60.5629,-145.96046,205,Orange,Juvenile,3325,58,36,19,26.842,2.221,6.596,11.685,EVOS_ROK1_3326-3327_205_6/17/2025_Juvenile,,,,,,,,,,,,,,
3,6/14/2025,6/15/2025,6/17/2025,PWS,ROK1,60.5629,-145.96046,205,Orange,Juvenile,3326,46,31,13,9.452,0.966,6.596,11.685,EVOS_ROK1_3326-3327_205_6/17/2025_Juvenile,,,,,,,,,,,,,,
3,6/14/2025,6/15/2025,6/17/2025,PWS,ROK1,60.5629,-145.96046,205,Orange,Juvenile,3327,76,47,23,39.91,4.599,,,,,,,,,,,,,,,,,
3,6/14/2025,6/15/2025,6/17/2025,PWS,ROK1,60.5629,-145.96046,205,Orange,Juvenile,3328,59,37,16,20.787,2.661,,,,,,,,,,,,,,,,,
3,6/14/2025,6/15/2025,6/17/2025,PWS,ROK1,60.5629,-145.96046,205,Orange,Juvenile,3329,59,38,14,17.164,1.807,,,,,,,,,,,,,,,,,
3,6/14/2025,6/15/2025,6/17/2025,PWS,ROK1,60.5629,-145.96046,205,Orange,Juvenile,3330,64,33,14,24.235,2.513,,,,,,,,,,,,,,,,,
3,6/14/2025,6/15/2025,6/17/2025,PWS,ROK1,60.5629,-145.96046,205,Orange,Juvenile,3331,55,33,22,24.685,2.494,,,,,,,,,,,,,,,,,
3,6/14/2025,6/15/2025,6/17/2025,PWS,ROK1,60.5629,-145.96046,205,Orange,Juvenile,3332,80,35,23,30.079,4.82,,,,,,,,,,,,,,,,,
3,6/14/2025,6/15/2025,6/17/2025,PWS,ROK1,60.5629,-145.96046,205,Orange,Juvenile,3333,75,40,18,24.963,3.88,,,,,,,,,,,,,,,,,
3,6/14/2025,6/15/2025,6/17/2025,PWS,ROK1,60.5629,-145.96046,205,Orange,Juvenile,3334,61,37,21,22.01,2.083,,,,,,,,,,,,,,,,,
3,6/14/2025,6/15/2025,6/17/2025,PWS,ROK1,60.5629,-145.96046,205,Orange,Juvenile,3335,68,38,17,28.565,4.398,,,,,,,,,,,,,,,,,
3,6/14/2025,6/15/2025,6/17/2025,PWS,ROK1,60.5629,-145.96046,205,Orange,Juvenile,3336,71,40,19,28.458,3.945,,,,,,,,,,,,,,,,,
3,6/14/2025,6/15/2025,6/17/2025,PWS,ROK1,60.5629,-145.96046,205,Orange,Juvenile,3337,53,32,15,12.216,1.072,,,,,,,,,,,,,,,,,
3,6/14/2025,6/15/2025,6/17/2025,PWS,ROK1,60.5629,-145.96046,205,Orange,Juvenile,3338,72,35,20,28.479,2.571,,,,,,,,,,,,,,,,,
3,6/14/2025,6/15/2025,6/17/2025,PWS,ROK1,60.5629,-145.96046,205,Orange,Juvenile,3339,63,42,15,26.651,3.419,,,,,,,,,,,,,,,,,
3,6/14/2025,6/15/2025,6/17/2025,PWS,ROK1,60.5629,-145.96046,204,Orange,Juvenile,3340,64,32,18,24.5,2.912,6.607,13.98,EVOS_ROK1_3340-3341_204_6/17/2025_Juvenile,,,,,,,,,,,,,,
3,6/14/2025,6/15/2025,6/17/2025,PWS,ROK1,60.5629,-145.96046,204,Orange,Juvenile,3341,76,42,21,35.005,4.608,6.607,13.98,EVOS_ROK1_3340-3341_204_6/17/2025_Juvenile,,,,,,,,,,,,,,
3,6/14/2025,6/15/2025,6/17/2025,PWS,ROK1,60.5629,-145.96046,204,Orange,Juvenile,3342,62,45,15,23.699,2.827,6.601,12.85,EVOS_ROK1_3342-3343_204_6/17/2025_Juvenile,,,,,,,,,,,,,,
3,6/14/2025,6/15/2025,6/17/2025,PWS,ROK1,60.5629,-145.96046,204,Orange,Juvenile,3343,68,36,21,22.926,3.504,6.601,12.85,EVOS_ROK1_3342-3343_204_6/17/2025_Juvenile,,,,,,,,,,,,,,
3,6/14/2025,6/15/2025,6/17/2025,PWS,ROK1,60.5629,-145.96046,204,Orange,Juvenile,3344,41,35,16,16.969,2.722,6.583,14.61,EVOS_ROK1_3344-3345_204_6/17/2025_Juvenile,,,,,,,,,,,,,,
3,6/14/2025,6/15/2025,6/17/2025,PWS,ROK1,60.5629,-145.96046,204,Orange,Juvenile,3345,75,50,20,36.594,5.937,6.583,14.61,EVOS_ROK1_3344-3345_204_6/17/2025_Juvenile,,,,,,,,,,,,,,
3,6/14/2025,6/15/2025,6/17/2025,PWS,ROK1,60.5629,-145.96046,204,Orange,Juvenile,3346,59,32,17,20.67,3.021,6.622,14.093,EVOS_ROK1_3346-3347_204_6/17/2025_Juvenile,,,,,,,,,,,,,,
3,6/14/2025,6/15/2025,6/17/2025,PWS,ROK1,60.5629,-145.96046,204,Orange,Juvenile,3347,57,42,24,24.084,4.394,6.622,14.093,EVOS_ROK1_3346-3347_204_6/17/2025_Juvenile,,,,,,,,,,,,,,
3,6/14/2025,6/15/2025,6/17/2025,PWS,ROK1,60.5629,-145.96046,204,Orange,Juvenile,3348,51,31,15,15.376,1.849,,,,,,,,,,,,,,,,,
3,6/14/2025,6/15/2025,6/17/2025,PWS,ROK1,60.5629,-145.96046,204,Orange,Juvenile,3349,63,42,17,20.966,4.505,,,,,,,,,,,,,,,,,
3,6/14/2025,6/15/2025,6/17/2025,PWS,ROK1,60.5629,-145.96046,204,Orange,Juvenile,3350,45,40,16,13.182,1.026,,,,,,,,,,,,,,,,,
3,6/14/2025,6/15/2025,6/17/2025,PWS,ROK1,60.5629,-145.96046,204,Orange,Juvenile,3351,69,47,19,32.025,3.905,,,,,,,,,,,,,,,,,
3,6/14/2025,6/15/2025,6/17/2025,PWS,ROK1,60.5629,-145.96046,204,Orange,Juvenile,3352,47,36,14,14.185,1.664,,,,,,,,,,,,,,,,,
3,6/14/2025,6/15/2025,6/17/2025,PWS,ROK1,60.5629,-145.96046,204,Orange,Juvenile,3353,67,40,16,23.545,3.405,,,,,,,,,,,,,,,,,
3,6/14/2025,6/15/2025,6/17/2025,PWS,ROK1,60.5629,-145.96046,204,Orange,Juvenile,3354,53,40,15,17.449,2.044,,,,,,,,,,,,,,,,,
3,6/14/2025,6/15/2025,6/17/2025,PWS,ROK1,60.5629,-145.96046,204,Orange,Juvenile,3355,59,42,22,29.841,4.51,,,,,,,,,,,,,,,,,
3,6/14/2025,6/15/2025,6/17/2025,PWS,ROK1,60.5629,-145.96046,204,Orange,Juvenile,3356,63,34,15,21.16,4.311,,,,,,,,,,,,,,,,,
3,6/14/2025,6/15/2025,6/17/2025,PWS,ROK1,60.5629,-145.96046,204,Orange,Juvenile,3357,53,37,20,21.462,4.359,,,,,,,,,,,,,,,,,
3,6/14/2025,6/15/2025,6/17/2025,PWS,ROK1,60.5629,-145.96046,204,Orange,Juvenile,3358,62,38,13,21.806,3.04,,,,,,,,,,,,,,,,,
3,6/14/2025,6/15/2025,6/17/2025,PWS,ROK1,60.5629,-145.96046,204,Orange,Juvenile,3359,61,45,21,27.693,3.507,,,,,,,,,,,,,,,,,
3,6/17/2025,6/19/2025,6/20/2025,Kodiak,AOF1,57.65784,-152.42018,223,Orange,Juvenile,3360,65,35,14,23.651,3.395,6.624,14.173,EVOS_AOF_3360-3361_223_6/20/2025_Juvenile,,,,,,,,,,,,,,
3,6/17/2025,6/19/2025,6/20/2025,Kodiak,AOF1,57.65784,-152.42018,223,Orange,Juvenile,3361,65,38,16,23.843,4.119,6.624,14.173,EVOS_AOF_3360-3361_223_6/20/2025_Juvenile,,,,,,,,,,,,,,
3,6/17/2025,6/19/2025,6/20/2025,Kodiak,AOF1,57.65784,-152.42018,223,Orange,Juvenile,3362,61,40,18,22.854,3.509,6.623,15.193,EVOS_AOF_3362-3363_223_6/20/2025_Juvenile,,,,,,,,,,,,,,
3,6/17/2025,6/19/2025,6/20/2025,Kodiak,AOF1,57.65784,-152.42018,223,Orange,Juvenile,3363,62,45,19,25.07,5.294,6.623,15.193,EVOS_AOF_3362-3363_223_6/20/2025_Juvenile,,,,,,,,,,,,,,
3,6/17/2025,6/19/2025,6/20/2025,Kodiak,AOF1,57.65784,-152.42018,223,Orange,Juvenile,3364,67,42,16,22.032,3.845,6.593,14.893,EVOS_AOF_3364-3365_223_6/20/2025_Juvenile,,,,,,,,,,,,,,
3,6/17/2025,6/19/2025,6/20/2025,Kodiak,AOF1,57.65784,-152.42018,223,Orange,Juvenile,3365,57,37,18,25.539,4.711,6.593,14.893,EVOS_AOF_3364-3365_223_6/20/2025_Juvenile,,,,,,,,,,,,,,
3,6/17/2025,6/19/2025,6/20/2025,Kodiak,AOF1,57.65784,-152.42018,223,Orange,Juvenile,3366,49,40,18,18.127,2.729,6.646,13.62,EVOS_AOF_3366-3367_223_6/20/2025_Juvenile,,,,,,,,,,,,,,
3,6/17/2025,6/19/2025,6/20/2025,Kodiak,AOF1,57.65784,-152.42018,223,Orange,Juvenile,3367,66,39,21,19.181,4.544,6.646,13.62,EVOS_AOF_3366-3367_223_6/20/2025_Juvenile,,,,,,,,,,,,,,
3,6/17/2025,6/19/2025,6/20/2025,Kodiak,AOF1,57.65784,-152.42018,223,Orange,Juvenile,3368,53,37,19,18.929,3.08,,,,,,,,,,,,,,,,,
3,6/17/2025,6/19/2025,6/20/2025,Kodiak,AOF1,57.65784,-152.42018,223,Orange,Juvenile,3369,65,42,20,28.532,4.884,,,,,,,,,,,,,,,,,
3,6/17/2025,6/19/2025,6/20/2025,Kodiak,AOF1,57.65784,-152.42018,223,Orange,Juvenile,3370,54,36,18,18.124,2.984,,,,,,,,,,,,,,,,,
3,6/17/2025,6/19/2025,6/20/2025,Kodiak,AOF1,57.65784,-152.42018,223,Orange,Juvenile,3371,59,41,14,19.698,3.061,,,,,,,,,,,,,,,,,
3,6/17/2025,6/19/2025,6/20/2025,Kodiak,AOF1,57.65784,-152.42018,223,Orange,Juvenile,3372,61,34,18,25.731,4.212,,,,,,,,,,,,,,,,,
3,6/17/2025,6/19/2025,6/20/2025,Kodiak,AOF1,57.65784,-152.42018,223,Orange,Juvenile,3373,64,46,21,23.938,4.936,,,,,,,,,,,,,,,,,
3,6/17/2025,6/19/2025,6/20/2025,Kodiak,AOF1,57.65784,-152.42018,223,Orange,Juvenile,3374,62,39,18,24.778,5.509,,,,,,,,,,,,,,,,,
3,6/17/2025,6/19/2025,6/20/2025,Kodiak,AOF1,57.65784,-152.42018,223,Orange,Juvenile,3375,60,39,19,24.834,4.654,,,,,,,,,,,,,,,,,
3,6/17/2025,6/19/2025,6/20/2025,Kodiak,AOF1,57.65784,-152.42018,223,Orange,Juvenile,3376,60,34,19,20.581,4.032,,,,,,,,,,,,,,,,,
3,6/17/2025,6/19/2025,6/20/2025,Kodiak,AOF1,57.65784,-152.42018,223,Orange,Juvenile,3377,56,42,17,25.496,4.316,,,,,,,,,,,,,,,,,
3,6/17/2025,6/19/2025,6/20/2025,Kodiak,AOF1,57.65784,-152.42018,223,Orange,Juvenile,3378,60,34,17,18.327,3.48,,,,,,,,,,,,,,,,,
3,6/17/2025,6/19/2025,6/20/2025,Kodiak,AOF1,57.65784,-152.42018,223,Orange,Juvenile,3379,56,36,19,21.426,3.982,,,,,,,,,,,,,,,,,
3,6/17/2025,6/19/2025,6/20/2025,Kodiak,AOF1,57.65784,-152.42018,222,Orange,Juvenile,3380,51,34,18,18.759,4.466,6.594,13.483,EVOS_AOF_3380-3381_222_6/20/2025_Juvenile,,,,,,,,,,,,,,
3,6/17/2025,6/19/2025,6/20/2025,Kodiak,AOF1,57.65784,-152.42018,222,Orange,Juvenile,3381,47,32,15,12.777,2.454,6.594,13.483,EVOS_AOF_3380-3381_222_6/20/2025_Juvenile,,,,,,,,,,,,,,
3,6/17/2025,6/19/2025,6/20/2025,Kodiak,AOF1,57.65784,-152.42018,222,Orange,Juvenile,3382,52,31,20,17.703,4.091,9.918,14.597,EVOS_AOF_3382-3383_222_6/20/2025_Juvenile,,,,,,,,,,,,,,
3,6/17/2025,6/19/2025,6/20/2025,Kodiak,AOF1,57.65784,-152.42018,222,Orange,Juvenile,3383,47,34,11,16.117,3.987,9.918,14.597,EVOS_AOF_3382-3383_222_6/20/2025_Juvenile,,,,,,,,,,,,,,
3,6/17/2025,6/19/2025,6/20/2025,Kodiak,AOF1,57.65784,-152.42018,222,Orange,Juvenile,3384,45,31,17,11.252,2.429,6.612,12.243,EVOS_AOF_3384-3385_222_6/20/2025_Juvenile,,,,,,,,,,,,,,
3,6/17/2025,6/19/2025,6/20/2025,Kodiak,AOF1,57.65784,-152.42018,222,Orange,Juvenile,3385,46,35,15,14.963,3.268,6.612,12.243,EVOS_AOF_3384-3385_222_6/20/2025_Juvenile,,,,,,,,,,,,,,
3,6/17/2025,6/19/2025,6/20/2025,Kodiak,AOF1,57.65784,-152.42018,222,Orange,Juvenile,3386,42,31,15,13.212,2.735,6.614,11.985,EVOS_AOF_3386-3387_222_6/20/2025_Juvenile,,,,,,,,,,,,,,
3,6/17/2025,6/19/2025,6/20/2025,Kodiak,AOF1,57.65784,-152.42018,222,Orange,Juvenile,3387,43,33,16,14.774,2.74,6.614,11.985,EVOS_AOF_3386-3387_222_6/20/2025_Juvenile,,,,,,,,,,,,,,
3,6/17/2025,6/19/2025,6/20/2025,Kodiak,AOF1,57.65784,-152.42018,222,Orange,Juvenile,3388,47,36,16,14.025,2.901,,,,,,,,,,,,,,,,,
3,6/17/2025,6/19/2025,6/20/2025,Kodiak,AOF1,57.65784,-152.42018,222,Orange,Juvenile,3389,39,33,15,11.218,2.159,,,,,,,,,,,,,,,,,
3,6/17/2025,6/19/2025,6/20/2025,Kodiak,AOF1,57.65784,-152.42018,222,Orange,Juvenile,3390,49,34,18,14.943,2.881,,,,,,,,,,,,,,,,,
3,6/17/2025,6/19/2025,6/20/2025,Kodiak,AOF1,57.65784,-152.42018,222,Orange,Juvenile,3391,42,39,17,14.445,2.836,,,,,,,,,,,,,,,,,
3,6/17/2025,6/19/2025,6/20/2025,Kodiak,AOF1,57.65784,-152.42018,222,Orange,Juvenile,3392,42,30,16,14.697,3.055,,,,,,,,,,,,,,,,,
3,6/17/2025,6/19/2025,6/20/2025,Kodiak,AOF1,57.65784,-152.42018,222,Orange,Juvenile,3393,51,36,20,18.375,4.011,,,,,,,,,,,,,,,,,
3,6/17/2025,6/19/2025,6/20/2025,Kodiak,AOF1,57.65784,-152.42018,222,Orange,Juvenile,3394,47,35,17,17.124,2.925,,,,,,,,,,,,,,,,,
3,6/17/2025,6/19/2025,6/20/2025,Kodiak,AOF1,57.65784,-152.42018,222,Orange,Juvenile,3395,50,32,17,14.384,2.374,,,,,,,,,,,,,,,,,
3,6/17/2025,6/19/2025,6/20/2025,Kodiak,AOF1,57.65784,-152.42018,222,Orange,Juvenile,3396,44,34,16,14.097,2.592,,,,,,,,,,,,,,,,,
3,6/17/2025,6/19/2025,6/20/2025,Kodiak,AOF1,57.65784,-152.42018,222,Orange,Juvenile,3397,49,33,18,14.752,3.096,,,,,,,,,,,,,,,,,
3,6/17/2025,6/19/2025,6/20/2025,Kodiak,AOF1,57.65784,-152.42018,222,Orange,Juvenile,3398,45,37,16,15.059,3.234,,,,,,,,,,,,,,,,,
3,6/17/2025,6/19/2025,6/20/2025,Kodiak,AOF1,57.65784,-152.42018,222,Orange,Juvenile,3399,43,34,15,13.251,2.403,,,,,,,,,,,,,,,,,
3,6/17/2025,6/19/2025,6/20/2025,Kodiak,AOF1,57.65784,-152.42018,224,Orange,Juvenile,3400,61,38,20,22.95,3.88,6.6,12.72,EVOS_AOF_3400-3401_224_6/20/2025_Juvenile,,,,,,,,,,,,,,
3,6/17/2025,6/19/2025,6/20/2025,Kodiak,AOF1,57.65784,-152.42018,224,Orange,Juvenile,3401,48,32,14,11.928,2.362,6.6,12.72,EVOS_AOF_3400-3401_224_6/20/2025_Juvenile,,,,,,,,,,,,,,
3,6/17/2025,6/19/2025,6/20/2025,Kodiak,AOF1,57.65784,-152.42018,224,Orange,Juvenile,3402,47,34,16,11.292,2.445,6.629,12.261,EVOS_AOF_3402-3403_224_6/20/2025_Juvenile,,,,,,,,,,,,,,
3,6/17/2025,6/19/2025,6/20/2025,Kodiak,AOF1,57.65784,-152.42018,224,Orange,Juvenile,3403,48,32,17,15.664,3.27,6.629,12.261,EVOS_AOF_3402-3403_224_6/20/2025_Juvenile,,,,,,,,,,,,,,
3,6/17/2025,6/19/2025,6/20/2025,Kodiak,AOF1,57.65784,-152.42018,224,Orange,Juvenile,3404,46,35,16,14.517,2.825,6.627,12.277,EVOS_AOF_3404-3405_224_6/20/2025_Juvenile,,,,,,,,,,,,,,
3,6/17/2025,6/19/2025,6/20/2025,Kodiak,AOF1,57.65784,-152.42018,224,Orange,Juvenile,3405,46,33,18,14.897,2.967,6.627,12.277,EVOS_AOF_3404-3405_224_6/20/2025_Juvenile,,,,,,,,,,,,,,
3,6/17/2025,6/19/2025,6/20/2025,Kodiak,AOF1,57.65784,-152.42018,224,Orange,Juvenile,3406,50,35,18,16.185,3.135,6.62,12.77,EVOS_AOF_3406-3407_224_6/20/2025_Juvenile,,,,,,,,,,,,,,
3,6/17/2025,6/19/2025,6/20/2025,Kodiak,AOF1,57.65784,-152.42018,224,Orange,Juvenile,3407,50,37,16,16.027,3.376,6.62,12.77,EVOS_AOF_3406-3407_224_6/20/2025_Juvenile,,,,,,,,,,,,,,
3,6/17/2025,6/19/2025,6/20/2025,Kodiak,AOF1,57.65784,-152.42018,224,Orange,Juvenile,3408,46,33,15,10.674,2.197,,,,,,,,,,,,,,,,,
3,6/17/2025,6/19/2025,6/20/2025,Kodiak,AOF1,57.65784,-152.42018,224,Orange,Juvenile,3409,50,31,16,13.054,2.667,,,,,,,,,,,,,,,,,
3,6/17/2025,6/19/2025,6/20/2025,Kodiak,AOF1,57.65784,-152.42018,224,Orange,Juvenile,3410,46,33,17,15.725,3.081,,,,,,,,,,,,,,,,,
3,6/17/2025,6/19/2025,6/20/2025,Kodiak,AOF1,57.65784,-152.42018,224,Orange,Juvenile,3411,50,38,19,16.463,3.576,,,,,,,,,,,,,,,,,
3,6/17/2025,6/19/2025,6/20/2025,Kodiak,AOF1,57.65784,-152.42018,224,Orange,Juvenile,3412,45,31,17,13.358,2.941,,,,,,,,,,,,,,,,,
3,6/17/2025,6/19/2025,6/20/2025,Kodiak,AOF1,57.65784,-152.42018,224,Orange,Juvenile,3413,55,36,17,20.003,4.131,,,,,,,,,,,,,,,,,
3,6/17/2025,6/19/2025,6/20/2025,Kodiak,AOF1,57.65784,-152.42018,224,Orange,Juvenile,3414,44,31,18,13.522,2.805,,,,,,,,,,,,,,,,,
3,6/17/2025,6/19/2025,6/20/2025,Kodiak,AOF1,57.65784,-152.42018,224,Orange,Juvenile,3415,44,31,17,12.298,2.487,,,,,,,,,,,,,,,,,
3,6/17/2025,6/19/2025,6/20/2025,Kodiak,AOF1,57.65784,-152.42018,224,Orange,Juvenile,3416,47,33,17,14.391,2.853,,,,,,,,,,,,,,,,,
3,6/17/2025,6/19/2025,6/20/2025,Kodiak,AOF1,57.65784,-152.42018,224,Orange,Juvenile,3417,49,34,19,14.804,2.839,,,,,,,,,,,,,,,,,
3,6/17/2025,6/19/2025,6/20/2025,Kodiak,AOF1,57.65784,-152.42018,224,Orange,Juvenile,3418,48,29,18,13.222,2.68,,,,,,,,,,,,,,,,,
3,6/17/2025,6/19/2025,6/20/2025,Kodiak,AOF1,57.65784,-152.42018,224,Orange,Juvenile,3419,53,35,19,19.244,3.929,,,,,,,,,,,,,,,,,
3,6/17/2025,6/19/2025,6/20/2025,Kodiak,KIS1,57.76711,-152.41043,221,Orange,Juvenile,3420,34,26,13,9.271,2.001,6.61,9.9,EVOS_AOF_3420-3421_221_6/20/2025_Juvenile,,,,,,,,,,,,,,
3,6/17/2025,6/19/2025,6/20/2025,Kodiak,KIS1,57.76711,-152.41043,221,Orange,Juvenile,3421,25,24,10,5.576,1.399,6.61,9.9,EVOS_AOF_3420-3421_221_6/20/2025_Juvenile,,,,,,,,,,,,,,
3,6/17/2025,6/19/2025,6/20/2025,Kodiak,KIS1,57.76711,-152.41043,221,Orange,Juvenile,3422,26,22,10,5.52,1.069,6.617,10.161,EVOS_AOF_3422-3423_221_6/20/2025_Juvenile,,,,,,,,,,,,,,
3,6/17/2025,6/19/2025,6/20/2025,Kodiak,KIS1,57.76711,-152.41043,221,Orange,Juvenile,3423,37,26,14,10.899,2.613,6.617,10.161,EVOS_AOF_3422-3423_221_6/20/2025_Juvenile,,,,,,,,,,,,,,
3,6/17/2025,6/19/2025,6/20/2025,Kodiak,KIS1,57.76711,-152.41043,221,Orange,Juvenile,3424,39,22,15,8.864,2.228,6.587,10.747,EVOS_AOF_3424-3425_221_6/20/2025_Juvenile,,,,,,,,,,,,,,
3,6/17/2025,6/19/2025,6/20/2025,Kodiak,KIS1,57.76711,-152.41043,221,Orange,Juvenile,3425,36,21,14,8.157,1.196,6.587,10.747,EVOS_AOF_3424-3425_221_6/20/2025_Juvenile,,,,,,,,,,,,,,
3,6/17/2025,6/19/2025,6/20/2025,Kodiak,KIS1,57.76711,-152.41043,221,Orange,Juvenile,3426,30,20,11,5.953,1.149,6.602,9.558,EVOS_AOF_3426-3427_221_6/20/2025_Juvenile,,,,,,,,,,,,,,
3,6/17/2025,6/19/2025,6/20/2025,Kodiak,KIS1,57.76711,-152.41043,221,Orange,Juvenile,3427,32,24,14,7.001,1.63,6.602,9.558,EVOS_AOF_3426-3427_221_6/20/2025_Juvenile,,,,,,,,,,,,,,
3,6/17/2025,6/19/2025,6/20/2025,Kodiak,KIS1,57.76711,-152.41043,221,Orange,Juvenile,3428,38,23,12,7.722,1.774,,,,,,,,,,,,,,,,,
3,6/17/2025,6/19/2025,6/20/2025,Kodiak,KIS1,57.76711,-152.41043,221,Orange,Juvenile,3429,28,28,14,7.848,1.871,,,,,,,,,,,,,,,,,
3,6/17/2025,6/19/2025,6/20/2025,Kodiak,KIS1,57.76711,-152.41043,221,Orange,Juvenile,3430,39,24,12,7.167,1.972,,,,,,,,,,,,,,,,,
3,6/17/2025,6/19/2025,6/20/2025,Kodiak,KIS1,57.76711,-152.41043,221,Orange,Juvenile,3431,33,26,13,7.739,2.019,,,,,,,,,,,,,,,,,
3,6/17/2025,6/19/2025,6/20/2025,Kodiak,KIS1,57.76711,-152.41043,221,Orange,Juvenile,3432,31,25,11,6.422,1.459,,,,,,,,,,,,,,,,,
3,6/17/2025,6/19/2025,6/20/2025,Kodiak,KIS1,57.76711,-152.41043,221,Orange,Juvenile,3433,31,26,13,7.343,1.798,,,,,,,,,,,,,,,,,
3,6/17/2025,6/19/2025,6/20/2025,Kodiak,KIS1,57.76711,-152.41043,221,Orange,Juvenile,3434,38,25,13,7.886,1.766,,,,,,,,,,,,,,,,,
3,6/17/2025,6/19/2025,6/20/2025,Kodiak,KIS1,57.76711,-152.41043,221,Orange,Juvenile,3435,29,24,12,7.266,1.551,,,,,,,,,,,,,,,,,
3,6/17/2025,6/19/2025,6/20/2025,Kodiak,KIS1,57.76711,-152.41043,221,Orange,Juvenile,3436,31,21,14,7.169,1.497,,,,,,,,,,,,,,,,,
3,6/17/2025,6/19/2025,6/20/2025,Kodiak,KIS1,57.76711,-152.41043,221,Orange,Juvenile,3437,31,26,11,6.918,1.291,,,,,,,,,,,,,,,,,
3,6/17/2025,6/19/2025,6/20/2025,Kodiak,KIS1,57.76711,-152.41043,221,Orange,Juvenile,3438,32,23,12,5.801,2.274,,,,,,,,,,,,,,,,,
3,6/17/2025,6/19/2025,6/20/2025,Kodiak,KIS1,57.76711,-152.41043,221,Orange,Juvenile,3439,33,26,14,9.884,1.019,,,,,,,,,,,,,,,,,
3,6/17/2025,6/19/2025,6/20/2025,Kodiak,KIS1,57.76711,-152.41043,219,Orange,Juvenile,3440,38,24,12,8.154,1.685,6.616,9.97,EVOS_AOF_3440-3441_219_6/20/2025_Juvenile,,,,,,,,,,,,,,
3,6/17/2025,6/19/2025,6/20/2025,Kodiak,KIS1,57.76711,-152.41043,219,Orange,Juvenile,3441,37,29,13,8.6,1.753,6.616,9.97,EVOS_AOF_3440-3441_219_6/20/2025_Juvenile,,,,,,,,,,,,,,
3,6/17/2025,6/19/2025,6/20/2025,Kodiak,KIS1,57.76711,-152.41043,219,Orange,Juvenile,3442,42,32,14,10.447,2.656,6.649,11.171,EVOS_AOF_3442-3443_219_6/20/2025_Juvenile,,,,,,,,,,,,,,
3,6/17/2025,6/19/2025,6/20/2025,Kodiak,KIS1,57.76711,-152.41043,219,Orange,Juvenile,3443,38,26,12,8.5,2.041,6.649,11.171,EVOS_AOF_3442-3443_219_6/20/2025_Juvenile,,,,,,,,,,,,,,
3,6/17/2025,6/19/2025,6/20/2025,Kodiak,KIS1,57.76711,-152.41043,219,Orange,Juvenile,3444,45,27,17,11.06,2.832,6.634,10.694,EVOS_AOF_3444-3445_219_6/20/2025_Juvenile,,,,,,,,,,,,,,
3,6/17/2025,6/19/2025,6/20/2025,Kodiak,KIS1,57.76711,-152.41043,219,Orange,Juvenile,3445,37,28,13,7.725,1.546,6.634,10.694,EVOS_AOF_3444-3445_219_6/20/2025_Juvenile,,,,,,,,,,,,,,
3,6/17/2025,6/19/2025,6/20/2025,Kodiak,KIS1,57.76711,-152.41043,219,Orange,Juvenile,3446,36,31,14,11.094,2.115,6.641,11.047,EVOS_AOF_3446-3447_219_6/20/2025_Juvenile,,,,,,,,,,,,,,
3,6/17/2025,6/19/2025,6/20/2025,Kodiak,KIS1,57.76711,-152.41043,219,Orange,Juvenile,3447,45,29,20,12.096,2.484,6.641,11.047,EVOS_AOF_3446-3447_219_6/20/2025_Juvenile,,,,,,,,,,,,,,
3,6/17/2025,6/19/2025,6/20/2025,Kodiak,KIS1,57.76711,-152.41043,219,Orange,Juvenile,3448,41,34,13,10.124,1.929,,,,,,,,,,,,,,,,,
3,6/17/2025,6/19/2025,6/20/2025,Kodiak,KIS1,57.76711,-152.41043,219,Orange,Juvenile,3449,29,22,12,4.69,0.861,,,,,,,,,,,,,,,,,
3,6/17/2025,6/19/2025,6/20/2025,Kodiak,KIS1,57.76711,-152.41043,219,Orange,Juvenile,3450,42,28,16,10.541,1.981,,,,,,,,,,,,,,,,,
3,6/17/2025,6/19/2025,6/20/2025,Kodiak,KIS1,57.76711,-152.41043,219,Orange,Juvenile,3451,44,28,15,11.714,2.448,,,,,,,,,,,,,,,,,
3,6/17/2025,6/19/2025,6/20/2025,Kodiak,KIS1,57.76711,-152.41043,219,Orange,Juvenile,3452,33,22,11,5.911,1.128,,,,,,,,,,,,,,,,,
3,6/17/2025,6/19/2025,6/20/2025,Kodiak,KIS1,57.76711,-152.41043,219,Orange,Juvenile,3453,47,28,14,10.201,2.155,,,,,,,,,,,,,,,,,
3,6/17/2025,6/19/2025,6/20/2025,Kodiak,KIS1,57.76711,-152.41043,219,Orange,Juvenile,3454,37,29,16,9.95,2.583,,,,,,,,,,,,,,,,,
3,6/17/2025,6/19/2025,6/20/2025,Kodiak,KIS1,57.76711,-152.41043,219,Orange,Juvenile,3455,41,28,15,10.495,2.479,,,,,,,,,,,,,,,,,
3,6/17/2025,6/19/2025,6/20/2025,Kodiak,KIS1,57.76711,-152.41043,219,Orange,Juvenile,3456,43,30,13,10.235,2.029,,,,,,,,,,,,,,,,,
3,6/17/2025,6/19/2025,6/20/2025,Kodiak,KIS1,57.76711,-152.41043,219,Orange,Juvenile,3457,37,30,12,8.214,1.662,,,,,,,,,,,,,,,,,
3,6/17/2025,6/19/2025,6/20/2025,Kodiak,KIS1,57.76711,-152.41043,219,Orange,Juvenile,3458,40,28,15,11.43,2.076,,,,,,,,,,,,,,,,,
3,6/17/2025,6/19/2025,6/20/2025,Kodiak,KIS1,57.76711,-152.41043,219,Orange,Juvenile,3459,47,27,15,12.146,2.523,,,,,,,,,,,,,,,,,
3,6/17/2025,6/19/2025,6/20/2025,Kodiak,KIS1,57.76711,-152.41043,220,Orange,Juvenile,3460,55,42,19,21.017,4.586,6.591,14.337,EVOS_AOF_3460-3461_220_6/20/2025_Juvenile,,,,,,,,,,,,,,
3,6/17/2025,6/19/2025,6/20/2025,Kodiak,KIS1,57.76711,-152.41043,220,Orange,Juvenile,3461,58,39,,14.921,3.367,6.591,14.337,EVOS_AOF_3460-3461_220_6/20/2025_Juvenile,,,,,,,,,,,,,,
3,6/17/2025,6/19/2025,6/20/2025,Kodiak,KIS1,57.76711,-152.41043,220,Orange,Juvenile,3462,50,42,16,11.986,2.599,6.623,12.183,EVOS_AOF_3460-3461_220_6/20/2025_Juvenile,,,,,,,,,,,,,,
3,6/17/2025,6/19/2025,6/20/2025,Kodiak,KIS1,57.76711,-152.41043,220,Orange,Juvenile,3463,53,37,17,15.832,3.136,6.623,12.183,EVOS_AOF_3460-3461_220_6/20/2025_Juvenile,,,,,,,,,,,,,,
3,6/17/2025,6/19/2025,6/20/2025,Kodiak,KIS1,57.76711,-152.41043,220,Orange,Juvenile,3464,62,38,18,19.434,4.325,6.592,12.522,EVOS_AOF_3460-3461_220_6/20/2025_Juvenile,,,,,,,,,,,,,,
3,6/17/2025,6/19/2025,6/20/2025,Kodiak,KIS1,57.76711,-152.41043,220,Orange,Juvenile,3465,40,25,16,8.08,1.73,6.592,12.522,EVOS_AOF_3460-3461_220_6/20/2025_Juvenile,,,,,,,,,,,,,,
3,6/17/2025,6/19/2025,6/20/2025,Kodiak,KIS1,57.76711,-152.41043,220,Orange,Juvenile,3466,48,40,17,14.955,2.931,6.621,13.036,EVOS_AOF_3460-3461_220_6/20/2025_Juvenile,,,,,,,,,,,,,,
3,6/17/2025,6/19/2025,6/20/2025,Kodiak,KIS1,57.76711,-152.41043,220,Orange,Juvenile,3467,51,34,17,16.959,3.552,6.621,13.036,EVOS_AOF_3460-3461_220_6/20/2025_Juvenile,,,,,,,,,,,,,,
3,6/17/2025,6/19/2025,6/20/2025,Kodiak,KIS1,57.76711,-152.41043,220,Orange,Juvenile,3468,60,32,15,14.062,2.92,,,,,,,,,,,,,,,,,
3,6/17/2025,6/19/2025,6/20/2025,Kodiak,KIS1,57.76711,-152.41043,220,Orange,Juvenile,3469,42,37,16,10.646,1.705,,,,,,,,,,,,,,,,,
3,6/17/2025,6/19/2025,6/20/2025,Kodiak,KIS1,57.76711,-152.41043,220,Orange,Juvenile,3470,57,45,21,21.774,4.327,,,,,,,,,,,,,,,,,
3,6/17/2025,6/19/2025,6/20/2025,Kodiak,KIS1,57.76711,-152.41043,220,Orange,Juvenile,3471,50,35,17,15.451,3.637,,,,,,,,,,,,,,,,,
3,6/17/2025,6/19/2025,6/20/2025,Kodiak,KIS1,57.76711,-152.41043,220,Orange,Juvenile,3472,58,38,19,19.433,3.97,,,,,,,,,,,,,,,,,
3,6/17/2025,6/19/2025,6/20/2025,Kodiak,KIS1,57.76711,-152.41043,220,Orange,Juvenile,3473,53,44,14,15.217,3.176,,,,,,,,,,,,,,,,,
3,6/17/2025,6/19/2025,6/20/2025,Kodiak,KIS1,57.76711,-152.41043,220,Orange,Juvenile,3474,61,37,16,19.841,4.013,,,,,,,,,,,,,,,,,
3,6/17/2025,6/19/2025,6/20/2025,Kodiak,KIS1,57.76711,-152.41043,220,Orange,Juvenile,3475,60,40,17,17.82,4.218,,,,,,,,,,,,,,,,,
3,6/17/2025,6/19/2025,6/20/2025,Kodiak,KIS1,57.76711,-152.41043,220,Orange,Juvenile,3476,43,28,17,12.071,1.769,,,,,,,,,,,,,,,,,
3,6/17/2025,6/19/2025,6/20/2025,Kodiak,KIS1,57.76711,-152.41043,220,Orange,Juvenile,3477,50,39,23,18.651,4.276,,,,,,,,,,,,,,,,,
3,6/17/2025,6/19/2025,6/20/2025,Kodiak,KIS1,57.76711,-152.41043,220,Orange,Juvenile,3478,64,35,19,20.532,4.269,,,,,,,,,,,,,,,,,
3,6/17/2025,6/19/2025,6/20/2025,Kodiak,KIS1,57.76711,-152.41043,220,Orange,Juvenile,3479,52,36,16,15.78,3.579,,,,,,,,,,,,,,,,,
3,6/19/2025,6/24/2025,6/25/2025,Kodiak,KOB1,57.53318,-154.02696,225,Orange,Juvenile,3480,45,34,19,12.197,4.459,6.64,12.461,EVOS_KOB1_3480-3481_225_6/25/2025_Juvenile,,,,,,,,,,,,,,
3,6/19/2025,6/24/2025,6/25/2025,Kodiak,KOB1,57.53318,-154.02696,225,Orange,Juvenile,3481,35,27,17,8.87,1.492,6.64,12.461,EVOS_KOB1_3480-3481_225_6/25/2025_Juvenile,,,,,,,,,,,,,,
3,6/19/2025,6/24/2025,6/25/2025,Kodiak,KOB1,57.53318,-154.02696,225,Orange,Juvenile,3482,47,29,16,10.368,2.318,6.611,11.594,EVOS_KOB1_3482-3483_225_6/25/2025_Juvenile,,,,,,,,,,,,,,
3,6/19/2025,6/24/2025,6/25/2025,Kodiak,KOB1,57.53318,-154.02696,225,Orange,Juvenile,3483,54,40,19,14.013,2.848,6.611,11.594,EVOS_KOB1_3482-3483_225_6/25/2025_Juvenile,,,,,,,,,,,,,,
3,6/19/2025,6/24/2025,6/25/2025,Kodiak,KOB1,57.53318,-154.02696,225,Orange,Juvenile,3484,43,29,118,11.812,2.877,6.633,10.817,EVOS_KOB1_3484-3485_225_6/25/2025_Juvenile,,,,,,,,,,,,,,
3,6/19/2025,6/24/2025,6/25/2025,Kodiak,KOB1,57.53318,-154.02696,225,Orange,Juvenile,3485,34,27,14,6.485,1.391,6.633,10.817,EVOS_KOB1_3484-3485_225_6/25/2025_Juvenile,,,,,,,,,,,,,,
3,6/19/2025,6/24/2025,6/25/2025,Kodiak,KOB1,57.53318,-154.02696,225,Orange,Juvenile,3486,47,29,17,9.621,2.335,6.64,10.963,EVOS_KOB1_3486-3487_225_6/25/2025_Juvenile,,,,,,,,,,,,,,
3,6/19/2025,6/24/2025,6/25/2025,Kodiak,KOB1,57.53318,-154.02696,225,Orange,Juvenile,3487,41,24,18,10.5,2.176,6.64,10.963,EVOS_KOB1_3486-3487_225_6/25/2025_Juvenile,,,,,,,,,,,,,,
3,6/19/2025,6/24/2025,6/25/2025,Kodiak,KOB1,57.53318,-154.02696,225,Orange,Juvenile,3488,47,31,17,13.296,3.239,,,,,,,,,,,,,,,,,
3,6/19/2025,6/24/2025,6/25/2025,Kodiak,KOB1,57.53318,-154.02696,225,Orange,Juvenile,3489,34,27,13,7.011,1.556,,,,,,,,,,,,,,,,,
3,6/19/2025,6/24/2025,6/25/2025,Kodiak,KOB1,57.53318,-154.02696,225,Orange,Juvenile,3490,48,31,16,13.351,2.855,,,,,,,,,,,,,,,,,
3,6/19/2025,6/24/2025,6/25/2025,Kodiak,KOB1,57.53318,-154.02696,225,Orange,Juvenile,3491,36,28,17,8.13,1.92,,,,,,,,,,,,,,,,,
3,6/19/2025,6/24/2025,6/25/2025,Kodiak,KOB1,57.53318,-154.02696,225,Orange,Juvenile,3492,28,23,13,5.931,1.11,,,,,,,,,,,,,,,,,
3,6/19/2025,6/24/2025,6/25/2025,Kodiak,KOB1,57.53318,-154.02696,225,Orange,Juvenile,3493,33,27,17,9.499,2.108,,,,,,,,,,,,,,,,,
3,6/19/2025,6/24/2025,6/25/2025,Kodiak,KOB1,57.53318,-154.02696,225,Orange,Juvenile,3494,43,31,17,10.812,2.871,,,,,,,,,,,,,,,,,
3,6/19/2025,6/24/2025,6/25/2025,Kodiak,KOB1,57.53318,-154.02696,225,Orange,Juvenile,3495,41,29,16,10.135,2.301,,,,,,,,,,,,,,,,,
3,6/19/2025,6/24/2025,6/25/2025,Kodiak,KOB1,57.53318,-154.02696,225,Orange,Juvenile,3496,31,23,13,5.696,1.339,,,,,,,,,,,,,,,,,
3,6/19/2025,6/24/2025,6/25/2025,Kodiak,KOB1,57.53318,-154.02696,225,Orange,Juvenile,3497,37,27,15,8.505,2.22,,,,,,,,,,,,,,,,,
3,6/19/2025,6/24/2025,6/25/2025,Kodiak,KOB1,57.53318,-154.02696,225,Orange,Juvenile,3498,39,26,14,8.642,2.036,,,,,,,,,,,,,,,,,
3,6/19/2025,6/24/2025,6/25/2025,Kodiak,KOB1,57.53318,-154.02696,225,Orange,Juvenile,3499,50,34,18,16.563,3.747,,,,,,,,,,,,,,,,,
3,6/19/2025,6/24/2025,6/25/2025,Kodiak,KOB1,57.53318,-154.02696,227,Orange,Juvenile,3500,40,24,16,7.112,1.335,6.599,9.77,EVOS_KOB1_3500-3501_227_6/25/2025_Juvenile,,,,,,,,,,,,,,
3,6/19/2025,6/24/2025,6/25/2025,Kodiak,KOB1,57.53318,-154.02696,227,Orange,Juvenile,3501,35,31,14,8.494,1.968,6.599,9.77,EVOS_KOB1_3500-3501_227_6/25/2025_Juvenile,,,,,,,,,,,,,,
3,6/19/2025,6/24/2025,6/25/2025,Kodiak,KOB1,57.53318,-154.02696,227,Orange,Juvenile,3502,34,31,16,7.429,1.808,6.633,10.12,EVOS_KOB1_3502-3503_227_6/25/2025_Juvenile,,,,,,,,,,,,,,
3,6/19/2025,6/24/2025,6/25/2025,Kodiak,KOB1,57.53318,-154.02696,227,Orange,Juvenile,3503,36,32,17,8.595,1.757,6.633,10.12,EVOS_KOB1_3502-3503_227_6/25/2025_Juvenile,,,,,,,,,,,,,,
3,6/19/2025,6/24/2025,6/25/2025,Kodiak,KOB1,57.53318,-154.02696,227,Orange,Juvenile,3504,37,27,13,6.537,1.505,6.609,9.908,EVOS_KOB1_3504-3505_227_6/25/2025_Juvenile,,,,,,,,,,,,,,
3,6/19/2025,6/24/2025,6/25/2025,Kodiak,KOB1,57.53318,-154.02696,227,Orange,Juvenile,3505,33,30,14,7.505,1.927,6.609,9.908,EVOS_KOB1_3504-3505_227_6/25/2025_Juvenile,,,,,,,,,,,,,,
3,6/19/2025,6/24/2025,6/25/2025,Kodiak,KOB1,57.53318,-154.02696,227,Orange,Juvenile,3506,37,31,16,9.721,2.247,6.63,10.234,EVOS_KOB1_3506-3507_227_6/25/2025_Juvenile,,,,,,,,,,,,,,
3,6/19/2025,6/24/2025,6/25/2025,Kodiak,KOB1,57.53318,-154.02696,227,Orange,Juvenile,3507,35,21,13,6.237,1.44,6.63,10.234,EVOS_KOB1_3506-3507_227_6/25/2025_Juvenile,,,,,,,,,,,,,,
3,6/19/2025,6/24/2025,6/25/2025,Kodiak,KOB1,57.53318,-154.02696,227,Orange,Juvenile,3508,33,23,13,5.374,1.224,,,,,,,,,,,,,,,,,
3,6/19/2025,6/24/2025,6/25/2025,Kodiak,KOB1,57.53318,-154.02696,227,Orange,Juvenile,3509,42,30,15,8.054,1.629,,,,,,,,,,,,,,,,,
3,6/19/2025,6/24/2025,6/25/2025,Kodiak,KOB1,57.53318,-154.02696,227,Orange,Juvenile,3510,38,24,12,7.9,1.511,,,,,,,,,,,,,,,,,
3,6/19/2025,6/24/2025,6/25/2025,Kodiak,KOB1,57.53318,-154.02696,227,Orange,Juvenile,3511,30,24,15,6.14,1.396,,,,,,,,,,,,,,,,,
3,6/19/2025,6/24/2025,6/25/2025,Kodiak,KOB1,57.53318,-154.02696,227,Orange,Juvenile,3512,47,39,18,14.468,3.06,,,,,,,,,,,,,,,,,
3,6/19/2025,6/24/2025,6/25/2025,Kodiak,KOB1,57.53318,-154.02696,227,Orange,Juvenile,3513,36,29,15,7.376,1.435,,,,,,,,,,,,,,,,,
3,6/19/2025,6/24/2025,6/25/2025,Kodiak,KOB1,57.53318,-154.02696,227,Orange,Juvenile,3514,39,33,17,9.829,1.941,,,,,,,,,,,,,,,,,
3,6/19/2025,6/24/2025,6/25/2025,Kodiak,KOB1,57.53318,-154.02696,227,Orange,Juvenile,3515,36,28,14,6.685,1.558,,,,,,,,,,,,,,,,,
3,6/19/2025,6/24/2025,6/25/2025,Kodiak,KOB1,57.53318,-154.02696,227,Orange,Juvenile,3516,39,30,17,8.901,1.742,,,,,,,,,,,,,,,,,
3,6/19/2025,6/24/2025,6/25/2025,Kodiak,KOB1,57.53318,-154.02696,227,Orange,Juvenile,3517,39,26,15,9.766,1.648,,,,,,,,,,,,,,,,,
3,6/19/2025,6/24/2025,6/25/2025,Kodiak,KOB1,57.53318,-154.02696,227,Orange,Juvenile,3518,35,26,15,7.687,1.683,,,,,,,,,,,,,,,,,
3,6/19/2025,6/24/2025,6/25/2025,Kodiak,KOB1,57.53318,-154.02696,227,Orange,Juvenile,3519,35,28,12,6.994,1.188,,,,,,,,,,,,,,,,,
3,6/19/2025,6/24/2025,6/25/2025,Kodiak,KOB1,57.53318,-154.02696,226,Orange,Juvenile,3520,57,42,19,22.667,5.253,6.609,17.114,EVOS_KOB1_3520-3451_226_6/25/2025_Juvenile,,,,,,,,,,,,,,
3,6/19/2025,6/24/2025,6/25/2025,Kodiak,KOB1,57.53318,-154.02696,226,Orange,Juvenile,3521,62,34,21,23.449,5.312,6.609,17.114,EVOS_KOB1_3520-3451_226_6/25/2025_Juvenile,,,,,,,,,,,,,,
3,6/19/2025,6/24/2025,6/25/2025,Kodiak,KOB1,57.53318,-154.02696,226,Orange,Juvenile,3522,50,38,21,16.258,3.287,6.606,14.372,EVOS_KOB1_3522-3453_226_6/25/2025_Juvenile,,,,,,,,,,,,,,
3,6/19/2025,6/24/2025,6/25/2025,Kodiak,KOB1,57.53318,-154.02696,226,Orange,Juvenile,3523,56,41,21,21.779,4.666,6.606,14.372,EVOS_KOB1_3522-3453_226_6/25/2025_Juvenile,,,,,,,,,,,,,,
3,6/19/2025,6/24/2025,6/25/2025,Kodiak,KOB1,57.53318,-154.02696,226,Orange,Juvenile,3524,53,36,19,19.43,4.699,6.636,15.229,EVOS_KOB1_3524-3455_226_6/25/2025_Juvenile,,,,,,,,,,,,,,
3,6/19/2025,6/24/2025,6/25/2025,Kodiak,KOB1,57.53318,-154.02696,226,Orange,Juvenile,3525,56,36,16,19.353,4.152,6.636,15.229,EVOS_KOB1_3524-3455_226_6/25/2025_Juvenile,,,,,,,,,,,,,,
3,6/19/2025,6/24/2025,6/25/2025,Kodiak,KOB1,57.53318,-154.02696,226,Orange,Juvenile,3526,50,36,18,17.255,3.611,6.638,14.098,EVOS_KOB1_3526-3457_226_6/25/2025_Juvenile,,,,,,,,,,,,,,
3,6/19/2025,6/24/2025,6/25/2025,Kodiak,KOB1,57.53318,-154.02696,226,Orange,Juvenile,3527,54,35,19,24.71,4.061,6.638,14.098,EVOS_KOB1_3526-3457_226_6/25/2025_Juvenile,,,,,,,,,,,,,,
3,6/19/2025,6/24/2025,6/25/2025,Kodiak,KOB1,57.53318,-154.02696,226,Orange,Juvenile,3528,56,31,20,19.315,4.713,,,,,,,,,,,,,,,,,
3,6/19/2025,6/24/2025,6/25/2025,Kodiak,KOB1,57.53318,-154.02696,226,Orange,Juvenile,3529,53,32,15,15.39,3.463,,,,,,,,,,,,,,,,,
3,6/19/2025,6/24/2025,6/25/2025,Kodiak,KOB1,57.53318,-154.02696,226,Orange,Juvenile,3530,55,45,18,24.152,4.597,,,,,,,,,,,,,,,,,
3,6/19/2025,6/24/2025,6/25/2025,Kodiak,KOB1,57.53318,-154.02696,226,Orange,Juvenile,3531,45,31,16,12.851,2.667,,,,,,,,,,,,,,,,,
3,6/19/2025,6/24/2025,6/25/2025,Kodiak,KOB1,57.53318,-154.02696,226,Orange,Juvenile,3532,54,33,18,18.102,3.705,,,,,,,,,,,,,,,,,
3,6/19/2025,6/24/2025,6/25/2025,Kodiak,KOB1,57.53318,-154.02696,226,Orange,Juvenile,3533,56,35,18,22.104,4.355,,,,,,,,,,,,,,,,,
3,6/19/2025,6/24/2025,6/25/2025,Kodiak,KOB1,57.53318,-154.02696,226,Orange,Juvenile,3534,59,33,19,19.69,4.004,,,,,,,,,,,,,,,,,
3,6/19/2025,6/24/2025,6/25/2025,Kodiak,KOB1,57.53318,-154.02696,226,Orange,Juvenile,3535,51,43,19,18.953,4.664,,,,,,,,,,,,,,,,,
3,6/19/2025,6/24/2025,6/25/2025,Kodiak,KOB1,57.53318,-154.02696,226,Orange,Juvenile,3536,49,32,21,17.84,3.684,,,,,,,,,,,,,,,,,
3,6/19/2025,6/24/2025,6/25/2025,Kodiak,KOB1,57.53318,-154.02696,226,Orange,Juvenile,3537,53,31,17,19.487,3.866,,,,,,,,,,,,,,,,,
3,6/19/2025,6/24/2025,6/25/2025,Kodiak,KOB1,57.53318,-154.02696,226,Orange,Juvenile,3538,59,41,20,29.274,5.855,,,,,,,,,,,,,,,,,
3,6/19/2025,6/24/2025,6/25/2025,Kodiak,KOB1,57.53318,-154.02696,226,Orange,Juvenile,3539,51,35,13,16.212,3.613,,,,,,,,,,,,,,,,,
4,9/6/2025,9/7/2025,9/8/2025,PWS,SBO1,60.65705,-145.89151,276,Orange,Juvenile,4000,66,43,18,21.738,4.449,12.866,18.133,EVOS_SBO1_4000-4001_276_9/8/25_Juvenile,"Biofouling - barnacles, muddy (all SBO1 bags)",,,,,,,,,,,,,
4,9/6/2025,9/7/2025,9/8/2025,PWS,SBO1,60.65705,-145.89151,276,Orange,Juvenile,4001,39,33,9,5.38,0.905,12.866,18.133,EVOS_SBO1_4000-4001_276_9/8/25_Juvenile,,,,,,,,,,,,,,
4,9/6/2025,9/7/2025,9/8/2025,PWS,SBO1,60.65705,-145.89151,276,Orange,Juvenile,4002,61,39,18,14.616,2.785,12.771,17.868,EVOS_SBO1_4002-4003_276_9/8/25_Juvenile,,,,,,,,,,,,,,
4,9/6/2025,9/7/2025,9/8/2025,PWS,SBO1,60.65705,-145.89151,276,Orange,Juvenile,4003,57,47,16,16.911,2.549,12.771,17.868,EVOS_SBO1_4002-4003_276_9/8/25_Juvenile,,,,,,,,,,,,,,
4,9/6/2025,9/7/2025,9/8/2025,PWS,SBO1,60.65705,-145.89151,276,Orange,Juvenile,4004,56,42,16,15.703,3.476,,,,,,,,,,,,,,,,,
4,9/6/2025,9/7/2025,9/8/2025,PWS,SBO1,60.65705,-145.89151,276,Orange,Juvenile,4005,57,33,16,11.595,1.535,,,,,,,,,,,,,,,,,
4,9/6/2025,9/7/2025,9/8/2025,PWS,SBO1,60.65705,-145.89151,276,Orange,Juvenile,4006,64,42,14,14.954,2.67,,,,,,,,,,,,,,,,,
4,9/6/2025,9/7/2025,9/8/2025,PWS,SBO1,60.65705,-145.89151,276,Orange,Juvenile,4007,75,41,22,21.356,2.831,,,,,,,,,,,,,,,,,
4,9/6/2025,9/7/2025,9/8/2025,PWS,SBO1,60.65705,-145.89151,276,Orange,Juvenile,4008,67,39,17,17.726,3.075,,,,,,,,,,,,,,,,,
4,9/6/2025,9/7/2025,9/8/2025,PWS,SBO1,60.65705,-145.89151,276,Orange,Juvenile,4009,52,45,19,15.714,2.736,,,,,,,,,,,,,,,,,
4,9/6/2025,9/7/2025,9/8/2025,PWS,SBO1,60.65705,-145.89151,207,Orange,Juvenile,4010,63,40,20,22.139,3.487,12.914,20.311,EVOS_SBO1_4010-4011_207_9/8/25_Juvenile,,,,,,,,,,,,,,
4,9/6/2025,9/7/2025,9/8/2025,PWS,SBO1,60.65705,-145.89151,207,Orange,Juvenile,4011,66,49,18,25.731,4.734,12.914,20.311,EVOS_SBO1_4010-4011_207_9/8/25_Juvenile,,,,,,,,,,,,,,
4,9/6/2025,9/7/2025,9/8/2025,PWS,SBO1,60.65705,-145.89151,207,Orange,Juvenile,4012,47,33,19,10.718,1.822,12.888,16.878,EVOS_SBO1_4012-4013_207_9/8/25_Juvenile,,,,,,,,,,,,,,
4,9/6/2025,9/7/2025,9/8/2025,PWS,SBO1,60.65705,-145.89151,207,Orange,Juvenile,4013,52,42,17,14.857,2.575,12.888,16.878,EVOS_SBO1_4012-4013_207_9/8/25_Juvenile,,,,,,,,,,,,,,
4,9/6/2025,9/7/2025,9/8/2025,PWS,SBO1,60.65705,-145.89151,207,Orange,Juvenile,4014,68,38,19,17.821,2.362,,,,,,,,,,,,,,,,,
4,9/6/2025,9/7/2025,9/8/2025,PWS,SBO1,60.65705,-145.89151,207,Orange,Juvenile,4015,59,40,18,18.745,2.889,,,,,,,,,,,,,,,,,
4,9/6/2025,9/7/2025,9/8/2025,PWS,SBO1,60.65705,-145.89151,207,Orange,Juvenile,4016,78,58,17,27.102,3.534,,,,,,,,,,,,,,,,,
4,9/6/2025,9/7/2025,9/8/2025,PWS,SBO1,60.65705,-145.89151,207,Orange,Juvenile,4017,67,53,19,19.762,3.095,,,,,,,,,,,,,,,,,
4,9/6/2025,9/7/2025,9/8/2025,PWS,SBO1,60.65705,-145.89151,207,Orange,Juvenile,4018,50,50,19,13.046,2.422,,,,,,,,,,,,,,,,,
4,9/6/2025,9/7/2025,9/8/2025,PWS,SBO1,60.65705,-145.89151,207,Orange,Juvenile,4019,54,30,18,13.589,2.313,,,,,,,,,,,,,,,,,
4,9/6/2025,9/7/2025,9/8/2025,PWS,SBO1,60.65705,-145.89151,278,Orange,Juvenile,4020,56,33,14,12.364,2.096,12.949,19.626,EVOS_SBO1_4020-4021_278_9/8/25_Juvenile,,,,,,,,,,,,,,
4,9/6/2025,9/7/2025,9/8/2025,PWS,SBO1,60.65705,-145.89151,278,Orange,Juvenile,4021,66,49,18,22.876,5.374,12.949,19.626,EVOS_SBO1_4020-4021_278_9/8/25_Juvenile,,,,,,,,,,,,,,
4,9/6/2025,9/7/2025,9/8/2025,PWS,SBO1,60.65705,-145.89151,278,Orange,Juvenile,4022,41,35,15,9.798,1.86,12.734,16.946,EVOS_SBO1_4022-4023_278_9/8/25_Juvenile,,,,,,,,,,,,,,
4,9/6/2025,9/7/2025,9/8/2025,PWS,SBO1,60.65705,-145.89151,278,Orange,Juvenile,4023,74,42,16,23.441,2.895,12.734,16.946,EVOS_SBO1_4022-4023_278_9/8/25_Juvenile,,,,,,,,,,,,,,
4,9/6/2025,9/7/2025,9/8/2025,PWS,SBO1,60.65705,-145.89151,278,Orange,Juvenile,4024,69,34,17,23.654,4.033,,,,,,,,,,,,,,,,,
4,9/6/2025,9/7/2025,9/8/2025,PWS,SBO1,60.65705,-145.89151,278,Orange,Juvenile,4025,61,48,18,21.318,3.541,,,,,,,,,,,,,,,,,
4,9/6/2025,9/7/2025,9/8/2025,PWS,SBO1,60.65705,-145.89151,278,Orange,Juvenile,4026,55,46,17,13.01,2.283,,,,,,,,,,,,,,,,,
4,9/6/2025,9/7/2025,9/8/2025,PWS,SBO1,60.65705,-145.89151,278,Orange,Juvenile,4027,70,50,22,27.678,4.143,,,,,,,,,,,,,,,,,
4,9/6/2025,9/7/2025,9/8/2025,PWS,SBO1,60.65705,-145.89151,278,Orange,Juvenile,4028,63,43,14,15.648,2.459,,,,,,,,,,,,,,,,,
4,9/6/2025,9/7/2025,9/8/2025,PWS,SBO1,60.65705,-145.89151,278,Orange,Juvenile,4029,66,41,18,24.349,3.818,,,,,,,,,,,,,,,,,
4,9/6/2025,9/7/2025,9/8/2025,PWS,SBO1,60.65705,-145.89151,208,Orange,Juvenile,4030,64,42,14,19.315,2.623,12.912,18.657,EVOS_SBO1_4030-4031_208_9/8/25_Juvenile,,,,,,,,,,,,,,
4,9/6/2025,9/7/2025,9/8/2025,PWS,SBO1,60.65705,-145.89151,208,Orange,Juvenile,4031,58,38,15,20.244,3.246,12.912,18.657,EVOS_SBO1_4030-4031_208_9/8/25_Juvenile,,,,,,,,,,,,,,
4,9/6/2025,9/7/2025,9/8/2025,PWS,SBO1,60.65705,-145.89151,208,Orange,Juvenile,4032,61,47,14,16.047,2.06,12.895,18.436,EVOS_SBO1_4032-4033_208_9/8/25_Juvenile,,,,,,,,,,,,,,
4,9/6/2025,9/7/2025,9/8/2025,PWS,SBO1,60.65705,-145.89151,208,Orange,Juvenile,4033,61,41,19,21.853,3.455,12.895,18.436,EVOS_SBO1_4032-4033_208_9/8/25_Juvenile,,,,,,,,,,,,,,
4,9/6/2025,9/7/2025,9/8/2025,PWS,SBO1,60.65705,-145.89151,208,Orange,Juvenile,4034,70,36,16,18.499,2.828,,,,,,,,,,,,,,,,,
4,9/6/2025,9/7/2025,9/8/2025,PWS,SBO1,60.65705,-145.89151,208,Orange,Juvenile,4035,74,45,19,25.096,4.238,,,,,,,,,,,,,,,,,
4,9/6/2025,9/7/2025,9/8/2025,PWS,SBO1,60.65705,-145.89151,208,Orange,Juvenile,4036,75,41,16,30.411,5.96,,,,,,,,,,,,,,,,,
4,9/6/2025,9/7/2025,9/8/2025,PWS,SBO1,60.65705,-145.89151,208,Orange,Juvenile,4037,66,44,16,17.492,2.565,,,,,,,,,,,,,,,,,
4,9/6/2025,9/7/2025,9/8/2025,PWS,SBO1,60.65705,-145.89151,208,Orange,Juvenile,4038,57,38,16,14.459,2.44,,,,,,,,,,,,,,,,,
4,9/6/2025,9/7/2025,9/8/2025,PWS,SBO1,60.65705,-145.89151,208,Orange,Juvenile,4039,70,54,18,24.777,3.685,,,,,,,,,,,,,,,,,
4,9/6/2025,9/7/2025,9/8/2025,PWS,SBO1,60.65705,-145.89151,277,Orange,Juvenile,4040,65,35,22,22.65,4.09,12.893,19.107,EVOS_SBO1_4040-4041_277_9/8/25_Juvenile,,,,,,,,,,,,,,
4,9/6/2025,9/7/2025,9/8/2025,PWS,SBO1,60.65705,-145.89151,277,Orange,Juvenile,4041,54,30,15,15.859,2.139,12.893,19.107,EVOS_SBO1_4040-4041_277_9/8/25_Juvenile,,,,,,,,,,,,,,
4,9/6/2025,9/7/2025,9/8/2025,PWS,SBO1,60.65705,-145.89151,277,Orange,Juvenile,4042,63,40,20,19.303,3.351,12.87,17.938,EVOS_SBO1_4042-4043_277_9/8/25_Juvenile,,,,,,,,,,,,,,
4,9/6/2025,9/7/2025,9/8/2025,PWS,SBO1,60.65705,-145.89151,277,Orange,Juvenile,4043,54,34,13,14.247,1.7,12.87,17.938,EVOS_SBO1_4042-4043_277_9/8/25_Juvenile,,,,,,,,,,,,,,
4,9/6/2025,9/7/2025,9/8/2025,PWS,SBO1,60.65705,-145.89151,277,Orange,Juvenile,4044,84,44,17,28.014,5.193,,,,,,,,,,,,,,,,,
4,9/6/2025,9/7/2025,9/8/2025,PWS,SBO1,60.65705,-145.89151,277,Orange,Juvenile,4045,72,52,15,22.144,3.422,,,,,,,,,,,,,,,,,
4,9/6/2025,9/7/2025,9/8/2025,PWS,SBO1,60.65705,-145.89151,277,Orange,Juvenile,4046,68,46,18,19.034,3.992,,,,,,,,,,,,,,,,,
4,9/6/2025,9/7/2025,9/8/2025,PWS,SBO1,60.65705,-145.89151,277,Orange,Juvenile,4047,61,43,15,13.995,2.71,,,,,,,,,,,,,,,,,
4,9/6/2025,9/7/2025,9/8/2025,PWS,SBO1,60.65705,-145.89151,277,Orange,Juvenile,4048,70,44,20,26.148,4.189,,,,,,,,,,,,,,,,,
4,9/6/2025,9/7/2025,9/8/2025,PWS,SBO1,60.65705,-145.89151,277,Orange,Juvenile,4049,52,47,16,19.058,2.347,,,,,,,,,,,,,,,,,
4,9/6/2025,9/7/2025,9/8/2025,PWS,SBO1,60.65705,-145.89151,209,Orange,Juvenile,4050,49,41,14,11.584,1.907,12.743,16.799,EVOS_SBO1_4050-4051_209_9/8/25_Juvenile,,,,,,,,,,,,,,
4,9/6/2025,9/7/2025,9/8/2025,PWS,SBO1,60.65705,-145.89151,209,Orange,Juvenile,4051,63,37,19,14.818,2.137,12.743,16.799,EVOS_SBO1_4050-4051_209_9/8/25_Juvenile,,,,,,,,,,,,,,
4,9/6/2025,9/7/2025,9/8/2025,PWS,SBO1,60.65705,-145.89151,209,Orange,Juvenile,4052,63,46,17,27.528,3.964,12.899,18.887,EVOS_SBO1_4052-4053_209_9/8/25_Juvenile,,,,,,,,,,,,,,
4,9/6/2025,9/7/2025,9/8/2025,PWS,SBO1,60.65705,-145.89151,209,Orange,Juvenile,4053,61,30,18,13.728,2.009,12.899,18.887,EVOS_SBO1_4052-4053_209_9/8/25_Juvenile,,,,,,,,,,,,,,
4,9/6/2025,9/7/2025,9/8/2025,PWS,SBO1,60.65705,-145.89151,209,Orange,Juvenile,4054,61,39,19,19.456,2.582,,,,,,,,,,,,,,,,,
4,9/6/2025,9/7/2025,9/8/2025,PWS,SBO1,60.65705,-145.89151,209,Orange,Juvenile,4055,59,46,14,21.18,2.741,,,,,,,,,,,,,,,,,
4,9/6/2025,9/7/2025,9/8/2025,PWS,SBO1,60.65705,-145.89151,209,Orange,Juvenile,4056,58,36,15,11.54,1.743,,,,,,,,,,,,,,,,,
4,9/6/2025,9/7/2025,9/8/2025,PWS,SBO1,60.65705,-145.89151,209,Orange,Juvenile,4057,54,38,21,19.99,2.545,,,,,,,,,,,,,,,,,
4,9/6/2025,9/7/2025,9/8/2025,PWS,SBO1,60.65705,-145.89151,209,Orange,Juvenile,4058,65,38,15,19.299,2.895,,,,,,,,,,,,,,,,,
4,9/6/2025,9/7/2025,9/8/2025,PWS,SBO1,60.65705,-145.89151,209,Orange,Juvenile,4059,51,40,16,13.414,2.16,,,,,,,,,,,,,,,,,
4,9/6/2025,9/7/2025,9/8/2025,PWS,ROK1,60.5629,-145.96046,204,Orange,Juvenile,4060,77,49,24,29.079,5.257,12.709,23.52,EVOS_ROK1_4060-4061_204_9/8/25_Juvenile,"Crumbly shells, lots of sea stars, baby mussels (all ROK1 bags)",,,,,,,,,,,,,
4,9/6/2025,9/7/2025,9/8/2025,PWS,ROK1,60.5629,-145.96046,204,Orange,Juvenile,4061,85,51,20,40.3,5.485,12.709,23.52,EVOS_ROK1_4060-4061_204_9/8/25_Juvenile,,,,,,,,,,,,,,
4,9/6/2025,9/7/2025,9/8/2025,PWS,ROK1,60.5629,-145.96046,204,Orange,Juvenile,4062,92,62,27,70.45,10.69,12.882,28.18,EVOS_ROK1_4062-4063_204_9/8/25_Juvenile,,,,,,,,,,,,,,
4,9/6/2025,9/7/2025,9/8/2025,PWS,ROK1,60.5629,-145.96046,204,Orange,Juvenile,4063,82,42,19,40.317,4.647,12.882,28.18,EVOS_ROK1_4062-4063_204_9/8/25_Juvenile,,,,,,,,,,,,,,
4,9/6/2025,9/7/2025,9/8/2025,PWS,ROK1,60.5629,-145.96046,204,Orange,Juvenile,4064,104,58,24,62.258,7.025,,,,,,,,,,,,,,,,,
4,9/6/2025,9/7/2025,9/8/2025,PWS,ROK1,60.5629,-145.96046,204,Orange,Juvenile,4065,74,46,22,35.361,4.934,,,,,,,,,,,,,,,,,
4,9/6/2025,9/7/2025,9/8/2025,PWS,ROK1,60.5629,-145.96046,204,Orange,Juvenile,4066,83,44,29,37.775,5.913,,,,,,,,,,,,,,,,,
4,9/6/2025,9/7/2025,9/8/2025,PWS,ROK1,60.5629,-145.96046,204,Orange,Juvenile,4067,67,48,26,30.988,4.723,,,,,,,,,,,,,,,,,
4,9/6/2025,9/7/2025,9/8/2025,PWS,ROK1,60.5629,-145.96046,204,Orange,Juvenile,4068,67,44,22,30.679,4.456,,,,,,,,,,,,,,,,,
4,9/6/2025,9/7/2025,9/8/2025,PWS,ROK1,60.5629,-145.96046,204,Orange,Juvenile,4069,90,49,24,48.882,7.983,,,,,,,,,,,,,,,,,
4,9/6/2025,9/7/2025,9/8/2025,PWS,ROK1,60.5629,-145.96046,274,Orange,Juvenile,4070,95,50,24,62.349,7.078,12.874,25.463,EVOS_ROK1_4070-4071_274_9/8/25_Juvenile,,,,,,,,,,,,,,
4,9/6/2025,9/7/2025,9/8/2025,PWS,ROK1,60.5629,-145.96046,274,Orange,Juvenile,4071,85,43,23,49.739,5.805,12.874,25.463,EVOS_ROK1_4070-4071_274_9/8/25_Juvenile,,,,,,,,,,,,,,
4,9/6/2025,9/7/2025,9/8/2025,PWS,ROK1,60.5629,-145.96046,274,Orange,Juvenile,4072,72,48,22,30.786,4.854,12.982,22.395,EVOS_ROK1_4072-4073_274_9/8/25_Juvenile,,,,,,,,,,,,,,
4,9/6/2025,9/7/2025,9/8/2025,PWS,ROK1,60.5629,-145.96046,274,Orange,Juvenile,4073,87,43,21,40.949,4.8,12.982,22.395,EVOS_ROK1_4072-4073_274_9/8/25_Juvenile,,,,,,,,,,,,,,
4,9/6/2025,9/7/2025,9/8/2025,PWS,ROK1,60.5629,-145.96046,274,Orange,Juvenile,4074,55,38,22,26.838,2.448,,,,,,,,,,,,,,,,,
4,9/6/2025,9/7/2025,9/8/2025,PWS,ROK1,60.5629,-145.96046,274,Orange,Juvenile,4075,79,52,21,39.171,4.01,,,,,,,,,,,,,,,,,
4,9/6/2025,9/7/2025,9/8/2025,PWS,ROK1,60.5629,-145.96046,274,Orange,Juvenile,4076,85,50,22,49.192,7.059,,,,,,,,,,,,,,,,,
4,9/6/2025,9/7/2025,9/8/2025,PWS,ROK1,60.5629,-145.96046,274,Orange,Juvenile,4077,104,43,20,51.977,5.229,,,,,,,,,,,,,,,,,
4,9/6/2025,9/7/2025,9/8/2025,PWS,ROK1,60.5629,-145.96046,274,Orange,Juvenile,4078,73,48,16,23.274,4.095,,,,,,,,,,,,,,,,,
4,9/6/2025,9/7/2025,9/8/2025,PWS,ROK1,60.5629,-145.96046,274,Orange,Juvenile,4079,67,50,19,24.206,2.664,,,,,,,,,,,,,,,,,
4,9/6/2025,9/7/2025,9/8/2025,PWS,ROK1,60.5629,-145.96046,273,Orange,Juvenile,4080,84,57,23,44.501,5.819,12.913,25.2,EVOS_ROK1_4080-4081_273_9/8/25_Juvenile,,,,,,,,,,,,,,
4,9/6/2025,9/7/2025,9/8/2025,PWS,ROK1,60.5629,-145.96046,273,Orange,Juvenile,4081,93,49,23,60.806,7.351,12.913,25.2,EVOS_ROK1_4080-4081_273_9/8/25_Juvenile,,,,,,,,,,,,,,
4,9/6/2025,9/7/2025,9/8/2025,PWS,ROK1,60.5629,-145.96046,273,Orange,Juvenile,4082,70,54,25,45.841,6.642,12.724,24.111,EVOS_ROK1_4082-4083_273_9/8/25_Juvenile,,,,,,,,,,,,,,
4,9/6/2025,9/7/2025,9/8/2025,PWS,ROK1,60.5629,-145.96046,273,Orange,Juvenile,4083,72,57,21,40.292,5.31,12.724,24.111,EVOS_ROK1_4082-4083_273_9/8/25_Juvenile,,,,,,,,,,,,,,
4,9/6/2025,9/7/2025,9/8/2025,PWS,ROK1,60.5629,-145.96046,273,Orange,Juvenile,4084,70,49,17,32.253,4.817,,,,,,,,,,,,,,,,,
4,9/6/2025,9/7/2025,9/8/2025,PWS,ROK1,60.5629,-145.96046,273,Orange,Juvenile,4085,90,52,23,43.494,5.004,,,,,,,,,,,,,,,,,
4,9/6/2025,9/7/2025,9/8/2025,PWS,ROK1,60.5629,-145.96046,273,Orange,Juvenile,4086,84,50,20,46.411,6.884,,,,,,,,,,,,,,,,,
4,9/6/2025,9/7/2025,9/8/2025,PWS,ROK1,60.5629,-145.96046,273,Orange,Juvenile,4087,59,47,29,37.501,5.296,,,,,,,,,,,,,,,,,
4,9/6/2025,9/7/2025,9/8/2025,PWS,ROK1,60.5629,-145.96046,273,Orange,Juvenile,4088,56,40,23,23.866,3.287,,,,,,,,,,,,,,,,,
4,9/6/2025,9/7/2025,9/8/2025,PWS,ROK1,60.5629,-145.96046,273,Orange,Juvenile,4089,95,48,30,63.62,7.169,,,,,,,,,,,,,,,,,
4,9/6/2025,9/7/2025,9/8/2025,PWS,ROK1,60.5629,-145.96046,205,Orange,Juvenile,4090,95,70,32,64.031,7.842,12.717,25.973,EVOS_ROK1_4090-4091_205_9/8/25_Juvenile,,,,,,,,,,,,,,
4,9/6/2025,9/7/2025,9/8/2025,PWS,ROK1,60.5629,-145.96046,205,Orange,Juvenile,4091,77,48,19,37.91,5.585,12.717,25.973,EVOS_ROK1_4090-4091_205_9/8/25_Juvenile,,,,,,,,,,,,,,
4,9/6/2025,9/7/2025,9/8/2025,PWS,ROK1,60.5629,-145.96046,205,Orange,Juvenile,4092,79,42,23,36.849,4.595,12.89,23.899,EVOS_ROK1_4092-4093_205_9/8/25_Juvenile,,,,,,,,,,,,,,
4,9/6/2025,9/7/2025,9/8/2025,PWS,ROK1,60.5629,-145.96046,205,Orange,Juvenile,4093,90,60,28,56.092,6.538,12.89,23.899,EVOS_ROK1_4092-4093_205_9/8/25_Juvenile,,,,,,,,,,,,,,
4,9/6/2025,9/7/2025,9/8/2025,PWS,ROK1,60.5629,-145.96046,205,Orange,Juvenile,4094,71,47,28,26.886,4.453,,,,,,,,,,,,,,,,,
4,9/6/2025,9/7/2025,9/8/2025,PWS,ROK1,60.5629,-145.96046,205,Orange,Juvenile,4095,74,46,29,31.072,3.756,,,,,,,,,,,,,,,,,
4,9/6/2025,9/7/2025,9/8/2025,PWS,ROK1,60.5629,-145.96046,205,Orange,Juvenile,4096,79,54,26,52.992,9.483,,,,,,,,,,,,,,,,,
4,9/6/2025,9/7/2025,9/8/2025,PWS,ROK1,60.5629,-145.96046,205,Orange,Juvenile,4097,86,5,31,59.138,9.224,,,,,,,,,,,,,,,,,
4,9/6/2025,9/7/2025,9/8/2025,PWS,ROK1,60.5629,-145.96046,205,Orange,Juvenile,4098,68,50,26,34.399,4.321,,,,,,,,,,,,,,,,,
4,9/6/2025,9/7/2025,9/8/2025,PWS,ROK1,60.5629,-145.96046,205,Orange,Juvenile,4099,62,37,20,22.116,2.081,,,,,,,,,,,,,,,,,
4,9/6/2025,9/7/2025,9/8/2025,PWS,ROK1,60.5629,-145.96046,275,Orange,Juvenile,4100,65,42,22,30.406,2.605,12.886,21.552,EVOS_ROK1_4100-4101_275_9/8/25_Juvenile,"Crumbly shells (all bags from ROK1), lots of sea stars, baby mussels",,,,,,,,,,,,,
4,9/6/2025,9/7/2025,9/8/2025,PWS,ROK1,60.5629,-145.96046,275,Orange,Juvenile,4101,86,51,32,65.213,6.004,12.886,21.552,EVOS_ROK1_4100-4101_275_9/8/25_Juvenile,,,,,,,,,,,,,,
4,9/6/2025,9/7/2025,9/8/2025,PWS,ROK1,60.5629,-145.96046,275,Orange,Juvenile,4102,82,45,19,36.501,5.297,16.752,21.61,EVOS_ROK1_4102-4103_275_9/8/25_Juvenile,,,,,,,,,,,,,,
4,9/6/2025,9/7/2025,9/8/2025,PWS,ROK1,60.5629,-145.96046,275,Orange,Juvenile,4103,76,41,28,35.751,3.6,16.752,21.61,EVOS_ROK1_4102-4103_275_9/8/25_Juvenile,,,,,,,,,,,,,,
4,9/6/2025,9/7/2025,9/8/2025,PWS,ROK1,60.5629,-145.96046,275,Orange,Juvenile,4104,74,46,27,31.82,3.884,,,,,,,,,,,,,,,,,
4,9/6/2025,9/7/2025,9/8/2025,PWS,ROK1,60.5629,-145.96046,275,Orange,Juvenile,4105,68,49,31,35.737,3.854,,,,,,,,,,,,,,,,,
4,9/6/2025,9/7/2025,9/8/2025,PWS,ROK1,60.5629,-145.96046,275,Orange,Juvenile,4106,89,53,28,50.743,5.603,,,,,,,,,,,,,,,,,
4,9/6/2025,9/7/2025,9/8/2025,PWS,ROK1,60.5629,-145.96046,275,Orange,Juvenile,4107,96,52,27,60.906,8,,,,,,,,,,,,,,,,,
4,9/6/2025,9/7/2025,9/8/2025,PWS,ROK1,60.5629,-145.96046,275,Orange,Juvenile,4108,59,45,26,28.771,4.115,,,,,,,,,,,,,,,,,
4,9/6/2025,9/7/2025,9/8/2025,PWS,ROK1,60.5629,-145.96046,275,Orange,Juvenile,4109,60,32,14,16.114,2.035,,,,,,,,,,,,,,,,,
4,9/6/2025,9/7/2025,9/8/2025,PWS,ROK1,60.5629,-145.96046,206,Orange,Juvenile,4110,80,59,31,55.853,7.079,12.689,23.993,EVOS_ROK1_4110-4111_206_9/8/25_Juvenile,,,,,,,,,,,,,,
4,9/6/2025,9/7/2025,9/8/2025,PWS,ROK1,60.5629,-145.96046,206,Orange,Juvenile,4111,91,50,26,42.498,4.262,12.689,23.993,EVOS_ROK1_4110-4111_206_9/8/25_Juvenile,,,,,,,,,,,,,,
4,9/6/2025,9/7/2025,9/8/2025,PWS,ROK1,60.5629,-145.96046,206,Orange,Juvenile,4112,85,50,23,46.869,4.504,12.868,22.8,EVOS_ROK1_4112-4113_206_9/8/25_Juvenile,,,,,,,,,,,,,,
4,9/6/2025,9/7/2025,9/8/2025,PWS,ROK1,60.5629,-145.96046,206,Orange,Juvenile,4113,79,54,26,40.181,5.456,12.868,22.8,EVOS_ROK1_4112-4113_206_9/8/25_Juvenile,,,,,,,,,,,,,,
4,9/6/2025,9/7/2025,9/8/2025,PWS,ROK1,60.5629,-145.96046,206,Orange,Juvenile,4114,95,48,26,51.395,5.99,,,,,,,,,,,,,,,,,
4,9/6/2025,9/7/2025,9/8/2025,PWS,ROK1,60.5629,-145.96046,206,Orange,Juvenile,4115,65,39,24,16.459,2.418,,,,,,,,,,,,,,,,,
4,9/6/2025,9/7/2025,9/8/2025,PWS,ROK1,60.5629,-145.96046,206,Orange,Juvenile,4116,102,52,29,55.397,8.059,,,,,,,,,,,,,,,,,
4,9/6/2025,9/7/2025,9/8/2025,PWS,ROK1,60.5629,-145.96046,206,Orange,Juvenile,4117,78,56,30,42.429,5.347,,,,,,,,,,,,,,,,,
4,9/6/2025,9/7/2025,9/8/2025,PWS,ROK1,60.5629,-145.96046,206,Orange,Juvenile,4118,76,47,18,26.148,3.634,,,,,,,,,,,,,,,,,
4,9/6/2025,9/7/2025,9/8/2025,PWS,ROK1,60.5629,-145.96046,206,Orange,Juvenile,4119,77,62,28,51.661,6.157,,,,,,,,,,,,,,,,,
4,9/6/2025,9/7/2025,9/9/2025,PWS,SBR1,60.63698,-146.00447,270,Orange,Juvenile,4120,99,66,33,77.566,11.141,12.784,26.744,EVOS_SBR1_4120-4121_270_9/9/25_Juvenile,Lots of mussels (all SBR1 bags),,,,,,,,,,,,,
4,9/6/2025,9/7/2025,9/9/2025,PWS,SBR1,60.63698,-146.00447,270,Orange,Juvenile,4121,63,50,21,16.67,2.785,12.784,26.744,EVOS_SBR1_4120-4121_270_9/9/25_Juvenile,,,,,,,,,,,,,,
4,9/6/2025,9/7/2025,9/9/2025,PWS,SBR1,60.63698,-146.00447,270,Orange,Juvenile,4122,64,56,27,24.833,4.653,12.755,25.264,EVOS_SBR1_4122-4123_270_9/9/25_Juvenile,,,,,,,,,,,,,,
4,9/6/2025,9/7/2025,9/9/2025,PWS,SBR1,60.63698,-146.00447,270,Orange,Juvenile,4123,89,46,27,43.796,7.817,12.755,25.264,EVOS_SBR1_4122-4123_270_9/9/25_Juvenile,,,,,,,,,,,,,,
4,9/6/2025,9/7/2025,9/9/2025,PWS,SBR1,60.63698,-146.00447,270,Orange,Juvenile,4124,72,52,19,30.792,5.726,,,,,,,,,,,,,,,,,
4,9/6/2025,9/7/2025,9/9/2025,PWS,SBR1,60.63698,-146.00447,270,Orange,Juvenile,4125,76,48,21,36.104,4.61,,,,,,,,,,,,,,,,,
4,9/6/2025,9/7/2025,9/9/2025,PWS,SBR1,60.63698,-146.00447,270,Orange,Juvenile,4126,84,53,28,45.47,6.992,,,,,,,,,,,,,,,,,
4,9/6/2025,9/7/2025,9/9/2025,PWS,SBR1,60.63698,-146.00447,270,Orange,Juvenile,4127,74,44,28,35.393,4.716,,,,,,,,,,,,,,,,,
4,9/6/2025,9/7/2025,9/9/2025,PWS,SBR1,60.63698,-146.00447,270,Orange,Juvenile,4128,67,43,33,29.953,6.015,,,,,,,,,,,,,,,,,
4,9/6/2025,9/7/2025,9/9/2025,PWS,SBR1,60.63698,-146.00447,270,Orange,Juvenile,4129,77,48,3,33.037,5.081,,,,,,,,,,,,,,,,,
4,9/6/2025,9/7/2025,9/9/2025,PWS,SBR1,60.63698,-146.00447,201,Orange,Juvenile,4130,71,59,28,35.451,6.481,12.897,31.153,EVOS_SBR1_4130-4131_201_9/9/25_Juvenile,,,,,,,,,,,,,,
4,9/6/2025,9/7/2025,9/9/2025,PWS,SBR1,60.63698,-146.00447,201,Orange,Juvenile,4131,103,58,24,57.479,11.782,12.897,31.153,EVOS_SBR1_4130-4131_201_9/9/25_Juvenile,,,,,,,,,,,,,,
4,9/6/2025,9/7/2025,9/9/2025,PWS,SBR1,60.63698,-146.00447,201,Orange,Juvenile,4132,76,47,27,48.727,6.869,12.77,27.249,EVOS_SBR1_4132-4133_201_9/9/25_Juvenile,,,,,,,,,,,,,,
4,9/6/2025,9/7/2025,9/9/2025,PWS,SBR1,60.63698,-146.00447,201,Orange,Juvenile,4133,79,52,26,48.256,7.564,12.77,27.249,EVOS_SBR1_4132-4133_201_9/9/25_Juvenile,,,,,,,,,,,,,,
4,9/6/2025,9/7/2025,9/9/2025,PWS,SBR1,60.63698,-146.00447,201,Orange,Juvenile,4134,76,66,27,60.45,10.618,,,,,,,,,,,,,,,,,
4,9/6/2025,9/7/2025,9/9/2025,PWS,SBR1,60.63698,-146.00447,201,Orange,Juvenile,4135,77,43,25,36.238,4.825,,,,,,,,,,,,,,,,,
4,9/6/2025,9/7/2025,9/9/2025,PWS,SBR1,60.63698,-146.00447,201,Orange,Juvenile,4136,78,55,27,38.464,6.575,,,,,,,,,,,,,,,,,
4,9/6/2025,9/7/2025,9/9/2025,PWS,SBR1,60.63698,-146.00447,201,Orange,Juvenile,4137,67,44,26,32.5,5.359,,,,,,,,,,,,,,,,,
4,9/6/2025,9/7/2025,9/9/2025,PWS,SBR1,60.63698,-146.00447,201,Orange,Juvenile,4138,68,39,19,20.228,2.582,,,,,,,,,,,,,,,,,
4,9/6/2025,9/7/2025,9/9/2025,PWS,SBR1,60.63698,-146.00447,201,Orange,Juvenile,4139,70,40,19,24.73,3.343,,,,,,,,,,,,,,,,,
4,9/6/2025,9/7/2025,9/9/2025,PWS,SBR1,60.63698,-146.00447,202,Orange,Juvenile,4140,79,40,17,23.555,4.673,12.909,22.655,EVOS_SBR1_4140-4141_202_9/9/25_Juvenile,,,,,,,,,,,,,,
4,9/6/2025,9/7/2025,9/9/2025,PWS,SBR1,60.63698,-146.00447,202,Orange,Juvenile,4141,74,58,23,38.005,5.204,12.909,22.655,EVOS_SBR1_4140-4141_202_9/9/25_Juvenile,,,,,,,,,,,,,,
4,9/6/2025,9/7/2025,9/9/2025,PWS,SBR1,60.63698,-146.00447,202,Orange,Juvenile,4142,72,55,30,34.769,5.017,12.949,23.457,EVOS_SBR1_4142-4143_202_9/9/25_Juvenile,,,,,,,,,,,,,,
4,9/6/2025,9/7/2025,9/9/2025,PWS,SBR1,60.63698,-146.00447,202,Orange,Juvenile,4143,81,50,24,41.825,5.658,12.949,23.457,EVOS_SBR1_4142-4143_202_9/9/25_Juvenile,,,,,,,,,,,,,,
4,9/6/2025,9/7/2025,9/9/2025,PWS,SBR1,60.63698,-146.00447,202,Orange,Juvenile,4144,84,54,30,63.167,9.39,,,,,,,,,,,,,,,,,
4,9/6/2025,9/7/2025,9/9/2025,PWS,SBR1,60.63698,-146.00447,202,Orange,Juvenile,4145,74,48,25,41.662,4.182,,,,,,,,,,,,,,,,,
4,9/6/2025,9/7/2025,9/9/2025,PWS,SBR1,60.63698,-146.00447,202,Orange,Juvenile,4146,71,55,23,32.005,2.885,,,,,,,,,,,,,,,,,
4,9/6/2025,9/7/2025,9/9/2025,PWS,SBR1,60.63698,-146.00447,202,Orange,Juvenile,4147,75,50,19,41.393,5.68,,,,,,,,,,,,,,,,,
4,9/6/2025,9/7/2025,9/9/2025,PWS,SBR1,60.63698,-146.00447,202,Orange,Juvenile,4148,93,57,32,82.182,10.21,,,,,,,,,,,,,,,,,
4,9/6/2025,9/7/2025,9/9/2025,PWS,SBR1,60.63698,-146.00447,202,Orange,Juvenile,4149,72,43,26,31.363,5.207,,,,,,,,,,,,,,,,,
4,9/6/2025,9/7/2025,9/9/2025,PWS,SBR1,60.63698,-146.00447,203,Orange,Juvenile,4150,73,52,19,37.055,8.374,12.945,30.021,EVOS_SBR1_4150-4151_203_9/9/25_Juvenile,,,,,,,,,,,,,,
4,9/6/2025,9/7/2025,9/9/2025,PWS,SBR1,60.63698,-146.00447,203,Orange,Juvenile,4151,94,55,29,61.028,8.647,12.945,30.021,EVOS_SBR1_4150-4151_203_9/9/25_Juvenile,,,,,,,,,,,,,,
4,9/6/2025,9/7/2025,9/9/2025,PWS,SBR1,60.63698,-146.00447,203,Orange,Juvenile,4152,70,54,21,37.38,6.505,12.902,25.61,EVOS_SBR1_4152-4153_203_9/9/25_Juvenile,,,,,,,,,,,,,,
4,9/6/2025,9/7/2025,9/9/2025,PWS,SBR1,60.63698,-146.00447,203,Orange,Juvenile,4153,79,59,25,44.717,6.084,12.902,25.61,EVOS_SBR1_4152-4153_203_9/9/25_Juvenile,,,,,,,,,,,,,,
4,9/6/2025,9/7/2025,9/9/2025,PWS,SBR1,60.63698,-146.00447,203,Orange,Juvenile,4154,73,47,19,34.252,4.9,,,,,,,,,,,,,,,,,
4,9/6/2025,9/7/2025,9/9/2025,PWS,SBR1,60.63698,-146.00447,203,Orange,Juvenile,4155,81,41,26,32.046,5.785,,,,,,,,,,,,,,,,,
4,9/6/2025,9/7/2025,9/9/2025,PWS,SBR1,60.63698,-146.00447,203,Orange,Juvenile,4156,87,52,26,48.878,8.985,,,,,,,,,,,,,,,,,
4,9/6/2025,9/7/2025,9/9/2025,PWS,SBR1,60.63698,-146.00447,203,Orange,Juvenile,4157,65,40,26,35.981,4.431,,,,,,,,,,,,,,,,,
4,9/6/2025,9/7/2025,9/9/2025,PWS,SBR1,60.63698,-146.00447,203,Orange,Juvenile,4158,93,46,26,50.187,7.725,,,,,,,,,,,,,,,,,
4,9/6/2025,9/7/2025,9/9/2025,PWS,SBR1,60.63698,-146.00447,203,Orange,Juvenile,4159,59,45,24,28.404,3.639,,,,,,,,,,,,,,,,,
4,9/6/2025,9/7/2025,9/9/2025,PWS,SBR1,60.63698,-146.00447,271,Orange,Juvenile,4160,57,45,17,16.467,2.199,12.842,18.888,EVOS_SBR1_4160-4161_271_9/9/25_Juvenile,,,,,,,,,,,,,,
4,9/6/2025,9/7/2025,9/9/2025,PWS,SBR1,60.63698,-146.00447,271,Orange,Juvenile,4161,72,46,19,33.24,3.808,12.842,18.888,EVOS_SBR1_4160-4161_271_9/9/25_Juvenile,,,,,,,,,,,,,,
4,9/6/2025,9/7/2025,9/9/2025,PWS,SBR1,60.63698,-146.00447,271,Orange,Juvenile,4162,68,46,26,32.565,4.992,12.977,20.371,EVOS_SBR1_4162-4163_271_9/9/25_Juvenile,,,,,,,,,,,,,,
4,9/6/2025,9/7/2025,9/9/2025,PWS,SBR1,60.63698,-146.00447,271,Orange,Juvenile,4163,57,45,19,27.175,2.405,12.977,20.371,EVOS_SBR1_4162-4163_271_9/9/25_Juvenile,,,,,,,,,,,,,,
4,9/6/2025,9/7/2025,9/9/2025,PWS,SBR1,60.63698,-146.00447,271,Orange,Juvenile,4164,79,35,19,28.814,2.573,,,,,,,,,,,,,,,,,
4,9/6/2025,9/7/2025,9/9/2025,PWS,SBR1,60.63698,-146.00447,271,Orange,Juvenile,4165,64,39,26,26.634,3.589,,,,,,,,,,,,,,,,,
4,9/6/2025,9/7/2025,9/9/2025,PWS,SBR1,60.63698,-146.00447,271,Orange,Juvenile,4166,82,55,26,42.579,5.281,,,,,,,,,,,,,,,,,
4,9/6/2025,9/7/2025,9/9/2025,PWS,SBR1,60.63698,-146.00447,271,Orange,Juvenile,4167,66,54,23,31.664,3.726,,,,,,,,,,,,,,,,,
4,9/6/2025,9/7/2025,9/9/2025,PWS,SBR1,60.63698,-146.00447,271,Orange,Juvenile,4168,83,42,20,36.081,6.353,,,,,,,,,,,,,,,,,
4,9/6/2025,9/7/2025,9/9/2025,PWS,SBR1,60.63698,-146.00447,271,Orange,Juvenile,4169,65,55,18,27.547,3.028,,,,,,,,,,,,,,,,,
4,9/6/2025,9/7/2025,9/9/2025,PWS,SBR1,60.63698,-146.00447,272,Orange,Juvenile,4170,96,50,27,68.086,5.82,12.801,26.018,EVOS_SBR1_4170-4171_272_9/9/25_Juvenile,,,,,,,,,,,,,,
4,9/6/2025,9/7/2025,9/9/2025,PWS,SBR1,60.63698,-146.00447,272,Orange,Juvenile,4171,86,55,44,64.589,7.184,12.801,26.018,EVOS_SBR1_4170-4171_272_9/9/25_Juvenile,,,,,,,,,,,,,,
4,9/6/2025,9/7/2025,9/9/2025,PWS,SBR1,60.63698,-146.00447,272,Orange,Juvenile,4172,59,43,17,22.738,2.92,12.91,19.049,EVOS_SBR1_4172-4173_272_9/9/25_Juvenile,,,,,,,,,,,,,,
4,9/6/2025,9/7/2025,9/9/2025,PWS,SBR1,60.63698,-146.00447,272,Orange,Juvenile,4173,63,52,24,30.632,3.123,12.91,19.049,EVOS_SBR1_4172-4173_272_9/9/25_Juvenile,,,,,,,,,,,,,,
4,9/6/2025,9/7/2025,9/9/2025,PWS,SBR1,60.63698,-146.00447,272,Orange,Juvenile,4174,65,60,31,39.902,5.971,,,,,,,,,,,,,,,,,
4,9/6/2025,9/7/2025,9/9/2025,PWS,SBR1,60.63698,-146.00447,272,Orange,Juvenile,4175,75,56,23,35.957,5.577,,,,,,,,,,,,,,,,,
4,9/6/2025,9/7/2025,9/9/2025,PWS,SBR1,60.63698,-146.00447,272,Orange,Juvenile,4176,70,39,19,26.33,3.757,,,,,,,,,,,,,,,,,
4,9/6/2025,9/7/2025,9/9/2025,PWS,SBR1,60.63698,-146.00447,272,Orange,Juvenile,4177,53,37,12,14.223,1.546,,,,,,,,,,,,,,,,,
4,9/6/2025,9/7/2025,9/9/2025,PWS,SBR1,60.63698,-146.00447,272,Orange,Juvenile,4178,54,41,22,21.826,2.981,,,,,,,,,,,,,,,,,
4,9/6/2025,9/7/2025,9/9/2025,PWS,SBR1,60.63698,-146.00447,272,Orange,Juvenile,4179,79,65,25,52.478,5.447,,,,,,,,,,,,,,,,,
4,9/6/2025,9/7/2025,9/10/2025,Kodiak,AOF1,57.65784,-152.42018,224A,Orange,Juvenile,4180,69,51,20,28.543,7.078,12.899,25.952,EVOS_AOF1_4180-4181_224A_9/10/25_Juvenile,Barnacle set (all AOF1 bags),,,,,,,,,,,,,
4,9/6/2025,9/7/2025,9/10/2025,Kodiak,AOF1,57.65784,-152.42018,224A,Orange,Juvenile,4181,62,49,22,25.066,6.666,12.899,25.952,EVOS_AOF1_4180-4181_224A_9/10/25_Juvenile,,,,,,,,,,,,,,
4,9/6/2025,9/7/2025,9/10/2025,Kodiak,AOF1,57.65784,-152.42018,224A,Orange,Juvenile,4182,67,55,24,32.21,7.879,12.827,27.093,EVOS_AOF1_4182-4183_224A_9/10/25_Juvenile,,,,,,,,,,,,,,
4,9/6/2025,9/7/2025,9/10/2025,Kodiak,AOF1,57.65784,-152.42018,224A,Orange,Juvenile,4183,70,52,22,31.127,7.215,12.827,27.093,EVOS_AOF1_4182-4183_224A_9/10/25_Juvenile,,,,,,,,,,,,,,
4,9/6/2025,9/7/2025,9/10/2025,Kodiak,AOF1,57.65784,-152.42018,224A,Orange,Juvenile,4184,71,45,24,30.24,7.86,,,,,,,,,,,,,,,,,
4,9/6/2025,9/7/2025,9/10/2025,Kodiak,AOF1,57.65784,-152.42018,224A,Orange,Juvenile,4185,65,49,21,32.142,8.07,,,,,,,,,,,,,,,,,
4,9/6/2025,9/7/2025,9/10/2025,Kodiak,AOF1,57.65784,-152.42018,224A,Orange,Juvenile,4186,66,48,20,28.543,6.843,,,,,,,,,,,,,,,,,
4,9/6/2025,9/7/2025,9/10/2025,Kodiak,AOF1,57.65784,-152.42018,224A,Orange,Juvenile,4187,63,48,22,28.07,7.05,,,,,,,,,,,,,,,,,
4,9/6/2025,9/7/2025,9/10/2025,Kodiak,AOF1,57.65784,-152.42018,224A,Orange,Juvenile,4188,67,45,23,31.757,7.521,,,,,,,,,,,,,,,,,
4,9/6/2025,9/7/2025,9/10/2025,Kodiak,AOF1,57.65784,-152.42018,224A,Orange,Juvenile,4189,71,53,21,32.672,7.319,,,,,,,,,,,,,,,,,
4,9/6/2025,9/7/2025,9/10/2025,Kodiak,AOF1,57.65784,-152.42018,223,Orange,Juvenile,4190,72,48,21,40.139,8.622,12.947,29.485,EVOS_AOF1_4190-4191_223_9/10/25_Juvenile,,,,,,,,,,,,,,
4,9/6/2025,9/7/2025,9/10/2025,Kodiak,AOF1,57.65784,-152.42018,223,Orange,Juvenile,4191,67,47,21,35.606,8.178,12.947,29.485,EVOS_AOF1_4190-4191_223_9/10/25_Juvenile,,,,,,,,,,,,,,
4,9/6/2025,9/7/2025,9/10/2025,Kodiak,AOF1,57.65784,-152.42018,223,Orange,Juvenile,4192,66,47,20,33.163,7.967,12.921,28.299,EVOS_AOF1_4192-4193_223_9/10/25_Juvenile,,,,,,,,,,,,,,
4,9/6/2025,9/7/2025,9/10/2025,Kodiak,AOF1,57.65784,-152.42018,223,Orange,Juvenile,4193,70,42,19,32.293,7.868,12.921,28.299,EVOS_AOF1_4192-4193_223_9/10/25_Juvenile,,,,,,,,,,,,,,
4,9/6/2025,9/7/2025,9/10/2025,Kodiak,AOF1,57.65784,-152.42018,223,Orange,Juvenile,4194,71,42,21,35.358,8.074,,,,,,,,,,,,,,,,,
4,9/6/2025,9/7/2025,9/10/2025,Kodiak,AOF1,57.65784,-152.42018,223,Orange,Juvenile,4195,74,49,22,38.651,8.742,,,,,,,,,,,,,,,,,
4,9/6/2025,9/7/2025,9/10/2025,Kodiak,AOF1,57.65784,-152.42018,223,Orange,Juvenile,4196,71,45,21,34.659,9.718,,,,,,,,,,,,,,,,,
4,9/6/2025,9/7/2025,9/10/2025,Kodiak,AOF1,57.65784,-152.42018,223,Orange,Juvenile,4197,69,45,22,38.493,8.736,,,,,,,,,,,,,,,,,
4,9/6/2025,9/7/2025,9/10/2025,Kodiak,AOF1,57.65784,-152.42018,223,Orange,Juvenile,4198,70,54,22,40.658,7.775,,,,,,,,,,,,,,,,,
4,9/6/2025,9/7/2025,9/10/2025,Kodiak,AOF1,57.65784,-152.42018,223,Orange,Juvenile,4199,68,50,20,36.455,8.085,,,,,,,,,,,,,,,,,
4,9/6/2025,9/7/2025,9/10/2025,Kodiak,AOF1,57.65784,-152.42018,222,Orange,Juvenile,4200,48,50,20,23.995,5.619,12.743,24.959,EVOS_AOF1_4200-4201_222_9/10/25_Juvenile,,,,,,,,,,,,,,
4,9/6/2025,9/7/2025,9/10/2025,Kodiak,AOF1,57.65784,-152.42018,222,Orange,Juvenile,4201,54,42,22,26.014,6.743,12.743,24.959,EVOS_AOF1_4200-4201_222_9/10/25_Juvenile,,,,,,,,,,,,,,
4,9/6/2025,9/7/2025,9/10/2025,Kodiak,AOF1,57.65784,-152.42018,222,Orange,Juvenile,4202,61,45,21,26.531,6.76,12.874,24.864,EVOS_AOF1_4202-4203_222_9/10/25_Juvenile,,,,,,,,,,,,,,
4,9/6/2025,9/7/2025,9/10/2025,Kodiak,AOF1,57.65784,-152.42018,222,Orange,Juvenile,4203,53,42,24,23.209,5.372,12.874,24.864,EVOS_AOF1_4202-4203_222_9/10/25_Juvenile,,,,,,,,,,,,,,
4,9/6/2025,9/7/2025,9/10/2025,Kodiak,AOF1,57.65784,-152.42018,222,Orange,Juvenile,4204,54,44,22,24.026,5.878,,,,,,,,,,,,,,,,,
4,9/6/2025,9/7/2025,9/10/2025,Kodiak,AOF1,57.65784,-152.42018,222,Orange,Juvenile,4205,64,56,25,33.946,9.26,,,,,,,,,,,,,,,,,
4,9/6/2025,9/7/2025,9/10/2025,Kodiak,AOF1,57.65784,-152.42018,222,Orange,Juvenile,4206,61,43,21,26.061,6.847,,,,,,,,,,,,,,,,,
4,9/6/2025,9/7/2025,9/10/2025,Kodiak,AOF1,57.65784,-152.42018,222,Orange,Juvenile,4207,59,42,20,24.458,6.224,,,,,,,,,,,,,,,,,
4,9/6/2025,9/7/2025,9/10/2025,Kodiak,AOF1,57.65784,-152.42018,222,Orange,Juvenile,4208,55,45,19,20.649,4.902,,,,,,,,,,,,,,,,,
4,9/6/2025,9/7/2025,9/10/2025,Kodiak,AOF1,57.65784,-152.42018,222,Orange,Juvenile,4209,55,45,22,24.556,6.038,,,,,,,,,,,,,,,,,
4,9/6/2025,9/7/2025,9/10/2025,Kodiak,AOF1,57.65784,-152.42018,224B,Orange,Juvenile,4210,72,53,23,33.033,7.914,12.867,27.932,EVOS_AOF1_4210-4211_224B_9/10/25_Juvenile,,,,,,,,,,,,,,
4,9/6/2025,9/7/2025,9/10/2025,Kodiak,AOF1,57.65784,-152.42018,224B,Orange,Juvenile,4211,72,59,20,32.537,7.781,12.867,27.932,EVOS_AOF1_4210-4211_224B_9/10/25_Juvenile,,,,,,,,,,,,,,
4,9/6/2025,9/7/2025,9/10/2025,Kodiak,AOF1,57.65784,-152.42018,224B,Orange,Juvenile,4212,69,49,23,34.539,7.15,12.904,28.256,EVOS_AOF1_4212-4213_224B_9/10/25_Juvenile,,,,,,,,,,,,,,
4,9/6/2025,9/7/2025,9/10/2025,Kodiak,AOF1,57.65784,-152.42018,224B,Orange,Juvenile,4213,69,55,23,34.029,8.581,12.904,28.256,EVOS_AOF1_4212-4213_224B_9/10/25_Juvenile,,,,,,,,,,,,,,
4,9/6/2025,9/7/2025,9/10/2025,Kodiak,AOF1,57.65784,-152.42018,224B,Orange,Juvenile,4214,70,48,23,33.926,8.398,,,,,,,,,,,,,,,,,
4,9/6/2025,9/7/2025,9/10/2025,Kodiak,AOF1,57.65784,-152.42018,224B,Orange,Juvenile,4215,66,49,23,30.009,7.308,,,,,,,,,,,,,,,,,
4,9/6/2025,9/7/2025,9/10/2025,Kodiak,AOF1,57.65784,-152.42018,224B,Orange,Juvenile,4216,70,47,23,28.291,6.526,,,,,,,,,,,,,,,,,
4,9/6/2025,9/7/2025,9/10/2025,Kodiak,AOF1,57.65784,-152.42018,224B,Orange,Juvenile,4217,69,62,23,37.194,9.043,,,,,,,,,,,,,,,,,
4,9/6/2025,9/7/2025,9/10/2025,Kodiak,AOF1,57.65784,-152.42018,224B,Orange,Juvenile,4218,73,49,24,35.459,8.321,,,,,,,,,,,,,,,,,
4,9/6/2025,9/7/2025,9/10/2025,Kodiak,AOF1,57.65784,-152.42018,224B,Orange,Juvenile,4219,70,45,21,33.062,6.621,,,,,,,,,,,,,,,,,
4,9/6/2025,9/7/2025,9/10/2025,Kodiak,AOF1,57.65784,-152.42018,222B,Orange,Juvenile,4220,62,49,23,28.377,6.496,12.941,24.256,EVOS_AOF1_4220-4221_222_9/10/25_Juvenile,"Barnacle set, strong shells, deep cup (bags 222, 223)",,,,,,,,,,,,,
4,9/6/2025,9/7/2025,9/10/2025,Kodiak,AOF1,57.65784,-152.42018,222B,Orange,Juvenile,4221,54,48,21,25.258,5.38,12.941,24.256,EVOS_AOF1_4220-4221_222_9/10/25_Juvenile,,,,,,,,,,,,,,
4,9/6/2025,9/7/2025,9/10/2025,Kodiak,AOF1,57.65784,-152.42018,222B,Orange,Juvenile,4222,60,45,22,28.985,5.933,12.892,24.203,EVOS_AOF1_4222-4223_222_9/10/25_Juvenile,,,,,,,,,,,,,,
4,9/6/2025,9/7/2025,9/10/2025,Kodiak,AOF1,57.65784,-152.42018,222B,Orange,Juvenile,4223,58,45,21,26.556,5.892,12.892,24.203,EVOS_AOF1_4222-4223_222_9/10/25_Juvenile,,,,,,,,,,,,,,
4,9/6/2025,9/7/2025,9/10/2025,Kodiak,AOF1,57.65784,-152.42018,222B,Orange,Juvenile,4224,58,45,22,26.363,5.818,,,,,,,,,,,,,,,,,
4,9/6/2025,9/7/2025,9/10/2025,Kodiak,AOF1,57.65784,-152.42018,222B,Orange,Juvenile,4225,61,51,20,24.988,6.098,,,,,,,,,,,,,,,,,
4,9/6/2025,9/7/2025,9/10/2025,Kodiak,AOF1,57.65784,-152.42018,222B,Orange,Juvenile,4226,64,44,22,27.359,5.013,,,,,,,,,,,,,,,,,
4,9/6/2025,9/7/2025,9/10/2025,Kodiak,AOF1,57.65784,-152.42018,222B,Orange,Juvenile,4227,62,45,22,33.295,7.115,,,,,,,,,,,,,,,,,
4,9/6/2025,9/7/2025,9/10/2025,Kodiak,AOF1,57.65784,-152.42018,222B,Orange,Juvenile,4228,62,53,23,27.165,5.939,,,,,,,,,,,,,,,,,
4,9/6/2025,9/7/2025,9/10/2025,Kodiak,AOF1,57.65784,-152.42018,222B,Orange,Juvenile,4229,57,45,22,22.944,4.871,,,,,,,,,,,,,,,,,
4,9/6/2025,9/7/2025,9/10/2025,Kodiak,AOF1,57.65784,-152.42018,223B,Orange,Juvenile,4230,78,56,17,41.144,8.538,12.784,29.145,EVOS_AOF1_4230-4231_223_9/10/25_Juvenile,,,,,,,,,,,,,,
4,9/6/2025,9/7/2025,9/10/2025,Kodiak,AOF1,57.65784,-152.42018,223B,Orange,Juvenile,4231,71,50,23,38.278,8.21,12.784,29.145,EVOS_AOF1_4230-4231_223_9/10/25_Juvenile,,,,,,,,,,,,,,
4,9/6/2025,9/7/2025,9/10/2025,Kodiak,AOF1,57.65784,-152.42018,223B,Orange,Juvenile,4232,74,56,20,39.207,8.245,12.922,30.483,EVOS_AOF1_4232-4233_223_9/10/25_Juvenile,,,,,,,,,,,,,,
4,9/6/2025,9/7/2025,9/10/2025,Kodiak,AOF1,57.65784,-152.42018,223B,Orange,Juvenile,4233,67,48,25,40.282,9.508,12.922,30.483,EVOS_AOF1_4232-4233_223_9/10/25_Juvenile,,,,,,,,,,,,,,
4,9/6/2025,9/7/2025,9/10/2025,Kodiak,AOF1,57.65784,-152.42018,223B,Orange,Juvenile,4234,70,37,20,36.229,7.466,,,,,,,,,,,,,,,,,
4,9/6/2025,9/7/2025,9/10/2025,Kodiak,AOF1,57.65784,-152.42018,223B,Orange,Juvenile,4235,74,60,21,41.29,8.744,,,,,,,,,,,,,,,,,
4,9/6/2025,9/7/2025,9/10/2025,Kodiak,AOF1,57.65784,-152.42018,223B,Orange,Juvenile,4236,67,57,23,37.412,8.302,,,,,,,,,,,,,,,,,
4,9/6/2025,9/7/2025,9/10/2025,Kodiak,AOF1,57.65784,-152.42018,223B,Orange,Juvenile,4237,72,45,26,41.634,9.663,,,,,,,,,,,,,,,,,
4,9/6/2025,9/7/2025,9/10/2025,Kodiak,AOF1,57.65784,-152.42018,223B,Orange,Juvenile,4238,64,47,22,33.688,7.951,,,,,,,,,,,,,,,,,
4,9/6/2025,9/7/2025,9/10/2025,Kodiak,AOF1,57.65784,-152.42018,223B,Orange,Juvenile,4239,68,46,20,33.359,6.715,,,,,,,,,,,,,,,,,
4,9/8/2025,9/10/2025,9/10/2025,Kodiak,KOB1,57.53318,-154.02696,225,Orange,Juvenile,4240,64,47,25,28.797,4.997,12.932,21.453,EVOS_KOB1_4240-4241_225_9/10/25_Juvenile,Clean shells (All KOB1 bags),,,,,,,,,,,,,
4,9/8/2025,9/10/2025,9/10/2025,Kodiak,KOB1,57.53318,-154.02696,225,Orange,Juvenile,4241,59,41,19,20.189,3.543,12.932,21.453,EVOS_KOB1_4240-4241_225_9/10/25_Juvenile,,,,,,,,,,,,,,
4,9/8/2025,9/10/2025,9/10/2025,Kodiak,KOB1,57.53318,-154.02696,225,Orange,Juvenile,4242,48,34,16,11.554,2.535,12.973,20.482,EVOS_KOB1_4242-4243_225_9/10/25_Juvenile,,,,,,,,,,,,,,
4,9/8/2025,9/10/2025,9/10/2025,Kodiak,KOB1,57.53318,-154.02696,225,Orange,Juvenile,4243,57,43,22,23.923,5.007,12.973,20.482,EVOS_KOB1_4242-4243_225_9/10/25_Juvenile,,,,,,,,,,,,,,
4,9/8/2025,9/10/2025,9/10/2025,Kodiak,KOB1,57.53318,-154.02696,225,Orange,Juvenile,4244,55,41,20,21.426,3.771,,,,,,,,,,,,,,,,,
4,9/8/2025,9/10/2025,9/10/2025,Kodiak,KOB1,57.53318,-154.02696,225,Orange,Juvenile,4245,42,31,15,10.714,2.932,,,,,,,,,,,,,,,,,
4,9/8/2025,9/10/2025,9/10/2025,Kodiak,KOB1,57.53318,-154.02696,225,Orange,Juvenile,4246,57,41,22,20.572,4.778,,,,,,,,,,,,,,,,,
4,9/8/2025,9/10/2025,9/10/2025,Kodiak,KOB1,57.53318,-154.02696,225,Orange,Juvenile,4247,53,38,16,14.094,2.986,,,,,,,,,,,,,,,,,
4,9/8/2025,9/10/2025,9/10/2025,Kodiak,KOB1,57.53318,-154.02696,225,Orange,Juvenile,4248,55,45,20,22.831,4.48,,,,,,,,,,,,,,,,,
4,9/8/2025,9/10/2025,9/10/2025,Kodiak,KOB1,57.53318,-154.02696,225,Orange,Juvenile,4249,52,43,18,18.596,4.472,,,,,,,,,,,,,,,,,
4,9/8/2025,9/10/2025,9/10/2025,Kodiak,KOB1,57.53318,-154.02696,288,Orange,Juvenile,4250,46,40,21,16.37,3.336,12.855,19.889,EVOS_KOB1_4250-4251_288_9/10/25_Juvenile,,,,,,,,,,,,,,
4,9/8/2025,9/10/2025,9/10/2025,Kodiak,KOB1,57.53318,-154.02696,288,Orange,Juvenile,4251,55,41,21,18.642,3.856,12.855,19.889,EVOS_KOB1_4250-4251_288_9/10/25_Juvenile,,,,,,,,,,,,,,
4,9/8/2025,9/10/2025,9/10/2025,Kodiak,KOB1,57.53318,-154.02696,288,Orange,Juvenile,4252,41,25,19,9.468,2.081,12.923,16.879,EVOS_KOB1_4252-4253_288_9/10/25_Juvenile,,,,,,,,,,,,,,
4,9/8/2025,9/10/2025,9/10/2025,Kodiak,KOB1,57.53318,-154.02696,288,Orange,Juvenile,4253,39,31,15,8.702,1.881,12.923,16.879,EVOS_KOB1_4252-4253_288_9/10/25_Juvenile,,,,,,,,,,,,,,
4,9/8/2025,9/10/2025,9/10/2025,Kodiak,KOB1,57.53318,-154.02696,288,Orange,Juvenile,4254,50,41,19,7.358,3.808,,,,,,,,,,,,,,,,,
4,9/8/2025,9/10/2025,9/10/2025,Kodiak,KOB1,57.53318,-154.02696,288,Orange,Juvenile,4255,50,35,19,15.578,3.878,,,,,,,,,,,,,,,,,
4,9/8/2025,9/10/2025,9/10/2025,Kodiak,KOB1,57.53318,-154.02696,288,Orange,Juvenile,4256,45,31,16,10.021,2.452,,,,,,,,,,,,,,,,,
4,9/8/2025,9/10/2025,9/10/2025,Kodiak,KOB1,57.53318,-154.02696,288,Orange,Juvenile,4257,58,48,19,22.852,4.556,,,,,,,,,,,,,,,,,
4,9/8/2025,9/10/2025,9/10/2025,Kodiak,KOB1,57.53318,-154.02696,288,Orange,Juvenile,4258,54,37,22,21.94,5.256,,,,,,,,,,,,,,,,,
4,9/8/2025,9/10/2025,9/10/2025,Kodiak,KOB1,57.53318,-154.02696,288,Orange,Juvenile,4259,53,37,20,17.169,3.941,,,,,,,,,,,,,,,,,
4,9/8/2025,9/10/2025,9/10/2025,Kodiak,KOB1,57.53318,-154.02696,286,Orange,Juvenile,4260,59,53,17,21.415,4.637,12.953,23.092,EVOS_KOB1_4260-4261_286_9/10/25_Juvenile,,,,,,,,,,,,,,
4,9/8/2025,9/10/2025,9/10/2025,Kodiak,KOB1,57.53318,-154.02696,286,Orange,Juvenile,4261,64,52,22,23.057,5.458,12.953,23.092,EVOS_KOB1_4260-4261_286_9/10/25_Juvenile,,,,,,,,,,,,,,
4,9/8/2025,9/10/2025,9/10/2025,Kodiak,KOB1,57.53318,-154.02696,286,Orange,Juvenile,4262,47,34,19,14.887,3.618,12.926,18.518,EVOS_KOB1_4262-4263_286_9/10/25_Juvenile,,,,,,,,,,,,,,
4,9/8/2025,9/10/2025,9/10/2025,Kodiak,KOB1,57.53318,-154.02696,286,Orange,Juvenile,4263,42,32,17,9.409,1.995,12.926,18.518,EVOS_KOB1_4262-4263_286_9/10/25_Juvenile,,,,,,,,,,,,,,
4,9/8/2025,9/10/2025,9/10/2025,Kodiak,KOB1,57.53318,-154.02696,286,Orange,Juvenile,4264,46,40,18,14.171,2.604,,,,,,,,,,,,,,,,,
4,9/8/2025,9/10/2025,9/10/2025,Kodiak,KOB1,57.53318,-154.02696,286,Orange,Juvenile,4265,58,46,18,19.182,4.411,,,,,,,,,,,,,,,,,
4,9/8/2025,9/10/2025,9/10/2025,Kodiak,KOB1,57.53318,-154.02696,286,Orange,Juvenile,4266,52,52,23,22.716,5.091,,,,,,,,,,,,,,,,,
4,9/8/2025,9/10/2025,9/10/2025,Kodiak,KOB1,57.53318,-154.02696,286,Orange,Juvenile,4267,56,52,19,20.04,4.21,,,,,,,,,,,,,,,,,
4,9/8/2025,9/10/2025,9/10/2025,Kodiak,KOB1,57.53318,-154.02696,286,Orange,Juvenile,4268,66,46,22,29.962,6.628,,,,,,,,,,,,,,,,,
4,9/8/2025,9/10/2025,9/10/2025,Kodiak,KOB1,57.53318,-154.02696,286,Orange,Juvenile,4269,45,35,20,14.767,3.19,,,,,,,,,,,,,,,,,
4,9/8/2025,9/10/2025,9/10/2025,Kodiak,KOB1,57.53318,-154.02696,226,Orange,Juvenile,4270,59,47,20,28.534,5.971,12.948,24.113,EVOS_KOB1_4270-4271_226_9/10/25_Juvenile,,,,,,,,,,,,,,
4,9/8/2025,9/10/2025,9/10/2025,Kodiak,KOB1,57.53318,-154.02696,226,Orange,Juvenile,4271,59,56,22,28.535,5.21,12.948,24.113,EVOS_KOB1_4270-4271_226_9/10/25_Juvenile,,,,,,,,,,,,,,
4,9/8/2025,9/10/2025,9/10/2025,Kodiak,KOB1,57.53318,-154.02696,226,Orange,Juvenile,4272,75,55,21,43.056,9.03,12.917,27.536,EVOS_KOB1_4272-4273_226_9/10/25_Juvenile,,,,,,,,,,,,,,
4,9/8/2025,9/10/2025,9/10/2025,Kodiak,KOB1,57.53318,-154.02696,226,Orange,Juvenile,4273,61,48,18,26.091,5.665,12.917,27.536,EVOS_KOB1_4272-4273_226_9/10/25_Juvenile,,,,,,,,,,,,,,
4,9/8/2025,9/10/2025,9/10/2025,Kodiak,KOB1,57.53318,-154.02696,226,Orange,Juvenile,4274,60,34,19,21.762,5.247,,,,,,,,,,,,,,,,,
4,9/8/2025,9/10/2025,9/10/2025,Kodiak,KOB1,57.53318,-154.02696,226,Orange,Juvenile,4275,69,46,21,32.054,6.638,,,,,,,,,,,,,,,,,
4,9/8/2025,9/10/2025,9/10/2025,Kodiak,KOB1,57.53318,-154.02696,226,Orange,Juvenile,4276,69,41,22,30.137,5.773,,,,,,,,,,,,,,,,,
4,9/8/2025,9/10/2025,9/10/2025,Kodiak,KOB1,57.53318,-154.02696,226,Orange,Juvenile,4277,61,38,16,21.343,3.506,,,,,,,,,,,,,,,,,
4,9/8/2025,9/10/2025,9/10/2025,Kodiak,KOB1,57.53318,-154.02696,226,Orange,Juvenile,4278,64,50,23,35.91,6.159,,,,,,,,,,,,,,,,,
4,9/8/2025,9/10/2025,9/10/2025,Kodiak,KOB1,57.53318,-154.02696,226,Orange,Juvenile,4279,70,48,19,30.559,6.572,,,,,,,,,,,,,,,,,
4,9/8/2025,9/10/2025,9/10/2025,Kodiak,KOB1,57.53318,-154.02696,287,Orange,Juvenile,4280,54,35,17,20.364,2.685,12.894,22.224,EVOS_KOB1_4280-4281_287_9/10/25_Juvenile,Clean shells (all KOB1 bags),,,,,,,,,,,,,
4,9/8/2025,9/10/2025,9/10/2025,Kodiak,KOB1,57.53318,-154.02696,287,Orange,Juvenile,4281,77,54,23,35.247,6.773,12.894,22.224,EVOS_KOB1_4280-4281_287_9/10/25_Juvenile,,,,,,,,,,,,,,
4,9/8/2025,9/10/2025,9/10/2025,Kodiak,KOB1,57.53318,-154.02696,287,Orange,Juvenile,4282,69,43,21,27.343,5.743,12.744,22.694,EVOS_KOB1_4282-4283_287_9/10/25_Juvenile,,,,,,,,,,,,,,
4,9/8/2025,9/10/2025,9/10/2025,Kodiak,KOB1,57.53318,-154.02696,287,Orange,Juvenile,4283,66,41,17,23.376,4.599,12.744,22.694,EVOS_KOB1_4282-4283_287_9/10/25_Juvenile,,,,,,,,,,,,,,
4,9/8/2025,9/10/2025,9/10/2025,Kodiak,KOB1,57.53318,-154.02696,287,Orange,Juvenile,4284,47,34,15,12.275,2.328,,,,,,,,,,,,,,,,,
4,9/8/2025,9/10/2025,9/10/2025,Kodiak,KOB1,57.53318,-154.02696,287,Orange,Juvenile,4285,56,40,21,20.606,4.923,,,,,,,,,,,,,,,,,
4,9/8/2025,9/10/2025,9/10/2025,Kodiak,KOB1,57.53318,-154.02696,287,Orange,Juvenile,4286,66,41,20,28.074,4.141,,,,,,,,,,,,,,,,,
4,9/8/2025,9/10/2025,9/10/2025,Kodiak,KOB1,57.53318,-154.02696,287,Orange,Juvenile,4287,61,48,22,31.262,7.665,,,,,,,,,,,,,,,,,
4,9/8/2025,9/10/2025,9/10/2025,Kodiak,KOB1,57.53318,-154.02696,287,Orange,Juvenile,4288,79,36,20,29.089,5.241,,,,,,,,,,,,,,,,,
4,9/8/2025,9/10/2025,9/10/2025,Kodiak,KOB1,57.53318,-154.02696,287,Orange,Juvenile,4289,60,39,20,24.161,4.412,,,,,,,,,,,,,,,,,
4,9/8/2025,9/10/2025,9/10/2025,Kodiak,KOB1,57.53318,-154.02696,227,Orange,Juvenile,4290,47,43,19,16.803,3.39,12.904,20.874,EVOS_KOB1_4290-4291_227_9/10/25_Juvenile,,,,,,,,,,,,,,
4,9/8/2025,9/10/2025,9/10/2025,Kodiak,KOB1,57.53318,-154.02696,227,Orange,Juvenile,4291,57,47,18,20.406,4.694,12.904,20.874,EVOS_KOB1_4290-4291_227_9/10/25_Juvenile,,,,,,,,,,,,,,
4,9/8/2025,9/10/2025,9/10/2025,Kodiak,KOB1,57.53318,-154.02696,227,Orange,Juvenile,4292,60,53,21,27.589,6.201,12.934,23.905,EVOS_KOB1_4292-4293_227_9/10/25_Juvenile,,,,,,,,,,,,,,
4,9/8/2025,9/10/2025,9/10/2025,Kodiak,KOB1,57.53318,-154.02696,227,Orange,Juvenile,4293,56,43,21,18.84,4.776,12.934,23.905,EVOS_KOB1_4292-4293_227_9/10/25_Juvenile,,,,,,,,,,,,,,
4,9/8/2025,9/10/2025,9/10/2025,Kodiak,KOB1,57.53318,-154.02696,227,Orange,Juvenile,4294,50,36,18,14.273,2.698,,,,,,,,,,,,,,,,,
4,9/8/2025,9/10/2025,9/10/2025,Kodiak,KOB1,57.53318,-154.02696,227,Orange,Juvenile,4295,55,42,16,18.886,4.073,,,,,,,,,,,,,,,,,
4,9/8/2025,9/10/2025,9/10/2025,Kodiak,KOB1,57.53318,-154.02696,227,Orange,Juvenile,4296,54,48,16,16.916,3.665,,,,,,,,,,,,,,,,,
4,9/8/2025,9/10/2025,9/10/2025,Kodiak,KOB1,57.53318,-154.02696,227,Orange,Juvenile,4297,43,35,17,10.519,2.431,,,,,,,,,,,,,,,,,
4,9/8/2025,9/10/2025,9/10/2025,Kodiak,KOB1,57.53318,-154.02696,227,Orange,Juvenile,4298,52,40,18,17.325,3.349,,,,,,,,,,,,,,,,,
4,9/8/2025,9/10/2025,9/10/2025,Kodiak,KOB1,57.53318,-154.02696,227,Orange,Juvenile,4299,57,36,25,20.291,4.996,,,,,,,,,,,,,,,,,
4,9/8/2025,9/11/2025,9/11/2025,Kodiak,KIS1,57.76711,-152.41043,220,Orange,Juvenile,4300,77,48,24,34.492,5.24,12.865,23.237,EVOS_KIS1_4300-4301_220_9/11/25_Juvenile,Big barnacles,,,,,,,,,,,,,
4,9/8/2025,9/11/2025,9/11/2025,Kodiak,KIS1,57.76711,-152.41043,220,Orange,Juvenile,4301,67,49,25,32.11,5.227,12.865,23.237,EVOS_KIS1_4300-4301_220_9/11/25_Juvenile,,,,,,,,,,,,,,
4,9/8/2025,9/11/2025,9/11/2025,Kodiak,KIS1,57.76711,-152.41043,220,Orange,Juvenile,4302,43,28,16,8.16,0.797,12.694,21.882,EVOS_KIS1_4302-4303_220_9/11/25_Juvenile,,,,,,,,,,,,,,
4,9/8/2025,9/11/2025,9/11/2025,Kodiak,KIS1,57.76711,-152.41043,220,Orange,Juvenile,4303,65,67,21,37.05,8.533,12.694,21.882,EVOS_KIS1_4302-4303_220_9/11/25_Juvenile,,,,,,,,,,,,,,
4,9/8/2025,9/11/2025,9/11/2025,Kodiak,KIS1,57.76711,-152.41043,220,Orange,Juvenile,4304,62,49,19,17.588,3.555,,,,,,,,,,,,,,,,,
4,9/8/2025,9/11/2025,9/11/2025,Kodiak,KIS1,57.76711,-152.41043,220,Orange,Juvenile,4305,64,51,22,32.511,7.961,,,,,,,,,,,,,,,,,
4,9/8/2025,9/11/2025,9/11/2025,Kodiak,KIS1,57.76711,-152.41043,220,Orange,Juvenile,4306,72,47,18,36.272,7.908,,,,,,,,,,,,,,,,,
4,9/8/2025,9/11/2025,9/11/2025,Kodiak,KIS1,57.76711,-152.41043,220,Orange,Juvenile,4307,53,34,18,11.569,2.16,,,,,,,,,,,,,,,,,
4,9/8/2025,9/11/2025,9/11/2025,Kodiak,KIS1,57.76711,-152.41043,220,Orange,Juvenile,4308,73,49,26,28.243,4.702,,,,,,,,,,,,,,,,,
4,9/8/2025,9/11/2025,9/11/2025,Kodiak,KIS1,57.76711,-152.41043,220,Orange,Juvenile,4309,74,47,24,32.028,5.793,,,,,,,,,,,,,,,,,
4,9/8/2025,9/11/2025,9/11/2025,Kodiak,KIS1,57.76711,-152.41043,521,Orange,Juvenile,4310,58,45,21,24.73,5.214,12.889,23.046,EVOS_KIS1_4310-4311_521_9/11/25_Juvenile,,,,,,,,,,,,,,
4,9/8/2025,9/11/2025,9/11/2025,Kodiak,KIS1,57.76711,-152.41043,521,Orange,Juvenile,4311,51,38,16,19.33,4.992,12.889,23.046,EVOS_KIS1_4310-4311_521_9/11/25_Juvenile,,,,,,,,,,,,,,
4,9/8/2025,9/11/2025,9/11/2025,Kodiak,KIS1,57.76711,-152.41043,521,Orange,Juvenile,4312,56,38,22,27.251,6.013,12.91,22.481,EVOS_KIS1_4312-4313_521_9/11/25_Juvenile,,,,,,,,,,,,,,
4,9/8/2025,9/11/2025,9/11/2025,Kodiak,KIS1,57.76711,-152.41043,521,Orange,Juvenile,4313,50,30,22,17.975,3.554,12.91,22.481,EVOS_KIS1_4312-4313_521_9/11/25_Juvenile,,,,,,,,,,,,,,
4,9/8/2025,9/11/2025,9/11/2025,Kodiak,KIS1,57.76711,-152.41043,521,Orange,Juvenile,4314,54,42,20,23.533,5.914,,,,,,,,,,,,,,,,,
4,9/8/2025,9/11/2025,9/11/2025,Kodiak,KIS1,57.76711,-152.41043,521,Orange,Juvenile,4315,57,49,23,26.344,7.487,,,,,,,,,,,,,,,,,
4,9/8/2025,9/11/2025,9/11/2025,Kodiak,KIS1,57.76711,-152.41043,521,Orange,Juvenile,4316,51,39,17,18.541,4.787,,,,,,,,,,,,,,,,,
4,9/8/2025,9/11/2025,9/11/2025,Kodiak,KIS1,57.76711,-152.41043,521,Orange,Juvenile,4317,59,43,23,27.768,8.19,,,,,,,,,,,,,,,,,
4,9/8/2025,9/11/2025,9/11/2025,Kodiak,KIS1,57.76711,-152.41043,521,Orange,Juvenile,4318,43,26,15,9.937,2.673,,,,,,,,,,,,,,,,,
4,9/8/2025,9/11/2025,9/11/2025,Kodiak,KIS1,57.76711,-152.41043,521,Orange,Juvenile,4319,60,48,26,27.091,6.677,,,,,,,,,,,,,,,,,
4,9/8/2025,9/11/2025,9/11/2025,Kodiak,KIS1,57.76711,-152.41043,221,Orange,Juvenile,4320,53,39,24,21.635,4.769,12.734,20.476,EVOS_KIS1_4320-4321_221_9/11/25_Juvenile,,,,,,,,,,,,,,
4,9/8/2025,9/11/2025,9/11/2025,Kodiak,KIS1,57.76711,-152.41043,221,Orange,Juvenile,4321,46,32,16,13.566,3.013,12.734,20.476,EVOS_KIS1_4320-4321_221_9/11/25_Juvenile,,,,,,,,,,,,,,
4,9/8/2025,9/11/2025,9/11/2025,Kodiak,KIS1,57.76711,-152.41043,221,Orange,Juvenile,4322,48,41,16,13.308,3.321,12.887,19.838,EVOS_KIS1_4322-4323_221_9/11/25_Juvenile,,,,,,,,,,,,,,
4,9/8/2025,9/11/2025,9/11/2025,Kodiak,KIS1,57.76711,-152.41043,221,Orange,Juvenile,4323,45,32,19,12.241,3.603,12.887,19.838,EVOS_KIS1_4322-4323_221_9/11/25_Juvenile,,,,,,,,,,,,,,
4,9/8/2025,9/11/2025,9/11/2025,Kodiak,KIS1,57.76711,-152.41043,221,Orange,Juvenile,4324,52,44,23,21.219,5.176,,,,,,,,,,,,,,,,,
4,9/8/2025,9/11/2025,9/11/2025,Kodiak,KIS1,57.76711,-152.41043,221,Orange,Juvenile,4325,50,41,17,17.656,4.323,,,,,,,,,,,,,,,,,
4,9/8/2025,9/11/2025,9/11/2025,Kodiak,KIS1,57.76711,-152.41043,221,Orange,Juvenile,4326,54,36,19,16.739,3.985,,,,,,,,,,,,,,,,,
4,9/8/2025,9/11/2025,9/11/2025,Kodiak,KIS1,57.76711,-152.41043,221,Orange,Juvenile,4327,37,25,17,7.285,2.118,,,,,,,,,,,,,,,,,
4,9/8/2025,9/11/2025,9/11/2025,Kodiak,KIS1,57.76711,-152.41043,221,Orange,Juvenile,4328,53,43,18,19.323,4.273,,,,,,,,,,,,,,,,,
4,9/8/2025,9/11/2025,9/11/2025,Kodiak,KIS1,57.76711,-152.41043,221,Orange,Juvenile,4329,47,37,19,13.765,4.108,,,,,,,,,,,,,,,,,
4,9/8/2025,9/11/2025,9/11/2025,Kodiak,KIS1,57.76711,-152.41043,520,Orange,Juvenile,4330,72,44,18,24.441,4.82,12.907,19.508,EVOS_KIS1_4330-4331_520_9/11/25_Juvenile,,,,,,,,,,,,,,
4,9/8/2025,9/11/2025,9/11/2025,Kodiak,KIS1,57.76711,-152.41043,520,Orange,Juvenile,4331,66,51,21,29.141,5.988,12.907,19.508,EVOS_KIS1_4330-4331_520_9/11/25_Juvenile,,,,,,,,,,,,,,
4,9/8/2025,9/11/2025,9/11/2025,Kodiak,KIS1,57.76711,-152.41043,520,Orange,Juvenile,4332,64,49,21,26.513,4.78,12.869,24.936,EVOS_KIS1_4332-4333_520_9/11/25_Juvenile,,,,,,,,,,,,,,
4,9/8/2025,9/11/2025,9/11/2025,Kodiak,KIS1,57.76711,-152.41043,520,Orange,Juvenile,4333,76,47,21,33.144,7.375,12.869,24.936,EVOS_KIS1_4332-4333_520_9/11/25_Juvenile,,,,,,,,,,,,,,
4,9/8/2025,9/11/2025,9/11/2025,Kodiak,KIS1,57.76711,-152.41043,520,Orange,Juvenile,4334,57,33,19,14.787,2.849,,,,,,,,,,,,,,,,,
4,9/8/2025,9/11/2025,9/11/2025,Kodiak,KIS1,57.76711,-152.41043,520,Orange,Juvenile,4335,63,46,22,28.14,5.809,,,,,,,,,,,,,,,,,
4,9/8/2025,9/11/2025,9/11/2025,Kodiak,KIS1,57.76711,-152.41043,520,Orange,Juvenile,4336,80,53,25,45.266,8.909,,,,,,,,,,,,,,,,,
4,9/8/2025,9/11/2025,9/11/2025,Kodiak,KIS1,57.76711,-152.41043,520,Orange,Juvenile,4337,59,40,16,19.363,3.344,,,,,,,,,,,,,,,,,
4,9/8/2025,9/11/2025,9/11/2025,Kodiak,KIS1,57.76711,-152.41043,520,Orange,Juvenile,4338,69,46,23,29.13,5.678,,,,,,,,,,,,,,,,,
4,9/8/2025,9/11/2025,9/11/2025,Kodiak,KIS1,57.76711,-152.41043,520,Orange,Juvenile,4339,54,35,13,16.988,1.875,,,,,,,,,,,,,,,,,
4,9/8/2025,9/11/2025,9/11/2025,Kodiak,KIS1,57.76711,-152.41043,519,Orange,Juvenile,4340,63,45,21,19.583,4.349,12.945,22.901,EVOS_KIS1_4340-4341_519_9/11/25_Juvenile,Big barnacles (all KIS1 bags),,,,,,,,,,,,,
4,9/8/2025,9/11/2025,9/11/2025,Kodiak,KIS1,57.76711,-152.41043,519,Orange,Juvenile,4341,63,58,21,28.16,5.58,12.945,22.901,EVOS_KIS1_4340-4341_519_9/11/25_Juvenile,,,,,,,,,,,,,,
4,9/8/2025,9/11/2025,9/11/2025,Kodiak,KIS1,57.76711,-152.41043,519,Orange,Juvenile,4342,61,39,20,18.589,5.331,12.912,23.449,EVOS_KIS1_4342-4343_519_9/11/25_Juvenile,,,,,,,,,,,,,,
4,9/8/2025,9/11/2025,9/11/2025,Kodiak,KIS1,57.76711,-152.41043,519,Orange,Juvenile,4343,57,46,21,22.887,5.25,12.912,23.449,EVOS_KIS1_4342-4343_519_9/11/25_Juvenile,,,,,,,,,,,,,,
4,9/8/2025,9/11/2025,9/11/2025,Kodiak,KIS1,57.76711,-152.41043,519,Orange,Juvenile,4344,65,48,22,28.727,7.022,,,,,,,,,,,,,,,,,
4,9/8/2025,9/11/2025,9/11/2025,Kodiak,KIS1,57.76711,-152.41043,519,Orange,Juvenile,4345,55,46,22,21.973,5.175,,,,,,,,,,,,,,,,,
4,9/8/2025,9/11/2025,9/11/2025,Kodiak,KIS1,57.76711,-152.41043,519,Orange,Juvenile,4346,56,47,16,16.441,4.709,,,,,,,,,,,,,,,,,
4,9/8/2025,9/11/2025,9/11/2025,Kodiak,KIS1,57.76711,-152.41043,519,Orange,Juvenile,4347,55,54,20,22.142,5.338,,,,,,,,,,,,,,,,,
4,9/8/2025,9/11/2025,9/11/2025,Kodiak,KIS1,57.76711,-152.41043,519,Orange,Juvenile,4348,62,52,22,26.33,6.188,,,,,,,,,,,,,,,,,
4,9/8/2025,9/11/2025,9/11/2025,Kodiak,KIS1,57.76711,-152.41043,519,Orange,Juvenile,4349,64,50,18,20.932,5.943,,,,,,,,,,,,,,,,,
4,9/8/2025,9/11/2025,9/11/2025,Kodiak,KIS1,57.76711,-152.41043,219,Orange,Juvenile,4350,62,40,18,20.72,4.737,12.907,16.931,EVOS_KIS1_4350-4351_219_9/11/25_Juvenile,,,,,,,,,,,,,,
4,9/8/2025,9/11/2025,9/11/2025,Kodiak,KIS1,57.76711,-152.41043,219,Orange,Juvenile,4351,43,40,15,15.613,3.563,12.907,16.931,EVOS_KIS1_4350-4351_219_9/11/25_Juvenile,,,,,,,,,,,,,,
4,9/8/2025,9/11/2025,9/11/2025,Kodiak,KIS1,57.76711,-152.41043,219,Orange,Juvenile,4352,53,42,18,20.931,4.531,12.714,16.401,EVOS_KIS1_4352-4353_219_9/11/25_Juvenile,,,,,,,,,,,,,,
4,9/8/2025,9/11/2025,9/11/2025,Kodiak,KIS1,57.76711,-152.41043,219,Orange,Juvenile,4353,54,43,21,20.072,3.473,12.714,16.401,EVOS_KIS1_4352-4353_219_9/11/25_Juvenile,,,,,,,,,,,,,,
4,9/8/2025,9/11/2025,9/11/2025,Kodiak,KIS1,57.76711,-152.41043,219,Orange,Juvenile,4354,56,45,21,21.864,5.428,,,,,,,,,,,,,,,,,
4,9/8/2025,9/11/2025,9/11/2025,Kodiak,KIS1,57.76711,-152.41043,219,Orange,Juvenile,4355,56,43,19,21.415,4.991,,,,,,,,,,,,,,,,,
4,9/8/2025,9/11/2025,9/11/2025,Kodiak,KIS1,57.76711,-152.41043,219,Orange,Juvenile,4356,49,29,17,15.684,3.104,,,,,,,,,,,,,,,,,
4,9/8/2025,9/11/2025,9/11/2025,Kodiak,KIS1,57.76711,-152.41043,219,Orange,Juvenile,4357,63,43,22,26.168,5.808,,,,,,,,,,,,,,,,,
4,9/8/2025,9/11/2025,9/11/2025,Kodiak,KIS1,57.76711,-152.41043,219,Orange,Juvenile,4358,61,42,21,23.693,6.555,,,,,,,,,,,,,,,,,
4,9/8/2025,9/11/2025,9/11/2025,Kodiak,KIS1,57.76711,-152.41043,219,Orange,Juvenile,4359,57,52,20,24.579,6.345,,,,,,,,,,,,,,,,,
4,9/8/2025,9/11/2025,9/11/2025,KBY,MIO1,59.57137,-151.27263,253,Orange,Juvenile,4360,75,61,21,44.825,6.325,12.88,29.356,EVOS_MIO1_4360-4361_253_9/11/25_Juvenile,"Mud, small barnacles, worms (stringy green ones) - all MIO1 bags",,,,,,,,,,,,,
4,9/8/2025,9/11/2025,9/11/2025,KBY,MIO1,59.57137,-151.27263,253,Orange,Juvenile,4361,91,53,26,60.377,10.42,12.88,29.356,EVOS_MIO1_4360-4361_253_9/11/25_Juvenile,,,,,,,,,,,,,,
4,9/8/2025,9/11/2025,9/11/2025,KBY,MIO1,59.57137,-151.27263,253,Orange,Juvenile,4362,99,48,21,48.242,6.53,12.749,27.584,EVOS_MIO1_4362-4363_253_9/11/25_Juvenile,,,,,,,,,,,,,,
4,9/8/2025,9/11/2025,9/11/2025,KBY,MIO1,59.57137,-151.27263,253,Orange,Juvenile,4363,95,47,26,55.214,8.3,12.749,27.584,EVOS_MIO1_4362-4363_253_9/11/25_Juvenile,,,,,,,,,,,,,,
4,9/8/2025,9/11/2025,9/11/2025,KBY,MIO1,59.57137,-151.27263,253,Orange,Juvenile,4364,81,58,24,48.89,7.044,,,,,,,,,,,,,,,,,
4,9/8/2025,9/11/2025,9/11/2025,KBY,MIO1,59.57137,-151.27263,253,Orange,Juvenile,4365,87,51,25,47.913,6.265,,,,,,,,,,,,,,,,,
4,9/8/2025,9/11/2025,9/11/2025,KBY,MIO1,59.57137,-151.27263,253,Orange,Juvenile,4366,70,49,24,34.557,5.426,,,,,,,,,,,,,,,,,
4,9/8/2025,9/11/2025,9/11/2025,KBY,MIO1,59.57137,-151.27263,253,Orange,Juvenile,4367,88,59,20,38.8,7.085,,,,,,,,,,,,,,,,,
4,9/8/2025,9/11/2025,9/11/2025,KBY,MIO1,59.57137,-151.27263,253,Orange,Juvenile,4368,76,52,22,31.704,4.25,,,,,,,,,,,,,,,,,
4,9/8/2025,9/11/2025,9/11/2025,KBY,MIO1,59.57137,-151.27263,253,Orange,Juvenile,4369,105,59,26,61.58,9.528,,,,,,,,,,,,,,,,,
4,9/8/2025,9/11/2025,9/11/2025,KBY,MIO1,59.57137,-151.27263,252,Orange,Juvenile,4370,73,46,31,43.448,4.865,12.886,23.414,EVOS_MIO1_4370-4371_252_9/11/25_Juvenile,,,,,,,,,,,,,,
4,9/8/2025,9/11/2025,9/11/2025,KBY,MIO1,59.57137,-151.27263,252,Orange,Juvenile,4371,87,52,27,54.263,5.605,12.886,23.414,EVOS_MIO1_4370-4371_252_9/11/25_Juvenile,,,,,,,,,,,,,,
4,9/8/2025,9/11/2025,9/11/2025,KBY,MIO1,59.57137,-151.27263,252,Orange,Juvenile,4372,99,66,29,55.851,5.514,14.298,42.335,EVOS_MIO1_4372-4373_252_9/11/25_Juvenile,,,,,,,,,,,,,,
4,9/8/2025,9/11/2025,9/11/2025,KBY,MIO1,59.57137,-151.27263,252,Orange,Juvenile,4373,74,48,30,42.081,4.478,14.298,42.335,EVOS_MIO1_4372-4373_252_9/11/25_Juvenile,,,,,,,,,,,,,,
4,9/8/2025,9/11/2025,9/11/2025,KBY,MIO1,59.57137,-151.27263,252,Orange,Juvenile,4374,81,40,18,23.19,2.733,,,,,,,,,,,,,,,,,
4,9/8/2025,9/11/2025,9/11/2025,KBY,MIO1,59.57137,-151.27263,252,Orange,Juvenile,4375,97,53,25,56.736,6.945,,,,,,,,,,,,,,,,,
4,9/8/2025,9/11/2025,9/11/2025,KBY,MIO1,59.57137,-151.27263,252,Orange,Juvenile,4376,77,45,20,26.831,2.924,,,,,,,,,,,,,,,,,
4,9/8/2025,9/11/2025,9/11/2025,KBY,MIO1,59.57137,-151.27263,252,Orange,Juvenile,4377,80,70,28,47.346,8.494,,,,,,,,,,,,,,,,,
4,9/8/2025,9/11/2025,9/11/2025,KBY,MIO1,59.57137,-151.27263,252,Orange,Juvenile,4378,63,44,28,31.797,3.9,,,,,,,,,,,,,,,,,
4,9/8/2025,9/11/2025,9/11/2025,KBY,MIO1,59.57137,-151.27263,252,Orange,Juvenile,4379,93,47,26,54.644,8.518,,,,,,,,,,,,,,,,,
4,9/8/2025,9/11/2025,9/11/2025,KBY,MIO1,59.57137,-151.27263,254,Orange,Juvenile,4380,86,66,26,50.409,6.81,14.387,26.598,EVOS_MIO1_4380-4381_254_9/11/25_Juvenile,,,,,,,,,,,,,,
4,9/8/2025,9/11/2025,9/11/2025,KBY,MIO1,59.57137,-151.27263,254,Orange,Juvenile,4381,73,52,24,36.717,5.315,14.387,26.598,EVOS_MIO1_4380-4381_254_9/11/25_Juvenile,,,,,,,,,,,,,,
4,9/8/2025,9/11/2025,9/11/2025,KBY,MIO1,59.57137,-151.27263,254,Orange,Juvenile,4382,91,39,23,35.534,2.996,14.316,26.597,EVOS_MIO1_4382-4383_254_9/11/25_Juvenile,,,,,,,,,,,,,,
4,9/8/2025,9/11/2025,9/11/2025,KBY,MIO1,59.57137,-151.27263,254,Orange,Juvenile,4383,74,48,26,40.611,9.314,14.316,26.597,EVOS_MIO1_4382-4383_254_9/11/25_Juvenile,,,,,,,,,,,,,,
4,9/8/2025,9/11/2025,9/11/2025,KBY,MIO1,59.57137,-151.27263,254,Orange,Juvenile,4384,82,44,23,29.755,4.458,,,,,,,,,,,,,,,,,
4,9/8/2025,9/11/2025,9/11/2025,KBY,MIO1,59.57137,-151.27263,254,Orange,Juvenile,4385,63,42,27,36.459,4.061,,,,,,,,,,,,,,,,,
4,9/8/2025,9/11/2025,9/11/2025,KBY,MIO1,59.57137,-151.27263,254,Orange,Juvenile,4386,73,50,26,35.075,3.121,,,,,,,,,,,,,,,,,
4,9/8/2025,9/11/2025,9/11/2025,KBY,MIO1,59.57137,-151.27263,254,Orange,Juvenile,4387,84,47,23,41.178,4.252,,,,,,,,,,,,,,,,,
4,9/8/2025,9/11/2025,9/11/2025,KBY,MIO1,59.57137,-151.27263,254,Orange,Juvenile,4388,75,56,26,45.616,6.51,,,,,,,,,,,,,,,,,
4,9/8/2025,9/11/2025,9/11/2025,KBY,MIO1,59.57137,-151.27263,254,Orange,Juvenile,4389,78,47,22,40.278,3.796,,,,,,,,,,,,,,,,,
4,9/8/2025,9/11/2025,9/11/2025,KBY,MIO1,59.57137,-151.27263,215,Orange,Juvenile,4390,82,57,23,42.043,8.484,14.334,31.621,EVOS_MIO1_4390-4391_215_9/11/25_Juvenile,,,,,,,,,,,,,,
4,9/8/2025,9/11/2025,9/11/2025,KBY,MIO1,59.57137,-151.27263,215,Orange,Juvenile,4391,73,51,31,52.467,8.722,14.334,31.621,EVOS_MIO1_4390-4391_215_9/11/25_Juvenile,,,,,,,,,,,,,,
4,9/8/2025,9/11/2025,9/11/2025,KBY,MIO1,59.57137,-151.27263,215,Orange,Juvenile,4392,82,62,21,49.469,5.733,14.336,28.012,EVOS_MIO1_4392-4393_215_9/11/25_Juvenile,,,,,,,,,,,,,,
4,9/8/2025,9/11/2025,9/11/2025,KBY,MIO1,59.57137,-151.27263,215,Orange,Juvenile,4393,85,47,21,41.517,7.977,14.336,28.012,EVOS_MIO1_4392-4393_215_9/11/25_Juvenile,,,,,,,,,,,,,,
4,9/8/2025,9/11/2025,9/11/2025,KBY,MIO1,59.57137,-151.27263,215,Orange,Juvenile,4394,92,52,26,48.089,4.469,,,,,,,,,,,,,,,,,
4,9/8/2025,9/11/2025,9/11/2025,KBY,MIO1,59.57137,-151.27263,215,Orange,Juvenile,4395,78,47,31,37.141,8.009,,,,,,,,,,,,,,,,,
4,9/8/2025,9/11/2025,9/11/2025,KBY,MIO1,59.57137,-151.27263,215,Orange,Juvenile,4396,91,51,22,37.801,7.039,,,,,,,,,,,,,,,,,
4,9/8/2025,9/11/2025,9/11/2025,KBY,MIO1,59.57137,-151.27263,215,Orange,Juvenile,4397,66,45,25,35.443,4.847,,,,,,,,,,,,,,,,,
4,9/8/2025,9/11/2025,9/11/2025,KBY,MIO1,59.57137,-151.27263,215,Orange,Juvenile,4398,84,58,25,38.783,5.368,,,,,,,,,,,,,,,,,
4,9/8/2025,9/11/2025,9/11/2025,KBY,MIO1,59.57137,-151.27263,215,Orange,Juvenile,4399,91,54,22,53.198,7.622,,,,,,,,,,,,,,,,,
4,9/8/2025,9/11/2025,9/11/2025,KBY,MIO1,59.57137,-151.27263,213,Orange,Juvenile,4400,87,50,20,40.993,5.887,14.297,30.439,EVOS_MIO1_4400-4401_213_9/11/25_Juvenile,"Small barnacles, worms in all MIO1 bags",,,,,,,,,,,,,
4,9/8/2025,9/11/2025,9/11/2025,KBY,MIO1,59.57137,-151.27263,213,Orange,Juvenile,4401,81,51,22,45.601,9.88,14.297,30.439,EVOS_MIO1_4400-4401_213_9/11/25_Juvenile,,,,,,,,,,,,,,
4,9/8/2025,9/11/2025,9/11/2025,KBY,MIO1,59.57137,-151.27263,213,Orange,Juvenile,4402,78,55,23,50.289,7.548,14.398,26.301,EVOS_MIO1_4402-4403_213_9/11/25_Juvenile,,,,,,,,,,,,,,
4,9/8/2025,9/11/2025,9/11/2025,KBY,MIO1,59.57137,-151.27263,213,Orange,Juvenile,4403,71,49,23,32.647,4.243,14.398,26.301,EVOS_MIO1_4402-4403_213_9/11/25_Juvenile,,,,,,,,,,,,,,
4,9/8/2025,9/11/2025,9/11/2025,KBY,MIO1,59.57137,-151.27263,213,Orange,Juvenile,4404,87,44,22,36.131,5.419,,,,,,,,,,,,,,,,,
4,9/8/2025,9/11/2025,9/11/2025,KBY,MIO1,59.57137,-151.27263,213,Orange,Juvenile,4405,89,57,31,65.162,10.433,,,,,,,,,,,,,,,,,
4,9/8/2025,9/11/2025,9/11/2025,KBY,MIO1,59.57137,-151.27263,213,Orange,Juvenile,4406,81,49,23,39.709,5.784,,,,,,,,,,,,,,,,,
4,9/8/2025,9/11/2025,9/11/2025,KBY,MIO1,59.57137,-151.27263,213,Orange,Juvenile,4407,73,56,25,36.651,6.097,,,,,,,,,,,,,,,,,
4,9/8/2025,9/11/2025,9/11/2025,KBY,MIO1,59.57137,-151.27263,213,Orange,Juvenile,4408,75,48,25,31,6.786,,,,,,,,,,,,,,,,,
4,9/8/2025,9/11/2025,9/11/2025,KBY,MIO1,59.57137,-151.27263,213,Orange,Juvenile,4409,83,53,29,49.741,8.069,,,,,,,,,,,,,,,,,
4,9/8/2025,9/11/2025,9/11/2025,KBY,MIO1,59.57137,-151.27263,214,Orange,Juvenile,4410,87,64,25,60.066,10.248,14.375,30.429,EVOS_MIO1_4410-4411_214_9/11/25_Juvenile,,,,,,,,,,,,,,
4,9/8/2025,9/11/2025,9/11/2025,KBY,MIO1,59.57137,-151.27263,214,Orange,Juvenile,4411,77,51,27,47.416,5.811,14.375,30.429,EVOS_MIO1_4410-4411_214_9/11/25_Juvenile,,,,,,,,,,,,,,
4,9/8/2025,9/11/2025,9/11/2025,KBY,MIO1,59.57137,-151.27263,214,Orange,Juvenile,4412,81,60,25,41.699,6.099,14.34,28.047,EVOS_MIO1_4412-4413_214_9/11/25_Juvenile,,,,,,,,,,,,,,
4,9/8/2025,9/11/2025,9/11/2025,KBY,MIO1,59.57137,-151.27263,214,Orange,Juvenile,4413,90,58,31,58.349,7.685,14.34,28.047,EVOS_MIO1_4412-4413_214_9/11/25_Juvenile,,,,,,,,,,,,,,
4,9/8/2025,9/11/2025,9/11/2025,KBY,MIO1,59.57137,-151.27263,214,Orange,Juvenile,4414,83,53,24,42.601,6.32,,,,,,,,,,,,,,,,,
4,9/8/2025,9/11/2025,9/11/2025,KBY,MIO1,59.57137,-151.27263,214,Orange,Juvenile,4415,89,53,26,50.981,5.983,,,,,,,,,,,,,,,,,
4,9/8/2025,9/11/2025,9/11/2025,KBY,MIO1,59.57137,-151.27263,214,Orange,Juvenile,4416,69,51,28,42.207,5.558,,,,,,,,,,,,,,,,,
4,9/8/2025,9/11/2025,9/11/2025,KBY,MIO1,59.57137,-151.27263,214,Orange,Juvenile,4417,70,45,34,32.538,3.669,,,,,,,,,,,,,,,,,
4,9/8/2025,9/11/2025,9/11/2025,KBY,MIO1,59.57137,-151.27263,214,Orange,Juvenile,4418,80,52,38,52.642,6.807,,,,,,,,,,,,,,,,,
4,9/8/2025,9/11/2025,9/11/2025,KBY,MIO1,59.57137,-151.27263,214,Orange,Juvenile,4419,72,49,33,40.897,3.447,,,,,,,,,,,,,,,,,
4,9/8/2025,9/11/2025,9/12/2025,KBY,BCF1,59.46783,-151.5184,218,Orange,Juvenile,4420,73,44,12,20.667,3.149,14.351,19.848,EVOS_BCF1_4420-4421_218_9/12/25_Juvenile,"Light barnacle set, crumbly / frilly shells (All BCF1 bags)",,,,,,,,,,,,,
4,9/8/2025,9/11/2025,9/12/2025,KBY,BCF1,59.46783,-151.5184,218,Orange,Juvenile,4421,75,56,22,30.765,2.932,14.351,19.848,EVOS_BCF1_4420-4421_218_9/12/25_Juvenile,,,,,,,,,,,,,,
4,9/8/2025,9/11/2025,9/12/2025,KBY,BCF1,59.46783,-151.5184,218,Orange,Juvenile,4422,64,53,22,31.448,5.49,14.555,20.429,EVOS_BCF1_4422-4423_218_9/12/25_Juvenile,,,,,,,,,,,,,,
4,9/8/2025,9/11/2025,9/12/2025,KBY,BCF1,59.46783,-151.5184,218,Orange,Juvenile,4423,52,30,15,10.403,1.307,14.555,20.429,EVOS_BCF1_4422-4423_218_9/12/25_Juvenile,,,,,,,,,,,,,,
4,9/8/2025,9/11/2025,9/12/2025,KBY,BCF1,59.46783,-151.5184,218,Orange,Juvenile,4424,40,41,13,9.16,1.628,,,,,,,,,,,,,,,,,
4,9/8/2025,9/11/2025,9/12/2025,KBY,BCF1,59.46783,-151.5184,218,Orange,Juvenile,4425,73,55,20,33.924,3.87,,,,,,,,,,,,,,,,,
4,9/8/2025,9/11/2025,9/12/2025,KBY,BCF1,59.46783,-151.5184,218,Orange,Juvenile,4426,64,37,16,17.383,1.696,,,,,,,,,,,,,,,,,
4,9/8/2025,9/11/2025,9/12/2025,KBY,BCF1,59.46783,-151.5184,218,Orange,Juvenile,4427,54,33,18,12.684,2.245,,,,,,,,,,,,,,,,,
4,9/8/2025,9/11/2025,9/12/2025,KBY,BCF1,59.46783,-151.5184,218,Orange,Juvenile,4428,91,51,22,43.933,5.186,,,,,,,,,,,,,,,,,
4,9/8/2025,9/11/2025,9/12/2025,KBY,BCF1,59.46783,-151.5184,218,Orange,Juvenile,4429,59,45,16,15.158,2.68,,,,,,,,,,,,,,,,,
4,9/8/2025,9/11/2025,9/12/2025,KBY,BCF1,59.46783,-151.5184,294,Orange,Juvenile,4430,76,52,19,31.115,3.695,14.307,21.222,EVOS_BCF1_4430-4431_294_9/12/25_Juvenile,,,,,,,,,,,,,,
4,9/8/2025,9/11/2025,9/12/2025,KBY,BCF1,59.46783,-151.5184,294,Orange,Juvenile,4431,72,42,20,29.386,3.586,14.307,21.222,EVOS_BCF1_4430-4431_294_9/12/25_Juvenile,,,,,,,,,,,,,,
4,9/8/2025,9/11/2025,9/12/2025,KBY,BCF1,59.46783,-151.5184,294,Orange,Juvenile,4432,77,50,27,46.494,7.478,14.419,23.098,EVOS_BCF1_4432-4433_294_9/12/25_Juvenile,,,,,,,,,,,,,,
4,9/8/2025,9/11/2025,9/12/2025,KBY,BCF1,59.46783,-151.5184,294,Orange,Juvenile,4433,64,39,13,16.254,1.608,14.419,23.098,EVOS_BCF1_4432-4433_294_9/12/25_Juvenile,,,,,,,,,,,,,,
4,9/8/2025,9/11/2025,9/12/2025,KBY,BCF1,59.46783,-151.5184,294,Orange,Juvenile,4434,61,59,27,32.506,4.716,,,,,,,,,,,,,,,,,
4,9/8/2025,9/11/2025,9/12/2025,KBY,BCF1,59.46783,-151.5184,294,Orange,Juvenile,4435,71,49,25,34.435,3.856,,,,,,,,,,,,,,,,,
4,9/8/2025,9/11/2025,9/12/2025,KBY,BCF1,59.46783,-151.5184,294,Orange,Juvenile,4436,57,44,20,22.09,3.666,,,,,,,,,,,,,,,,,
4,9/8/2025,9/11/2025,9/12/2025,KBY,BCF1,59.46783,-151.5184,294,Orange,Juvenile,4437,68,45,19,26.583,4.834,,,,,,,,,,,,,,,,,
4,9/8/2025,9/11/2025,9/12/2025,KBY,BCF1,59.46783,-151.5184,294,Orange,Juvenile,4438,48,36,15,13.366,2.064,,,,,,,,,,,,,,,,,
4,9/8/2025,9/11/2025,9/12/2025,KBY,BCF1,59.46783,-151.5184,294,Orange,Juvenile,4439,80,48,17,30.471,6.813,,,,,,,,,,,,,,,,,
4,9/8/2025,9/11/2025,9/12/2025,KBY,BCF1,59.46783,-151.5184,217,Orange,Juvenile,4440,61,38,23,22.422,2.437,14.421,19.19,EVOS_BCF1_4440-4441_217_9/12/25_Juvenile,,,,,,,,,,,,,,
4,9/8/2025,9/11/2025,9/12/2025,KBY,BCF1,59.46783,-151.5184,217,Orange,Juvenile,4441,58,41,22,22.994,2.647,14.421,19.19,EVOS_BCF1_4440-4441_217_9/12/25_Juvenile,,,,,,,,,,,,,,
4,9/8/2025,9/11/2025,9/12/2025,KBY,BCF1,59.46783,-151.5184,217,Orange,Juvenile,4442,50,56,23,23.837,2.122,14.41,20.9,EVOS_BCF1_4442-4443_217_9/12/25_Juvenile,,,,,,,,,,,,,,
4,9/8/2025,9/11/2025,9/12/2025,KBY,BCF1,59.46783,-151.5184,217,Orange,Juvenile,4443,77,42,17,25.219,4.511,14.41,20.9,EVOS_BCF1_4442-4443_217_9/12/25_Juvenile,,,,,,,,,,,,,,
4,9/8/2025,9/11/2025,9/12/2025,KBY,BCF1,59.46783,-151.5184,217,Orange,Juvenile,4444,66,55,23,26.75,4.394,,,,,,,,,,,,,,,,,
4,9/8/2025,9/11/2025,9/12/2025,KBY,BCF1,59.46783,-151.5184,217,Orange,Juvenile,4445,62,56,17,22.392,2.961,,,,,,,,,,,,,,,,,
4,9/8/2025,9/11/2025,9/12/2025,KBY,BCF1,59.46783,-151.5184,217,Orange,Juvenile,4446,76,54,15,24.315,3.412,,,,,,,,,,,,,,,,,
4,9/8/2025,9/11/2025,9/12/2025,KBY,BCF1,59.46783,-151.5184,217,Orange,Juvenile,4447,63,42,27,28.882,5.91,,,,,,,,,,,,,,,,,
4,9/8/2025,9/11/2025,9/12/2025,KBY,BCF1,59.46783,-151.5184,217,Orange,Juvenile,4448,69,56,23,31.279,4.031,,,,,,,,,,,,,,,,,
4,9/8/2025,9/11/2025,9/12/2025,KBY,BCF1,59.46783,-151.5184,217,Orange,Juvenile,4449,66,42,16,16.676,2.644,,,,,,,,,,,,,,,,,
4,9/8/2025,9/11/2025,9/12/2025,KBY,BCF1,59.46783,-151.5184,292,Orange,Juvenile,4450,61,41,18,23.7,2.464,14.537,23.77,EVOS_BCF1_4450-4451_292_9/12/25_Juvenile,,,,,,,,,,,,,,
4,9/8/2025,9/11/2025,9/12/2025,KBY,BCF1,59.46783,-151.5184,292,Orange,Juvenile,4451,70,51,26,53.743,6.839,14.537,23.777,EVOS_BCF1_4450-4451_292_9/12/25_Juvenile,,,,,,,,,,,,,,
4,9/8/2025,9/11/2025,9/12/2025,KBY,BCF1,59.46783,-151.5184,292,Orange,Juvenile,4452,72,50,22,28.666,5.27,14.619,30.706,EVOS_BCF1_4452-4453_292_9/12/25_Juvenile,,,,,,,,,,,,,,
4,9/8/2025,9/11/2025,9/12/2025,KBY,BCF1,59.46783,-151.5184,292,Orange,Juvenile,4453,84,45,22,48.22,11.011,14.619,30.706,EVOS_BCF1_4452-4453_292_9/12/25_Juvenile,,,,,,,,,,,,,,
4,9/8/2025,9/11/2025,9/12/2025,KBY,BCF1,59.46783,-151.5184,292,Orange,Juvenile,4454,64,47,15,19.47,2.24,,,,,,,,,,,,,,,,,
4,9/8/2025,9/11/2025,9/12/2025,KBY,BCF1,59.46783,-151.5184,292,Orange,Juvenile,4455,70,41,17,18.417,1.903,,,,,,,,,,,,,,,,,
4,9/8/2025,9/11/2025,9/12/2025,KBY,BCF1,59.46783,-151.5184,292,Orange,Juvenile,4456,74,37,15,24.908,2.858,,,,,,,,,,,,,,,,,
4,9/8/2025,9/11/2025,9/12/2025,KBY,BCF1,59.46783,-151.5184,292,Orange,Juvenile,4457,69,42,22,28.708,3.17,,,,,,,,,,,,,,,,,
4,9/8/2025,9/11/2025,9/12/2025,KBY,BCF1,59.46783,-151.5184,292,Orange,Juvenile,4458,71,54,27,44.801,7.017,,,,,,,,,,,,,,,,,
4,9/8/2025,9/11/2025,9/12/2025,KBY,BCF1,59.46783,-151.5184,292,Orange,Juvenile,4459,62,45,18,17.275,2.121,,,,,,,,,,,,,,,,,
4,9/8/2025,9/11/2025,9/12/2025,KBY,BCF1,59.46783,-151.5184,216,Orange,Juvenile,4460,81,58,29,51.257,5.195,14.472,No tube weights written down,EVOS_BCF1_4460-4461_216_9/12/25_Juvenile,,,,,,,,,,,,,,
4,9/8/2025,9/11/2025,9/12/2025,KBY,BCF1,59.46783,-151.5184,216,Orange,Juvenile,4461,91,52,22,39.266,4.916,14.472,No tube weights written down,EVOS_BCF1_4460-4461_216_9/12/25_Juvenile,,,,,,,,,,,,,,
4,9/8/2025,9/11/2025,9/12/2025,KBY,BCF1,59.46783,-151.5184,216,Orange,Juvenile,4462,88,40,22,30.208,3.471,14.454,No tube weights written down,EVOS_BCF1_4462-4463_216_9/12/25_Juvenile,,,,,,,,,,,,,,
4,9/8/2025,9/11/2025,9/12/2025,KBY,BCF1,59.46783,-151.5184,216,Orange,Juvenile,4463,54,44,16,16.052,2.643,14.454,No tube weights written down,EVOS_BCF1_4462-4463_216_9/12/25_Juvenile,,,,,,,,,,,,,,
4,9/8/2025,9/11/2025,9/12/2025,KBY,BCF1,59.46783,-151.5184,216,Orange,Juvenile,4464,84,58,17,38.97,5.518,,,,,,,,,,,,,,,,,
4,9/8/2025,9/11/2025,9/12/2025,KBY,BCF1,59.46783,-151.5184,216,Orange,Juvenile,4465,63,51,31,26.219,3.017,,,,,,,,,,,,,,,,,
4,9/8/2025,9/11/2025,9/12/2025,KBY,BCF1,59.46783,-151.5184,216,Orange,Juvenile,4466,67,38,18,21.458,3.63,,,,,,,,,,,,,,,,,
4,9/8/2025,9/11/2025,9/12/2025,KBY,BCF1,59.46783,-151.5184,216,Orange,Juvenile,4467,55,52,21,24.446,2.743,,,,,,,,,,,,,,,,,
4,9/8/2025,9/11/2025,9/12/2025,KBY,BCF1,59.46783,-151.5184,216,Orange,Juvenile,4468,63,57,19,18.905,3.49,,,,,,,,,,,,,,,,,
4,9/8/2025,9/11/2025,9/12/2025,KBY,BCF1,59.46783,-151.5184,216,Orange,Juvenile,4469,49,39,16,17.316,2.601,,,,,,,,,,,,,,,,,
4,9/8/2025,9/11/2025,9/12/2025,KBY,BCF1,59.46783,-151.5184,293,Orange,Juvenile,4470,77,44,23,35.444,4.495,14.377,21.938,EVOS_BCF1_4470-4471_293_9/12/25_Juvenile,,,,,,,,,,,,,,
4,9/8/2025,9/11/2025,9/12/2025,KBY,BCF1,59.46783,-151.5184,293,Orange,Juvenile,4471,80,54,21,23.407,3.234,14.377,21.938,EVOS_BCF1_4470-4471_293_9/12/25_Juvenile,,,,,,,,,,,,,,
4,9/8/2025,9/11/2025,9/12/2025,KBY,BCF1,59.46783,-151.5184,293,Orange,Juvenile,4472,61,45,27,32.131,4.003,14.355,No tube weights written down,EVOS_BCF1_4472-4473_293_9/12/25_Juvenile,,,,,,,,,,,,,,
4,9/8/2025,9/11/2025,9/12/2025,KBY,BCF1,59.46783,-151.5184,293,Orange,Juvenile,4473,62,49,25,30.598,3.728,14.355,No tube weights written down,EVOS_BCF1_4472-4473_293_9/12/25_Juvenile,,,,,,,,,,,,,,
4,9/8/2025,9/11/2025,9/12/2025,KBY,BCF1,59.46783,-151.5184,293,Orange,Juvenile,4474,81,61,32,56.502,8.317,,,,,,,,,,,,,,,,,
4,9/8/2025,9/11/2025,9/12/2025,KBY,BCF1,59.46783,-151.5184,293,Orange,Juvenile,4475,57,40,17,20.635,2.16,,,,,,,,,,,,,,,,,
4,9/8/2025,9/11/2025,9/12/2025,KBY,BCF1,59.46783,-151.5184,293,Orange,Juvenile,4476,63,41,25,27.515,3.426,,,,,,,,,,,,,,,,,
4,9/8/2025,9/11/2025,9/12/2025,KBY,BCF1,59.46783,-151.5184,293,Orange,Juvenile,4477,55,35,15,16.714,1.846,,,,,,,,,,,,,,,,,
4,9/8/2025,9/11/2025,9/12/2025,KBY,BCF1,59.46783,-151.5184,293,Orange,Juvenile,4478,58,44,18,18.709,2.468,,,,,,,,,,,,,,,,,
4,9/8/2025,9/11/2025,9/12/2025,KBY,BCF1,59.46783,-151.5184,293,Orange,Juvenile,4479,60,51,15,16.278,2.254,,,,,,,,,,,,,,,,,
4,9/8/2025,9/11/2025,9/12/2025,KBY,SSF1,59.46033,-151.51878,212,Orange,Juvenile,4480,70,46,21,31.61,4.945,14.394,23.031,EVOS_SSF1_4480-4481_212_9/12/25_Juvenile,Clean shells (All SSF1 bags),,,,,,,,,,,,,
4,9/8/2025,9/11/2025,9/12/2025,KBY,SSF1,59.46033,-151.51878,212,Orange,Juvenile,4481,71,46,17,23.105,3.901,14.394,23.031,EVOS_SSF1_4480-4481_212_9/12/25_Juvenile,,,,,,,,,,,,,,
4,9/8/2025,9/11/2025,9/12/2025,KBY,SSF1,59.46033,-151.51878,212,Orange,Juvenile,4482,66,39,11,16.653,2.873,14.335,20.515,EVOS_SSF1_4482-4483_212_9/12/25_Juvenile,,,,,,,,,,,,,,
4,9/8/2025,9/11/2025,9/12/2025,KBY,SSF1,59.46033,-151.51878,212,Orange,Juvenile,4483,77,56,20,37.519,7.542,14.335,20.515,EVOS_SSF1_4482-4483_212_9/12/25_Juvenile,,,,,,,,,,,,,,
4,9/8/2025,9/11/2025,9/12/2025,KBY,SSF1,59.46033,-151.51878,212,Orange,Juvenile,4484,74,57,23,29.975,5.302,,,,,,,,,,,,,,,,,
4,9/8/2025,9/11/2025,9/12/2025,KBY,SSF1,59.46033,-151.51878,212,Orange,Juvenile,4485,65,43,16,20.777,3.6,,,,,,,,,,,,,,,,,
4,9/8/2025,9/11/2025,9/12/2025,KBY,SSF1,59.46033,-151.51878,212,Orange,Juvenile,4486,77,38,24,38.223,5.789,,,,,,,,,,,,,,,,,
4,9/8/2025,9/11/2025,9/12/2025,KBY,SSF1,59.46033,-151.51878,212,Orange,Juvenile,4487,77,37,23,27.313,5.05,,,,,,,,,,,,,,,,,
4,9/8/2025,9/11/2025,9/12/2025,KBY,SSF1,59.46033,-151.51878,212,Orange,Juvenile,4488,87,51,24,45.097,7.123,,,,,,,,,,,,,,,,,
4,9/8/2025,9/11/2025,9/12/2025,KBY,SSF1,59.46033,-151.51878,212,Orange,Juvenile,4489,74,45,24,41.68,8.161,,,,,,,,,,,,,,,,,
4,9/8/2025,9/11/2025,9/12/2025,KBY,SSF1,59.46033,-151.51878,211,Orange,Juvenile,4490,96,64,18,51.017,7.241,14.295,25.454,EVOS_SSF1_4490-4491_211_9/12/25_Juvenile,,,,,,,,,,,,,,
4,9/8/2025,9/11/2025,9/12/2025,KBY,SSF1,59.46033,-151.51878,211,Orange,Juvenile,4491,69,48,17,23.779,4.16,14.295,25.454,EVOS_SSF1_4490-4491_211_9/12/25_Juvenile,,,,,,,,,,,,,,
4,9/8/2025,9/11/2025,9/12/2025,KBY,SSF1,59.46033,-151.51878,211,Orange,Juvenile,4492,83,48,14,41.307,6.869,14.175,24.805,EVOS_SSF1_4492-4493_211_9/12/25_Juvenile,,,,,,,,,,,,,,
4,9/8/2025,9/11/2025,9/12/2025,KBY,SSF1,59.46033,-151.51878,211,Orange,Juvenile,4493,71,52,18,20.824,3.997,14.175,24.805,EVOS_SSF1_4492-4493_211_9/12/25_Juvenile,,,,,,,,,,,,,,
4,9/8/2025,9/11/2025,9/12/2025,KBY,SSF1,59.46033,-151.51878,211,Orange,Juvenile,4494,65,39,28,25.189,2.676,,,,,,,,,,,,,,,,,
4,9/8/2025,9/11/2025,9/12/2025,KBY,SSF1,59.46033,-151.51878,211,Orange,Juvenile,4495,63,52,22,27.63,3.239,,,,,,,,,,,,,,,,,
4,9/8/2025,9/11/2025,9/12/2025,KBY,SSF1,59.46033,-151.51878,211,Orange,Juvenile,4496,70,30,17,13.103,2.942,,,,,,,,,,,,,,,,,
4,9/8/2025,9/11/2025,9/12/2025,KBY,SSF1,59.46033,-151.51878,211,Orange,Juvenile,4497,101,56,17,44.191,7.512,,,,,,,,,,,,,,,,,
4,9/8/2025,9/11/2025,9/12/2025,KBY,SSF1,59.46033,-151.51878,211,Orange,Juvenile,4498,67,38,15,17.423,1.794,,,,,,,,,,,,,,,,,
4,9/8/2025,9/11/2025,9/12/2025,KBY,SSF1,59.46033,-151.51878,211,Orange,Juvenile,4499,62,35,19,23.756,4.011,,,,,,,,,,,,,,,,,
4,9/8/2025,9/11/2025,9/12/2025,KBY,SSF1,59.46033,-151.51878,235,Orange,Juvenile,4500,58,55,17,25.994,3.011,14.411,21.406,EVOS_SSF1_4500-4501_235_9/12/25_Juvenile,,,,,,,,,,,,,,
4,9/8/2025,9/11/2025,9/12/2025,KBY,SSF1,59.46033,-151.51878,235,Orange,Juvenile,4501,60,44,22,24.552,4.15,14.411,21.406,EVOS_SSF1_4500-4501_235_9/12/25_Juvenile,,,,,,,,,,,,,,
4,9/8/2025,9/11/2025,9/12/2025,KBY,SSF1,59.46033,-151.51878,235,Orange,Juvenile,4502,66,43,17,23.222,4.582,14.386,23.337,EVOS_SSF1_4502-4503_235_9/12/25_Juvenile,,,,,,,,,,,,,,
4,9/8/2025,9/11/2025,9/12/2025,KBY,SSF1,59.46033,-151.51878,235,Orange,Juvenile,4503,80,47,18,29.075,4.46,14.386,23.337,EVOS_SSF1_4502-4503_235_9/12/25_Juvenile,,,,,,,,,,,,,,
4,9/8/2025,9/11/2025,9/12/2025,KBY,SSF1,59.46033,-151.51878,235,Orange,Juvenile,4504,84,52,31,42.339,6.435,,,,,,,,,,,,,,,,,
4,9/8/2025,9/11/2025,9/12/2025,KBY,SSF1,59.46033,-151.51878,235,Orange,Juvenile,4505,68,46,18,25.443,4.37,,,,,,,,,,,,,,,,,
4,9/8/2025,9/11/2025,9/12/2025,KBY,SSF1,59.46033,-151.51878,235,Orange,Juvenile,4506,54,56,15,18.061,2.492,,,,,,,,,,,,,,,,,
4,9/8/2025,9/11/2025,9/12/2025,KBY,SSF1,59.46033,-151.51878,235,Orange,Juvenile,4507,66,47,15,18.576,3.709,,,,,,,,,,,,,,,,,
4,9/8/2025,9/11/2025,9/12/2025,KBY,SSF1,59.46033,-151.51878,235,Orange,Juvenile,4508,69,36,24,30.862,4.354,,,,,,,,,,,,,,,,,
4,9/8/2025,9/11/2025,9/12/2025,KBY,SSF1,59.46033,-151.51878,235,Orange,Juvenile,4509,56,48,16,17.083,2.951,,,,,,,,,,,,,,,,,
4,9/8/2025,9/11/2025,9/12/2025,KBY,SSF1,59.46033,-151.51878,236,Orange,Juvenile,4510,74,45,21,27.059,4.337,14.358,23.21,EVOS_SSF1_4510-4511_236_9/12/25_Juvenile,,,,,,,,,,,,,,
4,9/8/2025,9/11/2025,9/12/2025,KBY,SSF1,59.46033,-151.51878,236,Orange,Juvenile,4511,79,36,20,29.174,4.768,14.358,23.21,EVOS_SSF1_4510-4511_236_9/12/25_Juvenile,,,,,,,,,,,,,,
4,9/8/2025,9/11/2025,9/12/2025,KBY,SSF1,59.46033,-151.51878,236,Orange,Juvenile,4512,50,31,10,11.455,1.899,14.288,17.849,EVOS_SSF1_4512-4513_236_9/12/25_Juvenile,,,,,,,,,,,,,,
4,9/8/2025,9/11/2025,9/12/2025,KBY,SSF1,59.46033,-151.51878,236,Orange,Juvenile,4513,52,43,18,13.059,1.794,14.288,17.849,EVOS_SSF1_4512-4513_236_9/12/25_Juvenile,,,,,,,,,,,,,,
4,9/8/2025,9/11/2025,9/12/2025,KBY,SSF1,59.46033,-151.51878,236,Orange,Juvenile,4514,68,41,18,25.918,3.436,,,,,,,,,,,,,,,,,
4,9/8/2025,9/11/2025,9/12/2025,KBY,SSF1,59.46033,-151.51878,236,Orange,Juvenile,4515,75,44,21,32.834,6.585,,,,,,,,,,,,,,,,,
4,9/8/2025,9/11/2025,9/12/2025,KBY,SSF1,59.46033,-151.51878,236,Orange,Juvenile,4516,63,50,21,25.121,4.529,,,,,,,,,,,,,,,,,
4,9/8/2025,9/11/2025,9/12/2025,KBY,SSF1,59.46033,-151.51878,236,Orange,Juvenile,4517,74,44,22,28.542,5.665,,,,,,,,,,,,,,,,,
4,9/8/2025,9/11/2025,9/12/2025,KBY,SSF1,59.46033,-151.51878,236,Orange,Juvenile,4518,72,43,21,24.345,3.798,,,,,,,,,,,,,,,,,
4,9/8/2025,9/11/2025,9/12/2025,KBY,SSF1,59.46033,-151.51878,236,Orange,Juvenile,4519,69,51,21,25.597,4.208,,,,,,,,,,,,,,,,,
4,9/8/2025,9/11/2025,9/12/2025,KBY,SSF1,59.46033,-151.51878,210,Orange,Juvenile,4520,67,45,20,26.607,4.212,14.347,23.33,EVOS_SSF1_4520-4521_210_9/12/25_Juvenile,Clean shells (all SSF1 bags),,,,,,,,,,,,,
4,9/8/2025,9/11/2025,9/12/2025,KBY,SSF1,59.46033,-151.51878,210,Orange,Juvenile,4521,62,53,21,34.041,4.711,14.347,23.33,EVOS_SSF1_4520-4521_210_9/12/25_Juvenile,,,,,,,,,,,,,,
4,9/8/2025,9/11/2025,9/12/2025,KBY,SSF1,59.46033,-151.51878,210,Orange,Juvenile,4522,80,49,27,36.444,7.163,14.393,27.591,EVOS_SSF1_4522-4523_210_9/12/25_Juvenile,,,,,,,,,,,,,,
4,9/8/2025,9/11/2025,9/12/2025,KBY,SSF1,59.46033,-151.51878,210,Orange,Juvenile,4523,70,48,20,29.071,6.002,14.393,27.591,EVOS_SSF1_4522-4523_210_9/12/25_Juvenile,,,,,,,,,,,,,,
4,9/8/2025,9/11/2025,9/12/2025,KBY,SSF1,59.46033,-151.51878,210,Orange,Juvenile,4524,55,41,21,17.756,2.795,,,,,,,,,,,,,,,,,
4,9/8/2025,9/11/2025,9/12/2025,KBY,SSF1,59.46033,-151.51878,210,Orange,Juvenile,4525,56,50,19,15.62,2.259,,,,,,,,,,,,,,,,,
4,9/8/2025,9/11/2025,9/12/2025,KBY,SSF1,59.46033,-151.51878,210,Orange,Juvenile,4526,80,49,18,22.585,3.454,,,,,,,,,,,,,,,,,
4,9/8/2025,9/11/2025,9/12/2025,KBY,SSF1,59.46033,-151.51878,210,Orange,Juvenile,4527,75,55,27,39.108,5.556,,,,,,,,,,,,,,,,,
4,9/8/2025,9/11/2025,9/12/2025,KBY,SSF1,59.46033,-151.51878,210,Orange,Juvenile,4528,73,45,19,23.437,2.867,,,,,,,,,,,,,,,,,
4,9/8/2025,9/11/2025,9/12/2025,KBY,SSF1,59.46033,-151.51878,210,Orange,Juvenile,4529,72,52,18,28.438,4.748,,,,,,,,,,,,,,,,,
4,9/8/2025,9/11/2025,9/12/2025,KBY,SSF1,59.46033,-151.51878,234,Orange,Juvenile,4530,60,49,16,16.78,2.412,14.298,21.863,EVOS_SSF1_4530-4531_234_9/12/25_Juvenile,,,,,,,,,,,,,,
4,9/8/2025,9/11/2025,9/12/2025,KBY,SSF1,59.46033,-151.51878,234,Orange,Juvenile,4531,84,60,20,31.548,5.196,14.298,21.863,EVOS_SSF1_4530-4531_234_9/12/25_Juvenile,,,,,,,,,,,,,,
4,9/8/2025,9/11/2025,9/12/2025,KBY,SSF1,59.46033,-151.51878,234,Orange,Juvenile,4532,59,44,22,18.442,2.88,14.367,21.302,EVOS_SSF1_4532-4533_234_9/12/25_Juvenile,,,,,,,,,,,,,,
4,9/8/2025,9/11/2025,9/12/2025,KBY,SSF1,59.46033,-151.51878,234,Orange,Juvenile,4533,69,47,23,30.187,4.074,14.367,21.302,EVOS_SSF1_4532-4533_234_9/12/25_Juvenile,,,,,,,,,,,,,,
4,9/8/2025,9/11/2025,9/12/2025,KBY,SSF1,59.46033,-151.51878,234,Orange,Juvenile,4534,79,65,20,30.611,4.025,,,,,,,,,,,,,,,,,
4,9/8/2025,9/11/2025,9/12/2025,KBY,SSF1,59.46033,-151.51878,234,Orange,Juvenile,4535,80,46,18,25.63,3.972,,,,,,,,,,,,,,,,,
4,9/8/2025,9/11/2025,9/12/2025,KBY,SSF1,59.46033,-151.51878,234,Orange,Juvenile,4536,65,42,21,26.845,4.126,,,,,,,,,,,,,,,,,
4,9/8/2025,9/11/2025,9/12/2025,KBY,SSF1,59.46033,-151.51878,234,Orange,Juvenile,4537,94,40,19,33.269,4.385,,,,,,,,,,,,,,,,,
4,9/8/2025,9/11/2025,9/12/2025,KBY,SSF1,59.46033,-151.51878,234,Orange,Juvenile,4538,68,37,21,29.037,4.006,,,,,,,,,,,,,,,,,
4,9/8/2025,9/11/2025,9/12/2025,KBY,SSF1,59.46033,-151.51878,234,Orange,Juvenile,4539,68,44,17,19.171,2.337,,,,,,,,,,,,,,,,,
